date,SPY,EFA,TLT,LQD,GLD,USO,UUP,BTC-USD
2021-05-28,392.3101806640625,69.19850158691406,117.24803924560547,108.74871826171875,178.3800048828125,45.41999816894531,20.880083084106445,35697.60546875
2021-06-01,391.9647216796875,69.44678497314453,117.2218017578125,108.76280975341797,177.89999389648438,46.33000183105469,20.845596313476562,36684.92578125
2021-06-02,392.5810546875,69.67792510986328,117.49314880371094,108.9365234375,178.77000427246094,46.900001525878906,20.845596313476562,37575.1796875
2021-06-03,391.1240539550781,69.3354721069336,117.0521469116211,108.5063247680664,175.27000427246094,46.970001220703125,20.97491455078125,39208.765625
2021-06-04,394.7012023925781,69.92618560791016,118.65510559082031,109.27567291259766,177.16000366210938,47.2599983215332,20.89732551574707,36894.40625
2021-06-07,394.31817626953125,70.1573257446289,118.29045867919922,109.18470764160156,177.8699951171875,47.27000045776367,20.86284065246582,33560.70703125
2021-06-08,394.40234375,70.12310028076172,119.12157440185547,109.59830474853516,177.32000732421875,47.880001068115234,20.888702392578125,33472.6328125
2021-06-09,393.81390380859375,69.93473815917969,120.17327117919922,109.99542999267578,176.97999572753906,47.58000183105469,20.905946731567383,37345.12109375
2021-06-10,395.64459228515625,70.12739562988281,120.89421081542969,110.49176788330078,177.74000549316406,47.83000183105469,20.888702392578125,36702.59765625
2021-06-11,396.29833984375,70.29228210449219,120.69913482666016,110.58280944824219,175.74000549316406,48.06999969482422,20.992155075073242,37334.3984375
2021-06-14,397.18560791015625,70.41377258300781,119.77465057373047,110.17744445800781,174.7100067138672,48.31999969482422,20.97491455078125,40218.4765625
2021-06-15,396.45709228515625,70.50054931640625,119.63050842285156,110.26014709472656,174.0500030517578,48.97999954223633,20.992155075073242,40406.26953125
2021-06-16,394.24346923828125,70.066650390625,119.52867889404297,109.94578552246094,171.11000061035156,48.75,21.164575576782227,38347.0625
2021-06-17,394.1127624511719,69.58069610595703,121.31828308105469,110.55797576904297,165.85000610351562,48.040000915527344,21.3283748626709,38053.50390625
2021-06-18,388.79608154296875,68.14012145996094,123.59976196289062,111.13710021972656,164.92999267578125,48.36000061035156,21.3973445892334,35787.24609375
2021-06-21,394.362060546875,69.03397369384766,121.53028869628906,110.49176788330078,166.9499969482422,49.36000061035156,21.29388999938965,31676.693359375
2021-06-22,396.4703674316406,69.04263305664062,121.82717895507812,110.67378997802734,166.25,49.41999816894531,21.25940704345703,32505.66015625
2021-06-23,395.99249267578125,68.60005950927734,121.51335144042969,110.50009155273438,166.13999938964844,49.720001220703125,21.29388999938965,33723.02734375
2021-06-24,398.3350830078125,69.25959777832031,121.70842742919922,110.71516418457031,166.0399932861328,49.84000015258789,21.276649475097656,34662.4375
2021-06-25,399.75,69.40711975097656,120.44468688964844,110.4255599975586,166.58999633789062,50.25,21.2852725982666,31637.779296875
2021-06-28,400.5558166503906,68.96454620361328,121.6829833984375,110.8971939086914,166.5800018310547,49.540000915527344,21.29388999938965,34434.3359375
2021-06-29,400.7713928222656,68.98188781738281,121.88655853271484,111.02952575683594,164.8300018310547,49.88999938964844,21.345617294311523,35867.77734375
2021-06-30,401.1087951660156,68.45252990722656,122.42939758300781,111.15361785888672,165.6300048828125,49.880001068115234,21.405961990356445,35040.8359375
2021-07-01,403.32952880859375,68.6174087524414,122.4361572265625,111.05667114257812,166.1999969482422,50.619998931884766,21.466310501098633,33572.1171875
2021-07-02,406.41241455078125,68.85173034667969,123.17496490478516,111.37159729003906,167.2899932861328,50.93000030517578,21.380102157592773,33897.046875
2021-07-06,405.6720886230469,68.40046691894531,124.6187744140625,111.77774047851562,168.1199951171875,49.900001525878906,21.45768928527832,34235.1953125
2021-07-07,407.1058044433594,68.77362060546875,125.72274780273438,112.15901184082031,168.75999450683594,48.65999984741211,21.49217414855957,33855.328125
2021-07-08,403.7886962890625,67.88846588134766,126.21527862548828,112.21703338623047,168.64999389648438,49.52000045776367,21.405961990356445,32877.37109375
2021-07-09,408.0990295410156,69.04263305664062,124.44033813476562,111.74459838867188,169.2100067138672,50.40999984741211,21.35424041748047,33798.01171875
2021-07-12,409.560791015625,69.33770751953125,124.27902221679688,111.68658447265625,169.0,50.310001373291016,21.380102157592773,33155.84765625
2021-07-13,408.1646423339844,68.97322082519531,123.32785034179688,111.27215576171875,169.22000122070312,51.150001525878906,21.509416580200195,32702.025390625
2021-07-14,408.7736511230469,69.12943267822266,124.72914123535156,111.78601837158203,171.0399932861328,49.70000076293945,21.405961990356445,32822.34765625
2021-07-15,407.37750244140625,68.46990203857422,126.1048812866211,112.02641296386719,171.07000732421875,49.040000915527344,21.466310501098633,31780.73046875
2021-07-16,404.1821594238281,67.966552734375,125.8670654296875,111.86893463134766,169.41000366210938,49.13999938964844,21.49217414855957,31421.5390625
2021-07-19,398.21331787109375,66.7342758178711,128.62718200683594,112.67288208007812,169.61000061035156,45.84000015258789,21.52665901184082,30817.83203125
2021-07-20,403.9197998046875,67.22024536132812,127.38724517822266,112.5154037475586,169.38999938964844,46.5099983215332,21.552520751953125,29807.34765625
2021-07-21,407.190185546875,68.24427032470703,125.77369689941406,112.11756896972656,168.75999450683594,48.27000045776367,21.500795364379883,32110.693359375
2021-07-22,408.0428466796875,68.27029418945312,126.96261596679688,112.5816879272461,169.08999633789062,49.16999816894531,21.52665901184082,32313.10546875
2021-07-23,412.2406921386719,68.74759674072266,126.11335754394531,112.53199005126953,168.55999755859375,49.470001220703125,21.5352783203125,33581.55078125
2021-07-26,413.2527160644531,68.8430404663086,125.73974609375,112.28330993652344,168.16000366210938,49.66999816894531,21.466310501098633,37337.53515625
2021-07-27,411.36932373046875,68.56535339355469,127.08147430419922,112.76408386230469,168.44000244140625,49.470001220703125,21.431827545166016,39406.94140625
2021-07-28,411.20062255859375,68.86041259765625,127.0899887084961,112.96298217773438,169.2899932861328,49.720001220703125,21.37148094177246,39995.90625
2021-07-29,412.9059753417969,69.33770751953125,126.3851547241211,112.63975524902344,171.1699981689453,50.63999938964844,21.29388999938965,40008.421875
2021-07-30,410.90081787109375,68.98188781738281,126.97960662841797,112.73091125488281,169.82000732421875,50.65999984741211,21.35424041748047,42235.546875
2021-08-02,410.0387268066406,69.32901763916016,128.11216735839844,113.05719757080078,169.61000061035156,49.18000030517578,21.3283748626709,39201.9453125
2021-08-03,413.37457275390625,69.82366180419922,128.1802215576172,113.17346954345703,169.49000549316406,48.849998474121094,21.336994171142578,38152.98046875
2021-08-04,411.3411865234375,69.61539459228516,128.44383239746094,113.19841003417969,169.52999877929688,47.20000076293945,21.37148094177246,39747.50390625
2021-08-05,413.9461669921875,69.9538345336914,127.78904724121094,112.7333984375,168.86000061035156,48.099998474121094,21.37148094177246,40869.5546875
2021-08-06,414.63018798828125,69.69348907470703,125.65483093261719,111.81175994873047,164.63999938964844,47.56999969482422,21.49217414855957,42816.5
2021-08-09,414.2928161621094,69.6587905883789,125.20425415039062,111.3301773071289,161.72000122070312,46.599998474121094,21.5352783203125,46365.40234375
2021-08-10,414.80828857421875,69.81498718261719,124.62600708007812,111.0810546875,161.77000427246094,47.68000030517578,21.552520751953125,45585.03125
2021-08-11,415.8389892578125,70.29228210449219,124.54951477050781,111.25544738769531,164.0,48.29999923706055,21.509416580200195,45593.63671875
2021-08-12,417.0852355957031,70.23153686523438,124.34550476074219,111.41316223144531,164.0399932861328,48.099998474121094,21.5352783203125,44428.2890625
2021-08-13,417.8442687988281,70.65675354003906,126.30964660644531,112.16044616699219,166.38999938964844,47.43000030517578,21.431827545166016,47793.3203125
2021-08-16,418.828125,70.29228210449219,126.61578369140625,112.22692108154297,167.22000122070312,47.040000915527344,21.449068069458008,46004.484375
2021-08-17,416.08258056640625,69.63274383544922,126.5647201538086,112.02764892578125,166.97000122070312,46.58000183105469,21.578384399414062,44695.359375
2021-08-18,411.5285339355469,69.36373138427734,126.9898452758789,111.95293426513672,167.10000610351562,45.400001525878906,21.578384399414062,44801.1875
2021-08-19,412.1658020019531,68.67816162109375,127.92510223388672,112.21026611328125,166.61000061035156,44.77000045776367,21.68183708190918,46717.578125
2021-08-20,415.4454040527344,68.94717407226562,128.0101318359375,112.28500366210938,166.6999969482422,43.43000030517578,21.655975341796875,49339.17578125
2021-08-23,419.099853515625,69.58935546875,127.92510223388672,112.36808013916016,168.72999572753906,45.849998474121094,21.52665901184082,49546.1484375
2021-08-24,419.7651672363281,69.73689270019531,126.93028259277344,112.11063385009766,168.64999389648438,47.369998931884766,21.509416580200195,47706.1171875
2021-08-25,420.64599609375,69.76292419433594,125.87592315673828,111.82003784179688,167.47999572753906,47.810001373291016,21.49217414855957,48960.7890625
2021-08-26,418.1628112792969,69.39845275878906,126.22457122802734,111.78685760498047,167.6699981689453,47.47999954223633,21.552520751953125,46942.21875
2021-08-27,421.90155029296875,70.03193664550781,127.08338928222656,112.40957641601562,170.19000244140625,48.150001525878906,21.45768928527832,49058.66796875
2021-08-30,423.7570495605469,70.01457977294922,127.41494750976562,112.60057067871094,169.35000610351562,48.400001525878906,21.45768928527832,47054.984375
2021-08-31,423.12908935546875,69.97987365722656,126.54764556884766,112.34315490722656,169.69000244140625,48.040000915527344,21.45768928527832,47166.6875
2021-09-01,423.35400390625,70.61337280273438,126.75967407226562,112.48788452148438,169.6999969482422,47.93000030517578,21.41458511352539,48847.02734375
2021-09-02,424.6565246582031,70.8997573852539,127.31305694580078,112.68749237060547,169.25,48.95000076293945,21.362857818603516,49327.72265625
2021-09-03,424.5534362792969,71.22084045410156,126.15521240234375,112.27996826171875,171.05999755859375,48.65999984741211,21.319753646850586,50025.375
2021-09-07,423.035400390625,71.27289581298828,125.09095001220703,111.74762725830078,167.7100067138672,48.040000915527344,21.423206329345703,46811.12890625
2021-09-08,422.52001953125,70.7088394165039,125.94234466552734,112.1052474975586,167.2899932861328,48.59000015258789,21.45768928527832,46091.390625
2021-09-09,420.7115478515625,70.58733367919922,127.46627044677734,112.83721160888672,168.02999877929688,47.75,21.405961990356445,46391.421875
2021-09-10,417.3945007324219,70.43113708496094,126.34246826171875,112.51282501220703,167.17999267578125,48.79999923706055,21.440448760986328,44883.91015625
2021-09-13,418.462646484375,70.98652648925781,127.10871887207031,112.78732299804688,167.74000549316406,49.47999954223633,21.440448760986328,44963.07421875
2021-09-14,416.2044372558594,70.69147491455078,128.649658203125,113.12832641601562,168.82000732421875,49.310001373291016,21.440448760986328,47092.4921875
2021-09-15,419.68084716796875,70.8997573852539,128.1984405517578,112.99529266357422,167.8300018310547,50.689998626708984,21.3973445892334,48176.34765625
2021-09-16,419.0155334472656,70.78694152832031,127.61102294921875,112.83721160888672,164.02999877929688,50.70000076293945,21.49217414855957,47783.359375
2021-09-17,414.9338684082031,69.8583755493164,126.9980239868164,112.58767700195312,163.77000427246094,50.31999969482422,21.56976318359375,47267.51953125
2021-09-20,408.0152282714844,68.56535339355469,128.5730743408203,112.93701171875,164.94000244140625,49.599998474121094,21.578384399414062,42843.80078125
2021-09-21,407.6297302246094,69.24224853515625,128.4623565673828,112.92874145507812,166.0399932861328,49.58000183105469,21.561141967773438,40693.67578125
2021-09-22,411.6061706542969,69.58935546875,129.2285919189453,113.24482727050781,165.4199981689453,50.47999954223633,21.62148666381836,43574.5078125
2021-09-23,416.6072082519531,70.34434509277344,126.30841827392578,112.46296691894531,163.50999450683594,51.380001068115234,21.5352783203125,44895.09765625
2021-09-24,417.2934265136719,69.684814453125,125.07392120361328,112.22174072265625,163.3000030517578,51.81999969482422,21.595624923706055,42839.75
2021-09-27,416.0995178222656,69.64143371582031,124.61421203613281,112.16346740722656,163.63999938964844,52.90999984741211,21.62148666381836,42235.73046875
2021-09-28,407.71441650390625,68.12277221679688,122.67315673828125,110.9657974243164,162.0500030517578,52.400001525878906,21.699077606201172,41034.54296875
2021-09-29,408.4006042480469,67.966552734375,122.88594055175781,110.94083404541016,161.32000732421875,52.31999969482422,21.85425567626953,41564.36328125
2021-09-30,403.4090270996094,67.69755554199219,122.868896484375,110.6496810913086,164.22000122070312,52.560001373291016,21.819772720336914,43790.89453125
2021-10-01,408.2032470703125,67.8624267578125,123.90299224853516,111.45391082763672,164.58999633789062,53.2599983215332,21.77666664123535,48116.94140625
2021-10-04,402.93902587890625,67.15082550048828,123.5875244140625,111.2705307006836,165.36000061035156,54.4900016784668,21.707700729370117,49112.90234375
2021-10-05,407.13153076171875,67.61075592041016,122.39408874511719,110.81217956542969,164.58999633789062,55.630001068115234,21.750804901123047,51514.8125
2021-10-06,408.8236083984375,67.15950012207031,123.08460998535156,110.84552764892578,165.02999877929688,54.15999984741211,21.81114959716797,55361.44921875
2021-10-07,412.35821533203125,67.68019104003906,121.79743194580078,110.35382843017578,164.16000366210938,55.36000061035156,21.802532196044922,53805.984375
2021-10-08,411.6061706542969,67.67151641845703,120.94500732421875,109.84550476074219,164.22999572753906,55.470001220703125,21.785287857055664,53967.84765625
2021-10-11,408.626220703125,67.45455169677734,120.63804626464844,109.63714599609375,163.9199981689453,56.18000030517578,21.84563446044922,57484.7890625
2021-10-12,407.62042236328125,67.48927307128906,122.70099639892578,110.33719635009766,164.66000366210938,56.11000061035156,21.87150001525879,56041.05859375
2021-10-13,409.0867919921875,68.15748596191406,123.8944320678711,110.89552307128906,167.58999633789062,56.15999984741211,21.750804901123047,57401.09765625
2021-10-14,415.96795654296875,68.83436584472656,124.35472869873047,111.4205322265625,168.0,56.810001373291016,21.750804901123047,57321.5234375
2021-10-15,419.1358337402344,69.40711975097656,123.63017272949219,111.0205078125,165.3300018310547,57.150001525878906,21.724943161010742,61593.94921875
2021-10-18,420.3767395019531,69.112060546875,124.2098617553711,110.92887115478516,164.9199981689453,56.959999084472656,21.73356056213379,62026.078125
2021-10-19,423.619873046875,69.52861022949219,122.49641418457031,110.32051849365234,165.4499969482422,57.41999816894531,21.68183708190918,64261.9921875
2021-10-20,425.28375244140625,69.77159881591797,121.66951751708984,110.05384063720703,166.89999389648438,58.119998931884766,21.64735221862793,65992.8359375
2021-10-21,426.3930358886719,69.44183349609375,121.52458190917969,109.82046508789062,166.75,57.40999984741211,21.699077606201172,62210.171875
2021-10-22,425.951171875,69.8583755493164,122.86299133300781,110.26216125488281,167.77000427246094,58.029998779296875,21.655975341796875,60692.265625
2021-10-25,428.2354736328125,69.71954345703125,122.67543029785156,110.31217956542969,168.92999267578125,57.83000183105469,21.69045639038086,63039.82421875
2021-10-26,428.6208801269531,69.8583755493164,123.68986511230469,110.78719329833984,167.67999267578125,58.45000076293945,21.73356056213379,60363.79296875
2021-10-27,426.72198486328125,69.58069610595703,125.94029235839844,111.46221923828125,168.1199951171875,56.900001525878906,21.724943161010742,58482.38671875
2021-10-28,430.83935546875,70.25756072998047,125.5140380859375,111.29552459716797,168.0800018310547,57.400001525878906,21.595624923706055,60622.13671875
2021-10-29,431.713623046875,69.8497085571289,125.89765930175781,111.23714447021484,166.64999389648438,57.150001525878906,21.768047332763672,62227.96484375
2021-11-01,432.4562683105469,70.5265884399414,124.99117279052734,111.03845977783203,167.52000427246094,57.529998779296875,21.699077606201172,61004.40625
2021-11-02,434.2046203613281,70.37905883789062,125.5459976196289,111.46431732177734,167.16000366210938,57.529998779296875,21.750804901123047,63226.40234375
2021-11-03,436.8556823730469,70.95182037353516,124.24862670898438,111.180419921875,165.77000427246094,55.34000015258789,21.699077606201172,62970.046875
2021-11-04,438.9143371582031,70.90841674804688,125.55459594726562,111.76493072509766,167.64999389648438,54.91999816894531,21.81114959716797,61452.23046875
2021-11-05,440.43719482421875,71.01256561279297,127.43230438232422,112.583251953125,169.83999633789062,56.54999923706055,21.79391098022461,61125.67578125
2021-11-08,440.8132019042969,71.0038833618164,127.19335174560547,112.32438659667969,170.4499969482422,57.09000015258789,21.750804901123047,67566.828125
2021-11-09,439.3560791015625,70.84767150878906,128.8491668701172,112.62499237060547,171.2899932861328,57.970001220703125,21.724943161010742,66971.828125
2021-11-10,435.82159423828125,69.98856353759766,126.49347686767578,111.47269439697266,173.14999389648438,56.31999969482422,21.957706451416016,64995.23046875
2021-11-11,435.9625244140625,70.24022674560547,126.30565643310547,111.15536499023438,174.1199951171875,56.220001220703125,22.00943374633789,64949.9609375
2021-11-12,439.2527160644531,70.62205505371094,125.75084686279297,111.03845977783203,174.4499969482422,55.97999954223633,21.983572006225586,64155.94140625
2021-11-15,439.40313720703125,70.49188232421875,124.17179107666016,110.19513702392578,174.17999267578125,56.06999969482422,22.104265213012695,63557.87109375
2021-11-16,441.1422119140625,70.33567810058594,123.85602569580078,110.01141357421875,172.9199981689453,56.20000076293945,22.190475463867188,60161.24609375
2021-11-17,440.0705871582031,70.24889373779297,124.83760833740234,110.4539566040039,174.5,55.0,22.147371292114258,60368.01171875
2021-11-18,441.5652770996094,70.31831359863281,125.30703735351562,110.70450592041016,173.94000244140625,55.54999923706055,22.087024688720703,56942.13671875
2021-11-19,440.775634765625,69.71954345703125,126.62997436523438,111.1219711303711,172.61000061035156,53.779998779296875,22.1990966796875,58119.578125
2021-11-22,439.5347900390625,69.3116683959961,125.14484405517578,110.15336608886719,168.74000549316406,54.45000076293945,22.311168670654297,56289.2890625
2021-11-23,440.1175842285156,69.24224853515625,123.33535766601562,109.36846160888672,167.27999877929688,56.20000076293945,22.302549362182617,57569.07421875
2021-11-24,441.2926025390625,68.78229522705078,125.3155746459961,109.89452362060547,167.1199951171875,55.880001068115234,22.38875961303711,56280.42578125
2021-11-26,431.450439453125,66.93386840820312,128.48219299316406,110.7879867553711,166.85000610351562,49.630001068115234,22.216339111328125,53569.765625
2021-11-29,436.7428283691406,67.27233123779297,127.44944763183594,110.86312103271484,166.6199951171875,50.16999816894531,22.259443283081055,57806.56640625
2021-11-30,428.2448425292969,66.68222045898438,129.38693237304688,111.10526275634766,165.5,47.90999984741211,22.15599250793457,57005.42578125
2021-12-01,423.4882507324219,66.3003921508789,130.18502807617188,111.12117004394531,166.16000366210938,47.040000915527344,22.216339111328125,57229.828125
2021-12-02,429.974609375,67.12478637695312,130.3474578857422,111.3804702758789,165.24000549316406,48.290000915527344,22.224960327148438,56477.81640625
2021-12-03,426.2332458496094,66.84709930419922,131.9027862548828,112.30902099609375,166.6300048828125,48.0,22.216339111328125,53598.24609375
2021-12-06,431.28118896484375,67.48927307128906,130.091064453125,111.74018859863281,166.22000122070312,50.5099983215332,22.250822067260742,50582.625
2021-12-07,440.2021789550781,68.91248321533203,129.03997802734375,111.79033660888672,166.80999755859375,51.59000015258789,22.259443283081055,50700.0859375
2021-12-08,441.3678283691406,69.04263305664062,126.80950927734375,111.0458755493164,166.89999389648438,52.41999816894531,22.15599250793457,50504.796875
2021-12-09,438.387939453125,68.46990203857422,127.51879119873047,110.95387268066406,165.8800048828125,51.02000045776367,22.23358154296875,47672.12109375
2021-12-10,442.5146789550781,68.6174087524414,127.21121215820312,111.079345703125,166.5800018310547,52.029998779296875,22.1990966796875,47243.3046875
2021-12-13,438.5947265625,67.97465515136719,129.09121704101562,111.58124542236328,167.0,51.439998626708984,22.268064498901367,46737.48046875
2021-12-14,435.5771789550781,67.61267852783203,128.78359985351562,111.079345703125,165.44000244140625,50.91999816894531,22.311168670654297,46612.6328125
2021-12-15,442.383056640625,68.53089141845703,127.54447174072266,111.22156524658203,166.14999389648438,51.619998931884766,22.276687622070312,48896.72265625
2021-12-16,438.48193359375,68.53971862792969,127.59404754638672,111.21820068359375,168.16000366210938,51.869998931884766,22.181854248046875,47665.42578125
2021-12-17,433.8152160644531,67.67447662353516,129.03994750976562,111.47802734375,167.8000030517578,50.779998779296875,22.337032318115234,46202.14453125
2021-12-20,429.2022705078125,67.5243911743164,128.0731658935547,110.99190521240234,167.08999633789062,49.900001525878906,22.311168670654297,46880.27734375
2021-12-21,436.82452392578125,68.27485656738281,127.58549499511719,111.20983123779297,167.02000427246094,51.56999969482422,22.285306930541992,48936.61328125
2021-12-22,441.1921081542969,68.9105453491211,128.1758575439453,111.38582611083984,168.58999633789062,52.47999954223633,22.1990966796875,48628.51171875
2021-12-23,443.937255859375,69.3166732788086,127.0636215209961,111.21820068359375,168.97000122070312,53.130001068115234,22.181854248046875,50784.5390625
2021-12-27,450.2199401855469,69.85525512695312,127.37165069580078,111.5450668334961,169.3699951171875,54.52000045776367,22.190475463867188,50640.41796875
2021-12-28,449.8520202636719,69.88172149658203,126.8668441772461,111.40259552001953,168.63999938964844,54.66999816894531,22.216339111328125,47588.85546875
2021-12-29,450.42755126953125,69.85525512695312,125.48092651367188,110.79075622558594,168.58999633789062,55.08000183105469,22.15599250793457,46444.7109375
2021-12-30,449.1822204589844,69.67210388183594,126.5332260131836,111.2349853515625,169.8000030517578,55.099998474121094,22.190475463867188,47178.125
2021-12-31,448.05023193359375,69.61018371582031,126.78133392333984,111.06736755371094,170.9600067138672,54.36000061035156,22.095643997192383,46306.4453125
2022-01-03,450.6444091796875,70.0614013671875,123.45331573486328,109.88558959960938,168.3300018310547,54.83000183105469,22.23358154296875,46458.1171875
2022-01-04,450.4934997558594,70.45951080322266,122.93989562988281,109.97776794433594,169.57000732421875,55.59000015258789,22.250822067260742,45897.57421875
2022-01-05,441.843017578125,69.84021759033203,122.27268981933594,109.3324203491211,169.05999755859375,55.43000030517578,22.224960327148438,43569.00390625
2022-01-06,441.4280090332031,69.486328125,122.5892105102539,109.1899642944336,166.99000549316406,56.88999938964844,22.24220085144043,43160.9296875
2022-01-07,439.6827697753906,69.68981170654297,121.70800018310547,108.7206039428711,167.75,56.66999816894531,22.12150764465332,41557.90234375
2022-01-10,439.1357116699219,69.04396057128906,122.00745391845703,108.62003326416016,168.25999450683594,56.15999984741211,22.173234939575195,41821.26171875
2022-01-11,443.13543701171875,69.79595947265625,122.82019805908203,108.94690704345703,170.2899932861328,58.15999984741211,22.07840347290039,42735.85546875
2022-01-12,444.33349609375,70.47722625732422,122.34967041015625,108.87146759033203,170.74000549316406,58.90999984741211,21.93184471130371,43949.1015625
2022-01-13,438.21124267578125,69.96407318115234,123.43618774414062,109.21510314941406,170.16000366210938,58.27000045776367,21.92322540283203,42591.5703125
2022-01-14,438.39044189453125,69.89329528808594,121.57112121582031,108.25128936767578,169.6699981689453,59.970001220703125,21.983572006225586,43099.69921875
2022-01-18,430.6265869140625,68.86700439453125,119.86004638671875,107.22039031982422,169.38999938964844,60.970001220703125,22.12150764465332,42375.6328125
2022-01-19,426.1552429199219,68.8050765991211,120.68994140625,107.38801574707031,172.0800018310547,61.04999923706055,22.069780349731445,41744.328125
2022-01-20,421.43853759765625,68.46887969970703,121.4343032836914,107.32933044433594,171.64999389648438,60.65999984741211,22.138748168945312,40680.41796875
2022-01-21,413.1653747558594,67.5399169921875,122.88005828857422,108.03335571289062,171.08999633789062,60.779998779296875,22.07840347290039,36457.31640625
2022-01-24,414.9200134277344,66.8675308227539,121.87053680419922,107.6980972290039,172.02999877929688,60.11000061035156,22.147371292114258,36654.328125
2022-01-25,409.8543395996094,66.46055603027344,121.67373657226562,107.39637756347656,172.5800018310547,60.970001220703125,22.15599250793457,36954.00390625
2022-01-26,408.8260498046875,66.20398712158203,120.20230102539062,106.667236328125,169.7899932861328,61.68000030517578,22.276687622070312,36852.12109375
2022-01-27,406.80731201171875,65.89432525634766,122.40962982177734,106.9102783203125,167.60000610351562,61.86000061035156,22.46634864807129,37138.234375
2022-01-28,416.9104919433594,66.11553192138672,122.45232391357422,107.02761840820312,167.10000610351562,61.970001220703125,22.457727432250977,37784.33203125
2022-01-31,424.4195251464844,67.07986450195312,121.81925964355469,107.0778579711914,168.08999633789062,62.47999954223633,22.302549362182617,38483.125
2022-02-01,427.28729248046875,67.71686553955078,121.41484832763672,107.25593566894531,168.22999572753906,62.529998779296875,22.24220085144043,38743.2734375
2022-02-02,431.4380187988281,68.2211685180664,121.82609558105469,107.2643051147461,168.83999633789062,62.52000045776367,22.15599250793457,36952.984375
2022-02-03,421.29693603515625,67.14179992675781,120.87511444091797,106.39942169189453,168.60000610351562,63.5099983215332,22.043916702270508,37154.6015625
2022-02-04,423.2780456542969,67.30104064941406,119.09314727783203,105.34136962890625,168.86000061035156,64.91000366210938,22.026676177978516,41500.875
2022-02-07,421.9195861816406,67.41605377197266,119.17024230957031,105.53450775146484,170.11000061035156,64.68000030517578,22.035297393798828,43840.28515625
2022-02-08,425.3910827636719,67.7611083984375,118.37346649169922,105.13983154296875,170.6300048828125,63.619998931884766,22.069780349731445,44118.4453125
2022-02-09,431.6172790527344,68.85816192626953,118.59620666503906,105.4925308227539,171.2100067138672,64.16999816894531,22.043916702270508,44338.796875
2022-02-10,423.8629150390625,67.98228454589844,116.71145629882812,104.05661010742188,170.55999755859375,63.959999084472656,22.07840347290039,43565.11328125
2022-02-11,415.5049133300781,66.95600128173828,118.44200134277344,104.82917022705078,173.80999755859375,65.73999786376953,22.173234939575195,42407.9375
2022-02-14,414.14654541015625,66.52249145507812,116.96849060058594,103.8970718383789,174.74000549316406,66.36000061035156,22.23358154296875,42586.91796875
2022-02-15,420.8253479003906,67.743408203125,115.64057159423828,103.37646484375,173.0800018310547,64.27999877929688,22.147371292114258,44575.203125
2022-02-16,421.29693603515625,67.9999771118164,116.32592010498047,103.5276107788086,174.86000061035156,63.540000915527344,22.104265213012695,43961.859375
2022-02-17,412.29754638671875,66.9029312133789,117.19123840332031,103.60315704345703,177.25,64.16999816894531,22.112886428833008,40538.01171875
2022-02-18,409.6279296875,66.61981964111328,118.42494201660156,103.85509490966797,177.1199951171875,64.73999786376953,22.173234939575195,40030.9765625
2022-02-22,405.2319030761719,65.84126281738281,118.73333740234375,103.72074127197266,177.49000549316406,65.54000091552734,22.181854248046875,38286.02734375
2022-02-23,398.04364013671875,65.30156707763672,117.09696197509766,102.7802505493164,178.2899932861328,66.23999786376953,22.207717895507812,37296.5703125
2022-02-24,404.03387451171875,64.42569732666016,117.174072265625,103.2673110961914,177.13999938964844,66.33999633789062,22.38875961303711,38332.609375
2022-02-25,412.9484558105469,66.03589630126953,117.25975799560547,103.68714141845703,176.5500030517578,65.80000305175781,22.276687622070312,39214.21875
2022-02-28,411.891845703125,64.77958679199219,119.8299560546875,104.79557800292969,178.3800048828125,67.4800033569336,22.311168670654297,43193.234375
2022-03-01,405.6187438964844,63.364017486572266,121.21536254882812,105.1540298461914,181.6199951171875,71.81999969482422,22.483591079711914,44354.63671875
2022-03-02,413.0805358886719,64.16027069091797,117.0719223022461,103.55530548095703,179.72999572753906,75.41999816894531,22.46634864807129,43924.1171875
2022-03-03,411.0240173339844,62.89511489868164,118.2643051147461,103.93395233154297,180.8000030517578,74.52999877929688,22.55255699157715,42451.7890625
2022-03-04,407.6846008300781,61.072574615478516,120.30606842041016,104.03489685058594,183.67999267578125,79.45999908447266,22.724979400634766,39137.60546875
2022-03-07,395.66644287109375,59.13502502441406,119.38813018798828,102.77275848388672,186.41000366210938,82.37000274658203,22.888776779174805,38062.0390625
2022-03-08,392.66656494140625,59.64817428588867,118.18714141845703,102.15853118896484,191.50999450683594,85.43000030517578,22.845670700073242,38737.26953125
2022-03-09,403.19427490234375,62.143096923828125,117.02897644042969,102.33523559570312,185.82000732421875,75.47000122070312,22.621524810791016,41982.92578125
2022-03-10,401.37359619140625,61.39993667602539,115.3476333618164,101.1656265258789,186.39999389648438,74.05999755859375,22.733598709106445,39437.4609375
2022-03-11,396.2701110839844,60.736392974853516,115.73365783691406,101.12355041503906,185.08999633789062,76.4000015258789,22.854293823242188,38794.97265625
2022-03-14,393.3740539550781,61.29376220703125,113.03141021728516,99.65947723388672,182.3000030517578,72.83999633789062,22.845670700073242,39666.75390625
2022-03-15,402.02459716796875,61.87769317626953,112.83409881591797,100.44198608398438,178.88999938964844,68.62999725341797,22.819808959960938,39338.78515625
2022-03-16,410.93914794921875,64.09833526611328,113.94068908691406,101.30024719238281,180.00999450683594,68.27999877929688,22.656009674072266,41143.9296875
2022-03-17,416.080322265625,64.63802337646484,113.09146881103516,102.29315948486328,180.88999938964844,73.68000030517578,22.604284286499023,40951.37890625
2022-03-18,420.6375427246094,65.26618194580078,114.47257232666016,102.49507141113281,179.3000030517578,74.63999938964844,22.63014793395996,41801.15625
2022-03-21,420.51458740234375,64.85919952392578,111.82180786132812,101.07308197021484,180.6699981689453,79.54000091552734,22.716358184814453,41077.99609375
2022-03-22,425.43511962890625,65.46966552734375,110.3891830444336,100.82902526855469,179.36000061035156,78.55999755859375,22.707735061645508,42358.80859375
2022-03-23,419.956298828125,64.6203384399414,112.808349609375,101.11515808105469,181.80999755859375,81.94999694824219,22.733598709106445,42892.95703125
2022-03-24,426.2868347167969,65.2219467163086,111.92477416992188,101.1572265625,183.1300048828125,79.75,22.759462356567383,43960.93359375
2022-03-25,428.3686218261719,65.25733947753906,110.3720474243164,100.35785675048828,182.3800048828125,80.73999786376953,22.768083572387695,44348.73046875
2022-03-28,431.4156494140625,65.04498291015625,111.31568145751953,100.91320037841797,179.05999755859375,74.52999877929688,22.837053298950195,47128.00390625
2022-03-29,436.75262451171875,66.48710632324219,112.15641021728516,101.76305389404297,179.13999938964844,76.1500015258789,22.699115753173828,47465.73046875
2022-03-30,434.05584716796875,66.21284484863281,113.03141021728516,101.99866485595703,180.5800018310547,77.91000366210938,22.57842254638672,47062.6640625
2022-03-31,427.37506103515625,65.11578369140625,113.30596923828125,101.76305389404297,180.64999389648438,74.12000274658203,22.67325210571289,45538.67578125
2022-04-01,428.5862731933594,65.72624206542969,113.73722839355469,102.10456085205078,179.5,74.16999816894531,22.707735061645508,46281.64453125
2022-04-04,432.2578430175781,65.99164581298828,112.94678497314453,102.45868682861328,180.3699951171875,76.86000061035156,22.811187744140625,46622.67578125
2022-04-05,426.7978210449219,65.09808349609375,110.3949966430664,100.66263580322266,179.24000549316406,74.80000305175781,22.931882858276367,45555.9921875
2022-04-06,422.5301208496094,64.31951904296875,109.50150299072266,100.07242584228516,179.66000366210938,73.05000305175781,22.949125289916992,43206.73828125
2022-04-07,424.6592102050781,64.46107482910156,108.67669677734375,99.608642578125,180.33999633789062,73.11000061035156,22.992229461669922,43503.84765625
2022-04-08,423.5237731933594,64.48762512207031,107.49961853027344,98.82445526123047,181.47000122070312,74.11000061035156,22.992229461669922,42287.6640625
2022-04-11,416.2847595214844,63.80638122558594,105.79847717285156,97.8631591796875,182.3699951171875,72.30000305175781,23.043954849243164,39521.90234375
2022-04-12,414.7422790527344,63.32863235473633,105.65239715576172,97.93063354492188,183.77000427246094,75.9800033569336,23.121543884277344,40127.18359375
2022-04-13,419.4925842285156,64.00987243652344,105.8672103881836,98.43658447265625,184.64999389648438,78.41999816894531,23.026714324951172,41166.73046875
2022-04-14,414.2691955566406,63.7179069519043,103.74504852294922,97.28981018066406,184.0399932861328,79.56999969482422,23.130165100097656,39935.515625
2022-04-18,414.4394836425781,63.34633255004883,103.22955322265625,96.54779052734375,184.61000061035156,80.41000366210938,23.22499656677246,40826.21484375
2022-04-19,421.1296691894531,63.647132873535156,102.4562759399414,95.78044891357422,181.82000732421875,76.86000061035156,23.276723861694336,41502.75
2022-04-20,420.8173522949219,64.0718002319336,104.51828002929688,96.77544403076172,182.7100067138672,77.23999786376953,23.11292266845703,41374.37890625
2022-04-21,414.524658203125,63.381710052490234,103.74504852294922,95.7467269897461,182.05999755859375,78.12000274658203,23.1818904876709,40527.36328125
2022-04-22,403.1505432128906,62.346595764160156,103.09205627441406,95.63709259033203,180.2899932861328,76.30999755859375,23.319828033447266,39740.3203125
2022-04-25,405.48773193359375,62.04578399658203,104.12307739257812,96.69953155517578,177.0500030517578,74.6500015258789,23.431903839111328,40458.30859375
2022-04-26,393.7445373535156,60.31171417236328,105.17124938964844,96.6489486694336,177.32000732421875,76.45999908447266,23.578458786010742,38117.4609375
2022-04-27,394.8516540527344,60.585994720458984,103.82238006591797,95.72142028808594,175.97999572753906,76.37000274658203,23.72501564025879,39241.12109375
2022-04-28,404.8252868652344,61.44416809082031,103.97703552246094,96.00811004638672,176.92999267578125,78.08000183105469,23.86294937133789,39773.828125
2022-04-29,389.8648376464844,60.727535247802734,102.62814331054688,94.94566345214844,176.91000366210938,77.16000366210938,23.76811981201172,38609.82421875
2022-05-02,392.2115478515625,60.57712936401367,100.84921264648438,94.38282775878906,173.6300048828125,78.37999725341797,23.888813018798828,38529.328125
2022-05-03,394.0094909667969,61.02834701538086,101.52911376953125,94.99128723144531,174.08999633789062,76.69000244140625,23.8457088470459,37750.453125
2022-05-04,406.0081481933594,62.09886169433594,102.08853912353516,95.92094421386719,175.8000030517578,80.22000122070312,23.64742660522461,39698.37109375
2022-05-05,391.5775451660156,60.09939193725586,99.29143524169922,94.450439453125,175.1300048828125,80.4800033569336,23.8457088470459,36575.140625
2022-05-06,389.240234375,59.51546096801758,97.828369140625,93.64759826660156,175.4199981689453,82.12999725341797,23.888813018798828,36040.921875
2022-05-09,376.7778015136719,57.7194709777832,98.68897247314453,93.97718048095703,172.8800048828125,76.56999969482422,23.89743423461914,30296.953125
2022-05-10,377.64837646484375,58.152992248535156,99.58407592773438,94.37433624267578,171.4199981689453,74.52999877929688,23.94916343688965,31022.90625
2022-05-11,371.6490783691406,57.80793380737305,101.50328063964844,94.81383514404297,172.82000732421875,78.18000030517578,23.97502326965332,28936.35546875
2022-05-12,371.2610168457031,57.6663932800293,101.31391906738281,94.85606384277344,170.1699981689453,79.2300033569336,24.181928634643555,29047.751953125
2022-05-13,380.1370849609375,59.26774215698242,99.81641387939453,94.35745239257812,168.7899932861328,81.27999877929688,24.112960815429688,29283.103515625
2022-05-16,378.5946960449219,59.32082748413086,99.71315002441406,94.48423767089844,170.39999389648438,83.11000061035156,24.018131256103516,29862.91796875
2022-05-17,386.382568359375,60.42673110961914,98.50827026367188,93.94335174560547,169.3300018310547,81.11000061035156,23.81984519958496,30425.857421875
2022-05-18,370.8068542480469,58.9846305847168,100.60821533203125,94.28986358642578,169.4199981689453,79.29000091552734,23.940540313720703,28720.271484375
2022-05-19,368.53582763671875,59.55085372924805,100.84921264648438,94.54340362548828,171.91000366210938,80.58000183105469,23.690532684326172,30314.333984375
2022-05-20,368.6966552734375,59.957820892333984,101.99383544921875,95.0082015991211,172.02999877929688,81.6500015258789,23.742258071899414,29200.740234375
2022-05-23,375.594970703125,60.97526550292969,100.31559753417969,94.6701889038086,172.8300018310547,81.97000122070312,23.526731491088867,29098.91015625
2022-05-24,372.7277526855469,60.87793731689453,102.2950210571289,95.9124984741211,174.1300048828125,82.0,23.457761764526367,29655.5859375
2022-05-25,376.0208435058594,60.895633697509766,102.69959259033203,96.90129852294922,173.0800018310547,82.4800033569336,23.543975830078125,29562.361328125
2022-05-26,383.53424072265625,61.56802749633789,102.23480987548828,96.9266357421875,172.75999450683594,84.58999633789062,23.466384887695312,29267.224609375
2022-05-27,392.9496765136719,62.31119918823242,102.48439025878906,97.43370819091797,172.85000610351562,85.45999908447266,23.414657592773438,28627.57421875
2022-05-31,390.744873046875,61.93962097167969,100.31559753417969,96.71534729003906,171.13999938964844,85.47000122070312,23.457761764526367,31792.310546875
2022-06-01,387.5843200683594,61.284915924072266,100.20093536376953,96.15116882324219,172.22999572753906,85.54000091552734,23.638803482055664,29799.080078125
2022-06-02,394.96514892578125,62.55891418457031,100.25263214111328,96.1934814453125,174.35000610351562,87.25,23.431903839111328,30467.48828125
2022-06-03,388.48321533203125,61.66534423828125,100.03710174560547,95.88853454589844,172.5800018310547,89.47000122070312,23.53535270690918,29704.390625
2022-06-06,389.6661376953125,61.913082122802734,98.19207000732422,95.2108154296875,171.82000732421875,88.38999938964844,23.587080001831055,31370.671875
2022-06-07,393.4037780761719,62.09886169433594,99.25257110595703,95.7190933227539,172.94000244140625,90.04000091552734,23.561216354370117,31155.478515625
2022-06-08,389.1266784667969,61.231834411621094,98.37312316894531,95.16848754882812,172.77999877929688,91.98999786376953,23.630184173583984,30214.35546875
2022-06-09,379.8721618652344,59.9459228515625,98.70074462890625,94.54154205322266,172.22999572753906,91.08000183105469,23.8026065826416,30111.998046875
2022-06-10,368.85748291015625,58.49905014038086,98.088623046875,93.62665557861328,174.5399932861328,90.12999725341797,23.992265701293945,29083.8046875
2022-06-13,354.85260009765625,56.5638427734375,95.01066589355469,91.46644592285156,169.92999267578125,90.36000061035156,24.225034713745117,22487.388671875
2022-06-14,353.7833251953125,56.03030776977539,93.81226348876953,90.99201965332031,168.57000732421875,88.44999694824219,24.276762008666992,22206.79296875
2022-06-15,358.8269958496094,57.07929611206055,95.5624771118164,92.41522979736328,170.77000427246094,86.93000030517578,24.08709716796875,22572.83984375
2022-06-16,346.9512939453125,55.822322845458984,96.32117462158203,92.51688385009766,172.69000244140625,87.66000366210938,23.854331970214844,20381.650390625
2022-06-17,347.6990966796875,55.59624481201172,96.63155364990234,92.7032470703125,171.27000427246094,83.33999633789062,24.095720291137695,20471.482421875
2022-06-21,356.4519958496094,56.4372444152832,94.99343872070312,91.77141571044922,170.6300048828125,84.05000305175781,24.00950813293457,20710.59765625
2022-06-22,355.8057861328125,56.057437896728516,97.60580444335938,92.44064331054688,171.30999755859375,80.87999725341797,23.97502326965332,19987.029296875
2022-06-23,359.2936096191406,55.994140625,98.40762329101562,93.15225982666016,170.25999450683594,78.9800033569336,24.000886917114258,21085.876953125
2022-06-24,370.7169494628906,57.66708755493164,97.04539489746094,93.26239776611328,170.08999633789062,81.2699966430664,23.94916343688965,21231.65625
2022-06-27,369.3009338378906,57.42292785644531,96.2177505493164,92.40678405761719,169.89999389648438,82.93000030517578,23.906055450439453,20735.478515625
2022-06-28,361.7550964355469,57.034080505371094,96.666015625,92.38134002685547,169.6199951171875,84.72000122070312,24.04399299621582,20280.634765625
2022-06-29,361.4604187011719,56.81705856323242,98.17484283447266,92.93199157714844,169.49000549316406,82.94999694824219,24.181928634643555,20104.0234375
2022-06-30,358.5238342285156,56.50959014892578,99.03700256347656,93.21154022216797,168.4600067138672,80.3499984741211,24.104337692260742,19784.7265625
2022-07-01,362.31573486328125,56.64523696899414,100.05378723144531,94.38972473144531,168.32000732421875,81.66999816894531,24.181928634643555,19269.3671875
2022-07-05,363.0,55.4334716796875,100.83992004394531,94.36426544189453,164.75,74.77999877929688,24.52676773071289,20190.115234375
2022-07-06,364.2259826660156,55.47869110107422,99.14671325683594,93.89704132080078,162.13999938964844,73.66999816894531,24.638839721679688,20548.24609375
2022-07-07,369.6810302734375,56.31968688964844,98.27420043945312,93.88855743408203,162.22999572753906,76.55000305175781,24.647464752197266,21637.587890625
2022-07-08,369.3769226074219,56.38298797607422,97.18572998046875,93.73564910888672,162.3000030517578,78.54000091552734,24.63022232055664,21731.1171875
2022-07-11,365.1573181152344,55.46964645385742,98.86163330078125,93.99897003173828,161.42999267578125,78.2300033569336,24.914714813232422,19970.556640625
2022-07-12,361.9260559082031,55.46060562133789,99.44908142089844,94.13492584228516,160.8300018310547,72.80999755859375,24.906091690063477,19323.9140625
2022-07-13,360.025390625,55.4334716796875,100.58939361572266,94.83989715576172,161.60000610351562,73.19000244140625,24.854366302490234,20212.07421875
2022-07-14,359.1510925292969,54.65577697753906,99.76868438720703,94.23683166503906,159.3300018310547,72.8499984741211,25.02678871154785,20569.919921875
2022-07-15,366.0126647949219,55.523902893066406,100.33021545410156,94.99285125732422,159.00999450683594,73.73999786376953,24.880229949951172,20836.328125
2022-07-18,362.990478515625,55.74998092651367,99.28495788574219,94.33028411865234,159.16000366210938,76.80999755859375,24.742294311523438,22485.689453125
2022-07-19,372.7982482910156,57.269203186035156,98.74931335449219,94.5936050415039,159.5399932861328,78.05000305175781,24.587116241455078,23389.43359375
2022-07-20,375.174072265625,56.88939666748047,99.00849914550781,94.49164581298828,158.0399932861328,77.63999938964844,24.656084060668945,23231.732421875
2022-07-21,378.9945983886719,57.47718811035156,100.7189712524414,95.7828369140625,160.27000427246094,75.48999786376953,24.587116241455078,23164.62890625
2022-07-22,375.4783020019531,57.33250045776367,102.41213989257812,96.52179718017578,160.6699981689453,74.52999877929688,24.552631378173828,22714.978515625
2022-07-25,375.9344482421875,57.77560806274414,101.41006469726562,95.70634460449219,160.22999572753906,76.22000122070312,24.51814842224121,21361.701171875
2022-07-26,371.4867248535156,56.97077941894531,101.48780059814453,95.68937683105469,160.0399932861328,75.16000366210938,24.707809448242188,21239.75390625
2022-07-27,381.1329345703125,58.318180084228516,100.91764068603516,96.32643127441406,161.6699981689453,77.87000274658203,24.500905990600586,22930.548828125
2022-07-28,385.9132385253906,58.61660385131836,101.7210693359375,97.12489318847656,163.63999938964844,77.12999725341797,24.48366355895996,23843.88671875
2022-07-29,391.5394287109375,59.430477142333984,101.4446029663086,97.3542709350586,164.10000610351562,78.05000305175781,24.38883399963379,23804.6328125
2022-08-01,390.3799743652344,59.51184844970703,103.88776397705078,97.54670715332031,165.02999877929688,75.12999725341797,24.294002532958984,23314.19921875
2022-08-02,387.8044738769531,58.562355041503906,101.68954467773438,96.3546371459961,164.0500030517578,75.93000030517578,24.449180603027344,22978.1171875
2022-08-03,393.8772888183594,58.905982971191406,103.29059600830078,97.40194702148438,164.4499969482422,73.52999877929688,24.51814842224121,22846.5078125
2022-08-04,393.6112060546875,59.20439910888672,103.2560043334961,97.55521392822266,167.1699981689453,71.52999877929688,24.36297035217285,22630.95703125
2022-08-05,392.9458923339844,58.78842544555664,100.79811096191406,96.23544311523438,165.2899932861328,71.54000091552734,24.56987190246582,23289.314453125
2022-08-08,392.48968505859375,58.924068450927734,102.4251480102539,96.61858367919922,166.69000244140625,73.54000091552734,24.535388946533203,23809.486328125
2022-08-09,390.93109130859375,58.6075553894043,102.02704620361328,96.1843032836914,167.1999969482422,73.44999694824219,24.5095272064209,23164.318359375
2022-08-10,399.14227294921875,59.927833557128906,101.36066436767578,97.09541320800781,166.77999877929688,74.31999969482422,24.242277145385742,23947.642578125
2022-08-11,399.14227294921875,59.90974807739258,98.99798583984375,96.15876770019531,166.33999633789062,76.27999877929688,24.2595157623291,23957.529296875
2022-08-12,405.8993225097656,60.37094497680664,100.0019302368164,97.27422332763672,167.8699951171875,74.9800033569336,24.35434913635254,24402.818359375
2022-08-15,407.57196044921875,60.00922775268555,99.91537475585938,97.20610046386719,165.7100067138672,72.87999725341797,24.56987190246582,24136.97265625
2022-08-16,408.3702697753906,59.99113845825195,100.33077239990234,96.8314437866211,165.4199981689453,71.23999786376953,24.561254501342773,23883.291015625
2022-08-17,405.47161865234375,59.51184844970703,99.28358459472656,95.92035675048828,164.35000610351562,72.05000305175781,24.59573745727539,23335.998046875
2022-08-18,406.6501159667969,59.31291580200195,99.43074035644531,96.1672592163086,163.9199981689453,74.20999908447266,24.785398483276367,23212.73828125
2022-08-19,401.185546875,58.49905014038086,97.82965850830078,95.02632141113281,162.72000122070312,74.05999755859375,24.94057846069336,20877.552734375
2022-08-22,392.8319091796875,57.50432205200195,97.50078582763672,94.38768005371094,161.63999938964844,74.68000030517578,25.14748191833496,21398.908203125
2022-08-23,391.8815002441406,57.53144454956055,96.96420288085938,94.48986053466797,162.77000427246094,76.83000183105469,25.044029235839844,21528.087890625
2022-08-24,393.135986328125,57.60379409790039,96.25454711914062,94.20884704589844,163.25,78.04000091552734,25.06127166748047,21395.01953125
2022-08-25,398.6861267089844,58.23680114746094,97.59598541259766,95.17955017089844,163.75,76.5,25.018165588378906,21600.904296875
2022-08-26,385.1910400390625,56.70853042602539,98.33161163330078,94.60906219482422,161.75999450683594,75.8499984741211,25.11299705505371,20260.01953125
2022-08-29,382.6440124511719,56.581932067871094,97.51811218261719,93.91087341308594,161.86000061035156,78.69000244140625,25.12161636352539,20297.994140625
2022-08-30,378.4433898925781,56.174991607666016,97.76042938232422,94.03004455566406,160.50999450683594,75.47000122070312,25.11299705505371,19796.80859375
2022-08-31,375.5638122558594,55.795196533203125,96.82575225830078,93.0423583984375,159.27000427246094,73.11000061035156,25.09575843811035,20049.763671875
2022-09-01,376.74224853515625,55.04462432861328,95.05305480957031,92.48217010498047,157.8699951171875,70.94999694824219,25.319902420043945,20127.140625
2022-09-02,372.769775390625,54.68290710449219,95.59074401855469,92.55049133300781,159.25999450683594,71.43000030517578,25.328521728515625,19969.771484375
2022-09-06,371.36322021484375,54.54726028442383,93.22309112548828,91.29531860351562,158.3300018310547,71.41999816894531,25.475078582763672,18837.66796875
2022-09-07,378.0347595214844,55.02653503417969,94.69746398925781,92.54194641113281,159.94000244140625,67.62000274658203,25.29404067993164,19290.32421875
2022-09-08,380.5056457519531,55.06270980834961,93.72610473632812,92.32849884033203,158.97999572753906,68.08999633789062,25.345762252807617,19329.833984375
2022-09-09,386.4169921875,56.46437072753906,93.93424987792969,92.54194641113281,159.82000732421875,71.0999984741211,25.164722442626953,21381.15234375
2022-09-12,390.5700378417969,57.2511100769043,93.16238403320312,92.33702087402344,160.6300048828125,72.37000274658203,25.035409927368164,22370.44921875
2022-09-13,373.5870361328125,55.26165771484375,93.37921142578125,91.6710205078125,158.5399932861328,72.01000213623047,25.3802490234375,20296.70703125
2022-09-14,375.01263427734375,55.44252014160156,93.70008087158203,92.10649871826172,157.92999267578125,72.7300033569336,25.328521728515625,20241.08984375
2022-09-15,370.75494384765625,54.95419692993164,93.63937377929688,91.66246795654297,154.97999572753906,69.76000213623047,25.345762252807617,19701.2109375
2022-09-16,367.926513671875,54.619606018066406,92.85884094238281,91.44901275634766,155.83999633789062,69.9000015258789,25.345762252807617,19772.583984375
2022-09-19,370.77972412109375,54.80950927734375,93.07568359375,91.60269927978516,155.9600067138672,70.05000305175781,25.328521728515625,19544.12890625
2022-09-20,366.5238037109375,53.87808609008789,92.14765930175781,90.68905639648438,155.07000732421875,69.22000122070312,25.44921875,18890.7890625
2022-09-21,360.1301574707031,53.1727294921875,93.69140625,91.03060913085938,155.7899932861328,68.68000030517578,25.6992244720459,18547.400390625
2022-09-22,357.10516357421875,53.019004821777344,91.29773712158203,89.74980926513672,155.6999969482422,68.97000122070312,25.73371124267578,19413.55078125
2022-09-23,351.1218566894531,51.32795715332031,91.6706771850586,89.4936294555664,153.00999450683594,65.31999969482422,26.138896942138672,19297.638671875
2022-09-26,347.6484069824219,50.5683479309082,89.91879272460938,87.93962860107422,151.22999572753906,63.20000076293945,26.432010650634766,19222.671875
2022-09-27,346.76092529296875,50.22471618652344,87.55113220214844,86.61612701416016,151.5399932861328,64.41999816894531,26.44063377380371,19110.546875
2022-09-28,353.5839538574219,51.43647766113281,90.48251342773438,88.35801696777344,154.69000244140625,67.12999725341797,26.095794677734375,19426.720703125
2022-09-29,346.19793701171875,50.830596923828125,90.01419830322266,87.70052337646484,154.66000366210938,66.7699966430664,25.992340087890625,19573.05078125
2022-09-30,340.844482421875,50.64973449707031,88.85204315185547,87.478515625,154.6699981689453,65.27999877929688,25.992340087890625,19431.7890625
2022-10-03,349.84326171875,51.653507232666016,90.26387023925781,89.09685516357422,158.42999267578125,67.88999938964844,25.871644973754883,19623.580078125
2022-10-04,360.68359375,53.72434616088867,90.01174926757812,89.50806427001953,160.6999969482422,70.27999877929688,25.518184661865234,20336.84375
2022-10-05,359.8439025878906,53.15464401245117,89.15107727050781,88.83125305175781,159.80999755859375,71.94000244140625,25.759572982788086,20160.716796875
2022-10-06,356.13177490234375,52.22322082519531,88.65558624267578,88.62567901611328,159.6300048828125,72.98999786376953,26.018203735351562,19955.443359375
2022-10-07,346.19793701171875,51.391258239746094,87.79493713378906,87.74325561523438,157.8800048828125,75.0999984741211,26.121654510498047,19546.849609375
2022-10-10,343.5545959472656,51.10188293457031,86.43006134033203,86.95512390136719,155.47999572753906,73.77999877929688,26.233728408813477,19141.484375
2022-10-11,341.3788146972656,50.54122543334961,86.81255340576172,86.77518463134766,155.16000366210938,71.75,26.2509708404541,19051.41796875
2022-10-12,340.2528991699219,50.378448486328125,87.23853302001953,86.6723861694336,155.99000549316406,70.93000030517578,26.2509708404541,19157.4453125
2022-10-13,349.2324523925781,51.41838836669922,86.40394592285156,86.82656860351562,154.91000366210938,72.5199966430664,26.078550338745117,19382.904296875
2022-10-14,341.27386474609375,50.64973449707031,85.69108581542969,85.99557495117188,152.97999572753906,70.16999816894531,26.259592056274414,19185.65625
2022-10-17,350.0436096191406,51.897666931152344,85.27381896972656,86.40682220458984,153.4199981689453,70.12999725341797,25.992340087890625,19550.7578125
2022-10-18,354.15643310546875,52.268436431884766,85.47377014160156,86.92082977294922,153.75,68.69999694824219,25.97509765625,19334.416015625
2022-10-19,351.646728515625,51.626380920410156,83.91766357421875,85.73001098632812,151.69000244140625,70.04000091552734,26.16476058959961,19139.53515625
2022-10-20,348.6980895996094,51.50882339477539,82.48323059082031,84.98470306396484,151.4499969482422,70.18000030517578,26.182003021240234,19053.740234375
2022-10-21,357.1719970703125,52.440250396728516,80.99665832519531,85.22456359863281,154.14999389648438,70.56999969482422,25.957857131958008,19172.46875
2022-10-24,361.5424499511719,52.44928741455078,80.32727813720703,85.18171691894531,153.64999389648438,70.37999725341797,25.98371696472168,19345.572265625
2022-10-25,367.3158264160156,53.60679244995117,82.66580200195312,86.32113647460938,154.0,70.61000061035156,25.6992244720459,20095.857421875
2022-10-26,364.54840087890625,54.11320495605469,83.85679626464844,86.71524810791016,154.97999572753906,72.97000122070312,25.431976318359375,20770.44140625
2022-10-27,362.60174560546875,53.60679244995117,84.73481750488281,87.11786651611328,154.74000549316406,73.62000274658203,25.63025665283203,20285.8359375
2022-10-28,371.22833251953125,54.14033126831055,84.15233612060547,87.29776000976562,153.16000366210938,72.81999969482422,25.673362731933594,20595.3515625
2022-10-31,368.54681396484375,53.63392639160156,83.55250549316406,86.82656860351562,151.91000366210938,71.52999877929688,25.88888931274414,20495.7734375
2022-11-01,366.9340515136719,54.058937072753906,84.33338928222656,87.45128631591797,153.4600067138672,73.12000274658203,25.880268096923828,20485.2734375
2022-11-02,357.7253723144531,53.2722053527832,83.96735382080078,87.0302505493164,152.38999938964844,74.08000183105469,25.992340087890625,20159.50390625
2022-11-03,354.0419921875,52.82005310058594,83.5141830444336,86.72090148925781,151.80999755859375,73.29000091552734,26.207866668701172,20209.98828125
2022-11-04,359.1377258300781,54.93610763549805,82.11106872558594,86.89276123046875,156.47000122070312,76.81999969482422,25.716466903686523,21147.23046875
2022-11-07,362.5731201171875,55.10792922973633,81.29190063476562,86.5748062133789,155.85000610351562,76.55999755859375,25.569910049438477,20602.81640625
2022-11-08,364.52935791015625,55.73189926147461,82.18082427978516,86.93572235107422,159.4499969482422,74.47000122070312,25.45783805847168,18541.271484375
2022-11-09,357.019287109375,54.95419692993164,82.45095825195312,86.71229553222656,158.64999389648438,71.66999816894531,25.64750099182129,15880.7802734375
2022-11-10,376.6390075683594,58.03785705566406,85.62315368652344,89.61674499511719,163.47999572753906,72.23999786376953,25.06127166748047,17586.771484375
2022-11-11,380.2842712402344,59.19534683227539,85.3094253540039,89.8573226928711,164.55999755859375,74.37999725341797,24.699188232421875,17034.29296875
2022-11-14,377.04925537109375,58.57138442993164,85.10028839111328,89.40191650390625,164.9199981689453,71.91000366210938,24.811262130737305,16618.19921875
2022-11-15,380.26519775390625,58.960235595703125,86.47724914550781,90.6479263305664,165.5,73.25,24.725053787231445,16884.61328125
2022-11-16,377.36419677734375,58.82459259033203,88.36833190917969,91.42129516601562,165.1199951171875,72.04000091552734,24.67332649230957,16669.439453125
2022-11-17,376.2095642089844,58.79745864868164,87.43585205078125,90.93145751953125,163.9199981689453,70.13999938964844,24.768156051635742,16687.517578125
2022-11-18,377.9176940917969,58.91501998901367,86.83454132080078,90.9228744506836,162.7899932861328,69.02999877929688,24.837125778198242,16697.77734375
2022-11-21,376.5435485839844,58.471923828125,87.2005615234375,90.78539276123047,161.8800048828125,69.02999877929688,25.052648544311523,15787.2841796875
2022-11-22,381.6106872558594,59.28578186035156,88.43804931640625,91.59315490722656,162.07000732421875,69.9800033569336,24.897470474243164,16189.76953125
2022-11-23,384.01544189453125,59.93688201904297,89.98058319091797,92.51260375976562,163.0800018310547,67.41000366210938,24.638839721679688,16610.70703125
2022-11-25,383.9295349121094,60.24433898925781,89.67555236816406,92.60709381103516,163.22000122070312,66.95999908447266,24.638839721679688,16521.841796875
2022-11-28,377.8031311035156,59.466644287109375,89.92827606201172,91.93685913085938,161.92999267578125,66.87999725341797,24.81988525390625,16217.322265625
2022-11-29,377.15423583984375,59.638458251953125,88.87381744384766,91.48143768310547,162.72999572753906,68.33999633789062,24.862987518310547,16444.982421875
2022-11-30,389.034912109375,60.696495056152344,89.52742004394531,92.59851837158203,164.80999755859375,70.2300033569336,24.664705276489258,17168.56640625
2022-12-01,388.7486267089844,61.284278869628906,92.387451171875,93.75715637207031,167.83999633789062,70.44999694824219,24.36297035217285,16967.1328125
2022-12-02,388.30010986328125,61.239070892333984,93.5492935180664,94.3260726928711,167.25999450683594,69.83999633789062,24.337106704711914,17088.66015625
2022-12-05,381.3148193359375,60.434242248535156,92.23893737792969,93.52436828613281,164.38999938964844,67.72000122070312,24.535388946533203,16974.826171875
2022-12-06,375.8182678222656,60.1629524230957,93.42698669433594,93.8088607788086,164.83999633789062,65.2300033569336,24.552631378173828,17089.50390625
2022-12-07,375.1789855957031,60.1629524230957,95.62835693359375,94.85195922851562,166.3300018310547,63.650001525878906,24.47504234313965,16848.126953125
2022-12-08,378.1180419921875,60.47041702270508,95.36626434326172,94.55023193359375,166.47000122070312,62.709999084472656,24.39745330810547,17233.474609375
2022-12-09,375.2934875488281,60.50658416748047,92.8853759765625,93.84333038330078,167.05999755859375,62.849998474121094,24.449180603027344,17133.15234375
2022-12-12,380.7041320800781,60.68744659423828,93.18235778808594,93.7226791381836,165.67999267578125,64.41000366210938,24.46642303466797,17206.4375
2022-12-13,383.5860595703125,61.54816436767578,94.08213806152344,94.54161071777344,168.50999450683594,65.86000061035156,24.250896453857422,17781.318359375
2022-12-14,381.133544921875,61.493690490722656,94.48397827148438,94.62779998779297,168.10000610351562,67.36000061035156,24.138824462890625,17815.650390625
2022-12-15,371.8103942871094,59.9229736328125,94.85262298583984,94.70734405517578,165.35000610351562,66.1500015258789,24.36297035217285,17364.865234375
2022-12-16,367.4206848144531,59.39638137817383,93.79307556152344,94.30099487304688,166.7899932861328,64.9000015258789,24.40607452392578,16647.484375
2022-12-19,364.30511474609375,59.25111770629883,92.21688079833984,93.34982299804688,166.32000732421875,66.06999969482422,24.412160873413086,16439.6796875
2022-12-20,364.80364990234375,59.4871711730957,90.57937622070312,92.25169372558594,169.0800018310547,66.22000122070312,24.246919631958008,16906.3046875
2022-12-21,370.25836181640625,60.104557037353516,90.80704498291016,92.88290405273438,168.8000030517578,68.05999755859375,24.30780029296875,16817.53515625
2022-12-22,364.9761657714844,59.614280700683594,90.78952026367188,92.85694885253906,166.75999450683594,67.69999694824219,24.342586517333984,16830.341796875
2022-12-23,367.07562255859375,59.82310485839844,89.45852661132812,92.57161712646484,167.25999450683594,69.31999969482422,24.333890914916992,16796.953125
2022-12-27,365.62811279296875,59.91389465332031,87.68965911865234,91.37837982177734,168.6699981689453,69.52999877929688,24.325193405151367,16717.173828125
2022-12-28,361.0840759277344,59.27834701538086,87.1729965209961,91.09302520751953,167.91000366210938,68.58000183105469,24.412160873413086,16552.572265625
2022-12-29,367.5836486816406,60.213504791259766,88.16252899169922,91.74152374267578,168.85000610351562,68.52999877929688,24.26431655883789,16642.341796875
2022-12-30,366.6154479980469,59.596126556396484,87.1817855834961,91.16220092773438,169.63999938964844,70.11000061035156,24.18604278564453,16602.5859375
2023-01-03,365.072021484375,60.12272262573242,88.84552764892578,91.79342651367188,171.05999755859375,67.63999938964844,24.446949005126953,16679.857421875
2023-01-04,367.8904724121094,60.921695709228516,90.06269836425781,92.45919799804688,172.6699981689453,64.30000305175781,24.359981536865234,16863.23828125
2023-01-05,363.6916198730469,60.313392639160156,90.43925476074219,92.3900375366211,170.52000427246094,64.77999877929688,24.58609962463379,16836.736328125
2023-01-06,372.0318603515625,61.856849670410156,92.10305786132812,93.90321350097656,173.7100067138672,64.83000183105469,24.26431655883789,16951.96875
2023-01-09,371.8209533691406,62.120147705078125,92.59339904785156,94.27503204345703,174.10000610351562,65.87999725341797,24.116466522216797,17196.5546875
2023-01-10,374.42840576171875,62.3017463684082,91.06097412109375,93.95509338378906,174.74000549316406,65.9000015258789,24.133859634399414,17446.29296875
2023-01-11,379.1641845703125,62.77386474609375,92.54087829589844,94.75923156738281,174.6199951171875,68.05000305175781,24.133859634399414,17934.896484375
2023-01-12,380.5445861816406,63.69994354248047,94.36228942871094,95.8314208984375,176.63999938964844,68.61000061035156,23.899045944213867,18869.587890625
2023-01-13,382.0209655761719,64.03587341308594,93.47783660888672,95.5201644897461,178.75999450683594,70.05000305175781,23.890348434448242,19909.57421875
2023-01-17,381.3211364746094,64.23561096191406,92.87361145019531,95.17430114746094,177.58999633789062,70.86000061035156,23.959922790527344,21161.51953125
2023-01-18,375.3008117675781,64.0086441040039,95.12408447265625,96.28970336914062,177.0800018310547,69.51000213623047,23.959922790527344,20688.78125
2023-01-19,372.56866455078125,63.90876007080078,94.52863311767578,96.09081268310547,179.88999938964844,70.58999633789062,23.899045944213867,21086.79296875
2023-01-20,379.5093078613281,64.47167205810547,92.99623107910156,95.5893325805664,179.2899932861328,71.55000305175781,23.864259719848633,22676.552734375
2023-01-23,384.0628967285156,64.73497009277344,92.5583724975586,95.31263732910156,179.6300048828125,71.5,23.899045944213867,22934.431640625
2023-01-24,383.6506652832031,64.65325927734375,93.889404296875,95.81414794921875,180.27999877929688,70.22000122070312,23.872955322265625,22636.46875
2023-01-25,383.79443359375,65.0799789428711,94.1170883178711,95.85736083984375,181.11000061035156,70.51000213623047,23.79468536376953,23117.859375
2023-01-26,388.0124816894531,65.13445281982422,93.67922973632812,95.82276916503906,179.47000122070312,70.93000030517578,23.855562210083008,23032.77734375
2023-01-27,388.90399169921875,65.00736236572266,93.44283294677734,95.54605865478516,179.22000122070312,69.5,23.890348434448242,23078.728515625
2023-01-30,384.0245056152344,64.5896987915039,93.10130310058594,95.18293762207031,178.75999450683594,68.0999984741211,23.977317810058594,22840.138671875
2023-01-31,389.67095947265625,64.96195220947266,93.8456039428711,95.86599731445312,179.41000366210938,69.31999969482422,23.92513656616211,23139.283203125
2023-02-01,393.8122863769531,65.54302978515625,94.97377014160156,96.83916473388672,181.6699981689453,67.36000061035156,23.699018478393555,23723.76953125
2023-02-02,399.5450439453125,65.45222473144531,95.09664916992188,96.9779281616211,177.89999389648438,66.56999969482422,23.855562210083008,23471.87109375
2023-02-03,395.2981872558594,64.84391784667969,93.67443084716797,95.87643432617188,173.4600067138672,64.4000015258789,24.168651580810547,23449.322265625
2023-02-06,392.8824462890625,64.18113708496094,92.98088836669922,95.13916015625,173.82000732421875,65.5,24.30780029296875,22760.109375
2023-02-07,398.02081298828125,64.72589111328125,92.2346420288086,94.82691955566406,173.97999572753906,67.76000213623047,24.26431655883789,23264.291015625
2023-02-08,393.6685485839844,64.32640075683594,92.67359161376953,94.92236328125,174.41000366210938,68.68000030517578,24.2904052734375,22939.3984375
2023-02-09,390.2557067871094,64.44442749023438,91.7956771850586,94.12439727783203,173.02999877929688,67.91999816894531,24.255617141723633,21819.0390625
2023-02-10,391.1664733886719,64.16297912597656,90.76848602294922,93.46519470214844,173.36000061035156,69.87000274658203,24.333890914916992,21651.18359375
2023-02-13,395.7583923339844,64.80760955810547,91.53230285644531,93.8121566772461,172.47999572753906,69.5,24.26431655883789,21808.1015625
2023-02-14,395.5762634277344,64.9256362915039,91.32160949707031,93.57793426513672,172.61000061035156,69.4000015258789,24.246919631958008,22220.8046875
2023-02-15,396.86077880859375,64.6351089477539,90.47000885009766,93.22234344482422,170.88999938964844,69.0199966430664,24.412160873413086,24307.841796875
2023-02-16,391.39654541015625,64.31732940673828,89.1882095336914,92.4764404296875,170.75,68.44999694824219,24.446949005126953,23623.474609375
2023-02-17,390.4187316894531,64.48074340820312,89.88180541992188,92.8407211303711,171.25999450683594,67.0199966430664,24.429555892944336,24565.6015625
2023-02-21,382.5865478515625,63.77257537841797,88.13473510742188,91.52234649658203,170.6199951171875,66.69000244140625,24.507827758789062,24436.353515625
2023-02-22,382.05926513671875,63.418479919433594,88.94243621826172,91.78253173828125,169.66000366210938,64.91999816894531,24.58609962463379,24188.84375
2023-02-23,384.0916442871094,63.74534225463867,89.81153869628906,92.50247192382812,169.57000732421875,66.37999725341797,24.594797134399414,23947.4921875
2023-02-24,379.9886474609375,62.683067321777344,88.64392852783203,91.80857849121094,168.35000610351562,67.0999984741211,24.77743148803711,23198.126953125
2023-02-27,381.2827453613281,63.42755889892578,88.88973999023438,91.8345718383789,169.00999450683594,66.25,24.64698028564453,23522.87109375
2023-02-28,379.87359619140625,62.96451950073242,89.29359436035156,91.8692855834961,169.77999877929688,67.20999908447266,24.716552734375,23147.353515625
2023-03-01,378.41644287109375,63.300445556640625,88.33428955078125,91.29657745361328,170.75999450683594,68.06999969482422,24.58609962463379,23646.55078125
2023-03-02,381.3594970703125,63.42755889892578,87.55101013183594,91.3748779296875,170.66000366210938,68.30000305175781,24.716552734375,23475.466796875
2023-03-03,387.47564697265625,64.35363006591797,89.6720199584961,92.41070556640625,172.49000549316406,69.86000061035156,24.620887756347656,22362.6796875
2023-03-06,387.74407958984375,64.1902084350586,88.97673797607422,92.15824127197266,171.6199951171875,70.48999786376953,24.58609962463379,22429.7578125
2023-03-07,381.8003845214844,63.118858337402344,89.52241516113281,91.89713287353516,168.6199951171875,67.8499984741211,24.890491485595703,22219.76953125
2023-03-08,382.423583984375,63.46388626098633,89.61042022705078,91.74916076660156,168.5399932861328,67.0999984741211,24.881793975830078,21718.080078125
2023-03-09,375.367919921875,63.00083541870117,89.83045959472656,91.66212463378906,170.1999969482422,66.23999786376953,24.812219619750977,20363.021484375
2023-03-10,369.95159912109375,62.3289794921875,92.92832946777344,92.97644805908203,173.8699951171875,67.13999938964844,24.655675888061523,20187.244140625
2023-03-13,369.4242858886719,61.902252197265625,93.1395492553711,93.05477142333984,177.86000061035156,65.25,24.429555892944336,24197.533203125
2023-03-14,375.5308837890625,62.728458404541016,91.60821533203125,92.7762451171875,176.8300018310547,62.93000030517578,24.429555892944336,24746.07421875
2023-03-15,373.1822204589844,60.785499572753906,93.37720489501953,93.66404724121094,178.2100067138672,60.02000045776367,24.690462112426758,24375.9609375
2023-03-16,379.729736328125,61.72974395751953,92.64674377441406,93.5248031616211,178.57000732421875,60.04999923706055,24.664371490478516,25052.7890625
2023-03-17,375.2897033691406,60.994319915771484,94.03723907470703,93.99483489990234,183.77000427246094,58.65999984741211,24.525222778320312,27423.9296875
2023-03-20,378.8983459472656,61.94765090942383,93.20999908447266,93.7162857055664,183.83999633789062,59.790000915527344,24.386070251464844,27767.236328125
2023-03-21,383.8735046386719,62.88280487060547,92.40909576416016,94.16888427734375,180.3699951171875,61.22999954223633,24.377376556396484,28175.81640625
2023-03-22,377.32977294921875,62.66490173339844,93.64122009277344,94.7172622680664,183.44000244140625,61.61000061035156,24.194740295410156,27307.4375
2023-03-23,378.34979248046875,62.673973083496094,93.64122009277344,94.98705291748047,185.74000549316406,60.9900016784668,24.22952651977539,28333.97265625
2023-03-24,380.8325500488281,62.48332595825195,94.03723907470703,95.28299713134766,183.64999389648438,60.959999084472656,24.377376556396484,27493.28515625
2023-03-27,381.5447082519531,63.0734748840332,91.82820892333984,94.14279174804688,181.9499969482422,64.1500015258789,24.299102783203125,27139.888671875
2023-03-28,380.688232421875,63.100704193115234,91.99547576904297,93.9861068725586,183.44000244140625,64.55000305175781,24.212133407592773,27268.130859375
2023-03-29,386.2215270996094,63.86336135864258,91.8106460571289,94.42133331298828,182.52999877929688,64.1500015258789,24.273012161254883,28348.44140625
2023-03-30,388.4829406738281,64.60786437988281,92.2330551147461,94.5518798828125,184.17999267578125,65.31999969482422,24.15995216369629,28033.5625
2023-03-31,393.9584655761719,64.9347152709961,93.61483001708984,95.40486145019531,183.22000122070312,66.44000244140625,24.246919631958008,28478.484375
2023-04-03,395.4596862792969,65.45222473144531,94.0550765991211,95.9811019897461,184.5399932861328,70.2699966430664,24.133859634399414,27790.220703125
2023-04-04,393.2655944824219,65.4613037109375,94.52271270751953,96.1033706665039,187.97999572753906,70.2699966430664,24.03819465637207,28168.08984375
2023-04-05,392.2359313964844,65.00736236572266,95.51091766357422,96.41767883300781,187.8300018310547,70.23999786376953,24.107770919799805,28177.984375
2023-04-06,393.7659606933594,65.31604766845703,95.75794219970703,96.33038330078125,186.49000549316406,70.26000213623047,24.125164031982422,28044.140625
2023-04-10,394.17010498046875,65.2706527709961,94.21390533447266,95.88509368896484,185.11000061035156,69.76000213623047,24.26431655883789,29652.98046875
2023-04-11,394.27606201171875,65.48854064941406,94.40801239013672,95.85887908935547,186.27999877929688,71.06999969482422,24.17734718322754,30235.05859375
2023-04-12,392.6689147949219,65.90620422363281,94.31096649169922,95.65807342529297,187.19000244140625,72.43000030517578,24.046892166137695,30139.052734375
2023-04-13,397.8846435546875,66.75056457519531,93.56983184814453,95.8239517211914,189.72000122070312,71.80000305175781,23.9338321685791,30399.06640625
2023-04-14,396.9127502441406,66.47818756103516,92.71397399902344,95.50961303710938,186.36000061035156,72.08999633789062,24.07298469543457,30485.69921875
2023-04-17,398.3369445800781,66.36014556884766,91.61107635498047,94.90717315673828,185.52999877929688,70.83999633789062,24.194740295410156,29445.044921875
2023-04-18,398.5967102050781,66.72331237792969,91.93753814697266,95.22152709960938,186.25,70.7300033569336,24.107770919799805,30397.552734375
2023-04-19,398.5294494628906,66.51451110839844,91.84928131103516,94.7500228881836,185.36000061035156,69.30000305175781,24.15995216369629,28822.6796875
2023-04-20,396.3545837402344,66.51451110839844,92.63455200195312,95.1080322265625,186.08999633789062,67.5999984741211,24.15995216369629,28245.98828125
2023-04-21,396.6624450683594,66.85043334960938,92.1139907836914,95.16911315917969,184.25,68.20999908447266,24.133859634399414,27276.91015625
2023-04-24,397.0763244628906,67.02294158935547,93.005126953125,95.58822631835938,184.80999755859375,69.25,24.05558967590332,27525.33984375
2023-04-25,390.7732238769531,66.08778381347656,94.37273406982422,96.00731658935547,185.75,67.62000274658203,24.168651580810547,28307.59765625
2023-04-26,389.1180114746094,66.0423812866211,93.36689758300781,95.58822631835938,184.74000549316406,65.36000061035156,24.090377807617188,28422.701171875
2023-04-27,396.8646545410156,66.86859130859375,92.44042205810547,95.23897552490234,184.75,65.80999755859375,24.09907341003418,29473.787109375
2023-04-28,400.2519226074219,66.84135437011719,93.93155670166016,95.9811019897461,184.8000030517578,67.5,24.133859634399414,29340.26171875
2023-05-01,399.84783935546875,66.74148559570312,91.22309875488281,94.43220520019531,183.97000122070312,66.55000305175781,24.255617141723633,28091.568359375
2023-05-02,395.3537902832031,66.06961822509766,93.49636840820312,95.57112121582031,187.52000427246094,63.04999923706055,24.194740295410156,28680.537109375
2023-05-03,392.64007568359375,66.24212646484375,94.01823425292969,95.72879791259766,189.11000061035156,60.310001373291016,24.064287185668945,29006.30859375
2023-05-04,389.85906982421875,66.1059341430664,93.08946990966797,95.46599578857422,190.44000244140625,60.70000076293945,24.090377807617188,28847.7109375
2023-05-05,397.0763244628906,67.0774154663086,92.77989196777344,95.08927154541016,187.4600067138672,63.029998779296875,24.05558967590332,29534.384765625
2023-05-08,397.1821594238281,67.09557342529297,91.4795913696289,94.40594482421875,187.69000244140625,64.26000213623047,24.090377807617188,27694.2734375
2023-05-09,395.4404296875,66.82320404052734,91.15232849121094,94.37088775634766,189.02000427246094,64.87000274658203,24.168651580810547,27658.775390625
2023-05-10,397.2880859375,66.68701171875,92.03688049316406,95.11556243896484,188.75,64.38999938964844,24.125164031982422,27621.755859375
2023-05-11,396.59515380859375,66.5235824584961,93.00985717773438,95.4835205078125,187.1300048828125,63.25,24.281709671020508,27000.7890625
2023-05-12,396.0754699707031,66.40555572509766,92.23147583007812,94.89655303955078,186.80999755859375,62.06999969482422,24.43825340270996,26804.990234375
2023-05-15,397.4420166015625,66.91398620605469,91.27616119384766,94.38842010498047,187.2100067138672,62.9900016784668,24.36867904663086,27192.693359375
2023-05-16,394.7860107421875,66.2784423828125,91.001953125,93.91532135009766,184.8699951171875,62.540000915527344,24.429555892944336,27036.650390625
2023-05-17,399.5783386230469,66.58712768554688,90.73661041259766,93.90655517578125,184.22999572753906,64.5999984741211,24.473039627075195,27398.802734375
2023-05-18,403.42755126953125,66.48726654052734,90.06433868408203,93.51233673095703,181.83999633789062,64.04000091552734,24.655675888061523,26832.208984375
2023-05-19,402.8405456542969,66.87767028808594,89.42745208740234,93.39845275878906,183.63999938964844,63.900001525878906,24.58609962463379,26890.12890625
2023-05-22,403.0041809082031,66.89583587646484,89.10903930664062,93.36341094970703,183.2100067138672,63.90999984741211,24.603492736816406,26851.27734375
2023-05-23,398.4812316894531,65.91526794433594,89.36553192138672,93.55615234375,183.42999267578125,64.87000274658203,24.67306900024414,27225.7265625
2023-05-24,395.5943298339844,64.95287322998047,88.92327117919922,93.18820190429688,181.9499969482422,65.66000366210938,24.76003646850586,26334.818359375
2023-05-25,399.0201416015625,64.8620834350586,88.70213317871094,92.8815689086914,180.1999969482422,64.08999633789062,24.873096466064453,26476.20703125
2023-05-26,404.1877746582031,65.49762725830078,89.41862487792969,93.27578735351562,180.9199981689453,64.80000305175781,24.86440086364746,26719.291015625
2023-05-30,404.34173583984375,64.83484649658203,90.31199645996094,93.97664642333984,182.0399932861328,62.29999923706055,24.83831024169922,27702.349609375
2023-05-31,402.09954833984375,64.16297912597656,91.0992660522461,94.2833023071289,182.32000732421875,60.630001068115234,24.881793975830078,27219.658203125
2023-06-01,405.9199523925781,65.11630249023438,91.45668029785156,94.57242584228516,183.75999450683594,62.54999923706055,24.58609962463379,26819.97265625
2023-06-02,411.7899169921875,65.96066284179688,90.45448303222656,94.31757354736328,181.0500030517578,64.1500015258789,24.847007751464844,27249.58984375
2023-06-05,411.00091552734375,65.57933807373047,90.28597259521484,94.11541748046875,182.13999938964844,64.02999877929688,24.80352210998535,25760.09765625
2023-06-06,411.89581298828125,66.12409210205078,90.81812286376953,94.29997253417969,182.33999633789062,63.790000915527344,24.881793975830078,27238.783203125
2023-06-07,410.4715576171875,65.54254913330078,89.47002410888672,93.45622253417969,180.14999389648438,64.70999908447266,24.890491485595703,26345.998046875
2023-06-08,412.9543762207031,66.23597717285156,90.51657104492188,94.08028411865234,182.52999877929688,63.459999084472656,24.690462112426758,26508.216796875
2023-06-09,413.69537353515625,66.1250228881836,90.39240264892578,93.83416748046875,182.0399932861328,62.93000030517578,24.768733978271484,26480.375
2023-06-12,417.4483337402344,66.41163635253906,90.6584701538086,94.13299560546875,181.8800048828125,60.2400016784668,24.77743148803711,25902.5
2023-06-13,420.20050048828125,67.04034423828125,89.76270294189453,93.71109008789062,180.5399932861328,62.13999938964844,24.69915771484375,25918.728515625
2023-06-14,420.700927734375,67.28997802734375,90.4810791015625,94.00115966796875,180.63999938964844,61.83000183105469,24.577404022216797,25124.67578125
2023-06-15,425.91656494140625,68.00189971923828,91.3502197265625,94.81856536865234,181.91000366210938,63.40999984741211,24.43825340270996,25576.39453125
2023-06-16,424.46588134765625,67.85395812988281,90.99549102783203,94.65157318115234,181.6300048828125,64.3499984741211,24.481735229492188,26327.462890625
2023-06-20,422.2636413574219,66.9571304321289,91.62516784667969,94.99433898925781,179.75,63.91999816894531,24.551313400268555,28327.48828125
2023-06-21,420.1000671386719,67.058837890625,91.8469009399414,94.88884735107422,179.49000549316406,65.04000091552734,24.43825340270996,30027.296875
2023-06-22,421.6165466308594,66.64278411865234,90.73828887939453,94.39668273925781,177.7100067138672,62.52000045776367,24.525222778320312,29912.28125
2023-06-23,418.4291076660156,65.60726165771484,91.6429214477539,94.66033935546875,178.1999969482422,62.41999816894531,24.655675888061523,30695.46875
2023-06-26,416.7194519042969,65.69047546386719,91.74047088623047,94.76583099365234,178.50999450683594,62.72999954223633,24.62958335876465,30271.130859375
2023-06-27,421.28814697265625,66.26371002197266,91.50102233886719,94.66033935546875,177.69000244140625,61.29999923706055,24.568706512451172,30688.1640625
2023-06-28,421.5006408691406,66.3099365234375,91.89125061035156,95.07343292236328,177.27999877929688,62.52000045776367,24.681764602661133,30086.24609375
2023-06-29,423.161865234375,66.21748352050781,90.23277282714844,94.35273742675781,177.08999633789062,62.959999084472656,24.7861270904541,30445.3515625
2023-06-30,428.155517578125,67.03109741210938,91.29705047607422,95.04707336425781,178.27000427246094,63.54999923706055,24.681764602661133,30477.251953125
2023-07-03,428.64813232421875,66.9571304321289,90.77946472167969,94.78077697753906,178.47000122070312,63.38999938964844,24.707857131958008,31156.439453125
2023-07-05,428.0105895996094,66.20823669433594,89.9168472290039,94.10182189941406,177.83999633789062,64.62999725341797,24.8209171295166,30514.166015625
2023-07-06,424.6590270996094,65.06177520751953,88.64515686035156,93.14952087402344,177.30999755859375,64.44000244140625,24.76003646850586,29909.337890625
2023-07-07,423.5868835449219,65.55179595947266,88.11156463623047,93.06133270263672,178.63999938964844,65.8499984741211,24.551313400268555,30342.265625
2023-07-10,424.6590270996094,65.7366943359375,88.22718048095703,93.54631805419922,178.77999877929688,65.54000091552734,24.490434646606445,30414.470703125
2023-07-11,427.363525390625,66.32843017578125,88.68071746826172,93.98719787597656,179.4499969482422,67.02999877929688,24.429555892944336,30620.951171875
2023-07-12,430.80206298828125,67.59508514404297,89.6678466796875,94.8160629272461,181.8800048828125,67.87000274658203,24.142559051513672,30391.646484375
2023-07-13,434.2212829589844,68.67681884765625,90.6104965209961,95.4861831665039,182.00999450683594,69.08999633789062,23.977317810058594,31476.048828125
2023-07-14,433.9508056640625,68.28851318359375,90.0769271850586,94.74549865722656,181.42999267578125,67.47000122070312,24.020803451538086,30334.068359375
2023-07-17,435.45758056640625,68.20529174804688,90.12138366699219,94.90424346923828,181.55999755859375,66.58000183105469,23.994712829589844,30145.888671875
2023-07-18,438.6932678222656,68.64907836914062,90.53045654296875,95.14231872558594,183.63999938964844,67.95999908447266,24.01210594177246,29856.5625
2023-07-19,439.6688537597656,68.61210632324219,91.55315399169922,95.68018341064453,183.6699981689453,67.69000244140625,24.107770919799805,29913.923828125
2023-07-20,436.7518310546875,68.26077270507812,90.44154357910156,95.03648376464844,182.74000549316406,68.05000305175781,24.246919631958008,29792.015625
2023-07-21,436.7518310546875,68.39945983886719,90.46819305419922,95.20402526855469,182.17999267578125,68.98999786376953,24.31649398803711,29908.744140625
2023-07-24,438.70294189453125,68.2330322265625,90.13914489746094,95.08938598632812,181.39999389648438,70.69000244140625,24.40346336364746,29176.916015625
2023-07-25,439.9006652832031,68.30699920654297,89.97020721435547,94.93951416015625,182.41000366210938,71.16000366210938,24.377376556396484,29227.390625
2023-07-26,439.96826171875,68.4919204711914,90.05911254882812,95.38037872314453,183.3000030517578,70.66000366210938,24.30780029296875,29354.97265625
2023-07-27,437.05126953125,68.3347396850586,88.3072509765625,94.21646118164062,180.4199981689453,71.43000030517578,24.533918380737305,29210.689453125
2023-07-28,441.3301696777344,68.82476043701172,88.7607421875,94.83369445800781,181.86000061035156,72.08999633789062,24.499130249023438,29319.24609375
2023-07-31,442.17047119140625,68.84324645996094,88.97419738769531,95.09821319580078,182.35000610351562,73.16999816894531,24.542613983154297,29230.111328125
2023-08-01,440.9051818847656,67.9833984375,87.51617431640625,94.15062713623047,180.4600067138672,72.95999908447266,24.655675888061523,29675.732421875
2023-08-02,434.77178955078125,66.71674346923828,86.57984161376953,93.57549285888672,179.60000610351562,71.4800033569336,24.742645263671875,29151.958984375
2023-08-03,433.5257568359375,66.53182983398438,84.58232879638672,92.73492431640625,179.5399932861328,73.13999938964844,24.725250244140625,29178.6796875
2023-08-04,431.5650634765625,66.71674346923828,86.08047485351562,93.69935607910156,180.19000244140625,73.79000091552734,24.603492736816406,29074.091796875
2023-08-07,435.3320007324219,67.28072357177734,85.23330688476562,93.46931457519531,179.77999877929688,73.81999969482422,24.620887756347656,29180.578125
2023-08-08,433.4389343261719,66.8739242553711,86.2231216430664,93.84092712402344,178.63999938964844,74.05999755859375,24.73394775390625,29765.4921875
2023-08-09,430.541259765625,66.85543060302734,86.66902923583984,93.92940521240234,177.7899932861328,75.0999984741211,24.751340866088867,29561.494140625
2023-08-10,430.69580078125,67.14204406738281,85.24224090576172,93.26580810546875,177.60000610351562,74.19999694824219,24.794824600219727,29429.591796875
2023-08-11,430.44464111328125,66.68900299072266,85.0460433959961,92.94729614257812,177.60000610351562,74.25,24.847007751464844,29397.71484375
2023-08-14,432.82073974609375,66.39314270019531,84.85877227783203,92.91191101074219,177.05999755859375,73.80999755859375,24.933977127075195,29408.443359375
2023-08-15,427.7789001464844,65.57028198242188,84.34153747558594,92.42526245117188,176.58999633789062,72.62000274658203,24.942672729492188,29170.34765625
2023-08-16,424.6397399902344,65.0340347290039,83.6816635131836,92.00940704345703,175.57000732421875,71.37000274658203,25.01224708557129,28701.779296875
2023-08-17,421.40399169921875,64.5717544555664,83.32496643066406,91.76166534423828,175.3000030517578,71.9800033569336,25.003551483154297,26664.55078125
2023-08-18,421.60687255859375,64.5717544555664,83.61922454833984,92.10672760009766,175.3300018310547,72.79000091552734,25.020946502685547,26049.556640625
2023-08-21,424.34991455078125,64.81214904785156,82.50453186035156,91.55816650390625,175.80999755859375,72.58000183105469,24.994853973388672,26124.140625
2023-08-22,423.2005310058594,64.69194793701172,83.13771057128906,91.84130096435547,176.10000610351562,72.27999877929688,25.081823348999023,26031.65625
2023-08-23,427.9140625,65.39461517333984,85.19763946533203,93.13308715820312,177.88999938964844,71.36000061035156,24.994853973388672,26431.640625
2023-08-24,421.9835510253906,64.49778747558594,84.63582611083984,92.81459045410156,177.85000610351562,71.41000366210938,25.194881439208984,26162.373046875
2023-08-25,424.9584655761719,64.93232727050781,84.91226959228516,92.86764526367188,177.6199951171875,72.44999694824219,25.22966766357422,26047.66796875
2023-08-28,427.6532897949219,65.61651611328125,85.00145721435547,93.1596450805664,178.1300048828125,72.41000366210938,25.18618392944336,26106.150390625
2023-08-29,433.83489990234375,66.43012237548828,85.88427734375,93.90287017822266,179.8699951171875,73.31999969482422,25.047033309936523,27727.392578125
2023-08-30,435.62176513671875,66.39314270019531,85.79509735107422,93.7701416015625,180.32000732421875,73.66000366210938,25.003551483154297,27297.265625
2023-08-31,434.98431396484375,66.13426971435547,86.1785659790039,93.92940521240234,180.02000427246094,75.05999755859375,25.125307083129883,25931.47265625
2023-09-01,435.7956237792969,66.09728240966797,84.83601379394531,93.26078796386719,180.11000061035156,76.91999816894531,25.281850814819336,25800.724609375
2023-09-05,433.9122009277344,65.52406311035156,83.64643859863281,92.5948257446289,178.63999938964844,77.76000213623047,25.412303924560547,25779.982421875
2023-09-06,430.9952087402344,65.38536834716797,83.85218811035156,92.50603485107422,177.8300018310547,78.5199966430664,25.42099952697754,25753.236328125
2023-09-07,429.6719665527344,65.17271423339844,84.08473205566406,92.91448974609375,178.02000427246094,77.94999694824219,25.48187828063965,26240.1953125
2023-09-08,430.3190612792969,65.08026123046875,84.40672302246094,92.98551940917969,178.0800018310547,78.30000305175781,25.507970809936523,25905.654296875
2023-09-11,433.149169921875,65.75518798828125,83.79851531982422,92.80792236328125,178.41000366210938,78.37000274658203,25.386213302612305,25162.654296875
2023-09-12,430.7730712890625,65.48706817626953,84.28148651123047,92.78132629394531,177.49000549316406,79.69999694824219,25.429697036743164,25833.34375
2023-09-13,431.27532958984375,65.2836685180664,84.26361083984375,92.98551940917969,177.0800018310547,79.68000030517578,25.447092056274414,26228.32421875
2023-09-14,434.9939270019531,66.14351654052734,83.65538024902344,92.81683349609375,177.1699981689453,81.12000274658203,25.603635787963867,26539.673828125
2023-09-15,429.7529602050781,65.9955825805664,83.14555358886719,92.67475128173828,178.33999633789062,81.29000091552734,25.58624267578125,26608.693359375
2023-09-18,430.0050354003906,65.76443481445312,83.61961364746094,92.8523178100586,179.38999938964844,81.44999694824219,25.542757034301758,26754.28125
2023-09-19,429.1132507324219,65.81991577148438,83.0024642944336,92.54155731201172,179.22000122070312,81.5,25.560152053833008,27211.1171875
2023-09-20,425.1683349609375,65.6627426147461,83.26182556152344,92.57706451416016,179.35000610351562,80.13999938964844,25.603635787963867,27132.0078125
2023-09-21,418.1409606933594,64.5717544555664,81.12417602539062,91.64472961425781,178.0500030517578,80.41000366210938,25.621028900146484,26567.6328125
2023-09-22,417.20074462890625,64.62722778320312,81.77710723876953,92.2041244506836,178.6199951171875,80.62999725341797,25.681909561157227,26579.568359375
2023-09-25,418.9551696777344,64.3405990600586,79.76463317871094,91.30731964111328,177.6999969482422,80.38999938964844,25.77757453918457,26298.48046875
2023-09-26,412.8001708984375,63.50849914550781,79.48738098144531,91.04981231689453,176.27999877929688,80.87999725341797,25.855844497680664,26217.25
2023-09-27,412.9649353027344,63.388301849365234,79.0759506225586,90.62360382080078,174.10000610351562,82.9000015258789,25.977602005004883,26352.716796875
2023-09-28,415.35906982421875,63.906063079833984,79.31744384765625,90.7834243774414,173.22999572753906,81.56999969482422,25.838451385498047,27021.546875
2023-09-29,414.35107421875,63.72114944458008,79.3263931274414,90.58806610107422,171.4499969482422,80.86000061035156,25.855844497680664,26911.720703125
2023-10-02,414.1862487792969,62.78733825683594,77.99845123291016,89.75814819335938,169.64999389648438,79.38999938964844,26.055871963500977,27530.78515625
2023-10-03,408.6419677734375,62.00145721435547,76.32056427001953,88.72411346435547,169.16000366210938,79.93000030517578,26.08196258544922,27429.978515625
2023-10-04,411.6176452636719,62.112403869628906,77.39729309082031,89.4996566772461,169.13999938964844,75.58999633789062,26.003692626953125,27799.39453125
2023-10-05,411.4624938964844,62.65789794921875,77.01145935058594,89.39266967773438,168.8300018310547,73.98999786376953,25.916723251342773,27415.912109375
2023-10-06,416.3477783203125,63.351314544677734,76.07830810546875,89.125244140625,169.6999969482422,74.16000366210938,25.86454200744629,27946.59765625
2023-10-09,419.0132751464844,63.25886154174805,77.86384582519531,90.2306137084961,172.82000732421875,77.12999725341797,25.855844497680664,27583.677734375
2023-10-10,421.1942138671875,64.12796020507812,77.75619506835938,90.26628112792969,172.52999877929688,76.70999908447266,25.794965744018555,27391.01953125
2023-10-11,422.9195251464844,64.39608001708984,79.38023376464844,90.8189468383789,173.7899932861328,75.66999816894531,25.794965744018555,26873.3203125
2023-10-12,420.3411865234375,63.85982894897461,77.22681427001953,89.87403869628906,173.25999450683594,75.41999816894531,26.012388229370117,26756.798828125
2023-10-13,418.24755859375,63.26811218261719,78.60856628417969,90.37322998046875,178.8300018310547,78.98999786376953,26.02978515625,26862.375
2023-10-16,422.64813232421875,63.730384826660156,77.34345245361328,89.74922943115234,177.9600067138672,78.38999938964844,25.916723251342773,28519.466796875
2023-10-17,422.6286926269531,63.76738357543945,76.49105072021484,89.03609466552734,178.2899932861328,78.80000305175781,25.925418853759766,28415.748046875
2023-10-18,416.9972229003906,62.65789794921875,75.8180923461914,88.32295227050781,180.8699951171875,79.83999633789062,26.021085739135742,28328.341796875
2023-10-19,413.3332824707031,62.10315704345703,74.26585388183594,87.60980224609375,183.08999633789062,81.68000030517578,25.942813873291016,28719.806640625
2023-10-20,408.25421142578125,61.54840850830078,74.68756866455078,87.9574966430664,183.58999633789062,80.69999694824219,25.95151138305664,29682.94921875
2023-10-23,407.5466613769531,61.594642639160156,75.58483123779297,88.64385986328125,182.97000122070312,78.88999938964844,25.82105827331543,33086.234375
2023-10-24,410.6192626953125,61.94598388671875,76.58077239990234,89.14306640625,182.9499969482422,76.93000030517578,25.96890640258789,33901.52734375
2023-10-25,404.7259826660156,61.50217819213867,74.87599182128906,88.33186340332031,183.72000122070312,78.45999908447266,26.038480758666992,34502.8203125
2023-10-26,399.8795471191406,61.05839538574219,76.02449035644531,88.97370147705078,184.00999450683594,76.88999938964844,26.09935760498047,34156.6484375
2023-10-27,398.0670166015625,60.873477935791016,75.70146942138672,88.79539489746094,186.14999389648438,78.36000061035156,26.064571380615234,33909.80078125
2023-10-30,402.82623291015625,61.65011215209961,75.36052703857422,88.52796936035156,185.10000610351562,76.05000305175781,25.960208892822266,34502.36328125
2023-10-31,405.3560485839844,61.872013092041016,74.99263763427734,88.4031753540039,184.08999633789062,75.0199966430664,26.11675262451172,34667.78125
2023-11-01,409.6790466308594,62.45449447631836,76.61864471435547,89.66828918457031,183.50999450683594,74.75,26.125450134277344,35437.25390625
2023-11-02,417.53033447265625,63.730384826660156,78.36530303955078,90.73302459716797,184.1199951171875,76.18000030517578,25.994993209838867,34938.2421875
2023-11-03,421.339599609375,64.40532684326172,78.8965072631836,91.18038177490234,184.7899932861328,74.8499984741211,25.751483917236328,34732.32421875
2023-11-06,422.3088073730469,64.08173370361328,78.1312026977539,90.69723510742188,183.35000610351562,74.91000366210938,25.77757453918457,35037.37109375
2023-11-07,423.5107727050781,63.69341278076172,79.28365325927734,91.42192840576172,182.58999633789062,71.80000305175781,25.86454200744629,35443.5625
2023-11-08,423.82098388671875,63.610206604003906,80.6341323852539,91.88719940185547,180.77000427246094,70.19000244140625,25.855844497680664,35655.27734375
2023-11-09,420.51568603515625,63.6009521484375,78.77944946289062,90.9566879272461,181.49000549316406,70.25,25.96890640258789,36693.125
2023-11-10,427.0777282714844,63.8875732421875,79.22061157226562,91.41301727294922,179.50999450683594,71.79000091552734,25.95151138305664,37313.96875
2023-11-13,426.670654296875,64.05399322509766,79.04056549072266,91.42192840576172,180.50999450683594,72.91999816894531,25.916723251342773,36502.35546875
2023-11-14,434.94842529296875,65.69047546386719,80.83219909667969,92.85348510742188,182.1199951171875,72.69000244140625,25.507970809936523,35537.640625
2023-11-15,435.86920166015625,65.58877563476562,79.69779205322266,92.37036895751953,181.63999938964844,71.33999633789062,25.603635787963867,37880.58203125
2023-11-16,436.40234375,65.54254913330078,80.68815612792969,93.1308364868164,183.69000244140625,68.05000305175781,25.621028900146484,36154.76953125
2023-11-17,436.9451599121094,66.43012237548828,81.06629943847656,93.39925384521484,183.6699981689453,70.75,25.48187828063965,36596.68359375
2023-11-20,440.3085632324219,66.67976379394531,81.56147766113281,93.77503204345703,183.3699951171875,72.30000305175781,25.403608322143555,37476.95703125
2023-11-21,439.3489990234375,66.42088317871094,81.5254898071289,93.8018569946289,185.35000610351562,72.52999877929688,25.429697036743164,35813.8125
2023-11-22,441.0452575683594,66.57805633544922,81.81358337402344,94.17767333984375,184.55999755859375,71.61000061035156,25.516666412353516,37432.33984375
2023-11-24,441.31658935546875,67.0865707397461,80.85025024414062,93.69451904296875,185.52000427246094,70.81999969482422,25.403608322143555,37720.28125
2023-11-27,440.5218200683594,66.85543060302734,82.20074462890625,94.45503997802734,186.77000427246094,69.95999908447266,25.351425170898438,37254.16796875
2023-11-28,440.9579772949219,66.8739242553711,82.36280059814453,94.83080291748047,189.25999450683594,71.26000213623047,25.264455795288086,37831.0859375
2023-11-29,440.6477966308594,67.01261138916016,83.39814758300781,95.60027313232422,189.5399932861328,72.5199966430664,25.29054832458496,37858.4921875
2023-11-30,442.3828430175781,66.9571304321289,82.43482208251953,95.09921264648438,188.75,70.13999938964844,25.473182678222656,37712.74609375
2023-12-01,444.99993896484375,67.6598129272461,83.9874267578125,96.24422454833984,192.00999450683594,69.23999786376953,25.39491081237793,38688.75
2023-12-04,442.6639099121094,67.13279724121094,83.65320587158203,95.80419158935547,187.86000061035156,68.47000122070312,25.507970809936523,41980.09765625
2023-12-05,442.5766906738281,66.89240264892578,85.4505844116211,96.5675277709961,187.14999389648438,67.58000183105469,25.603635787963867,44080.6484375
2023-12-06,440.793212890625,67.09581756591797,86.58857727050781,96.92675018310547,187.83999633789062,64.76000213623047,25.664514541625977,43746.4453125
2023-12-07,444.1566467285156,67.41941833496094,86.09183502197266,96.93572998046875,188.14999389648438,65.11000061035156,25.52536392211914,43292.6640625
2023-12-08,446.066162109375,67.62281799316406,85.3873519897461,96.4148941040039,185.63999938964844,66.52999877929688,25.621028900146484,44166.6015625
2023-12-11,447.8011779785156,67.78924560546875,85.2066879272461,96.387939453125,183.58999633789062,66.80000305175781,25.65581703186035,41243.83203125
2023-12-12,449.84637451171875,67.90943145751953,85.45960998535156,96.93572998046875,183.49000549316406,64.25,25.58624267578125,41450.22265625
2023-12-13,456.0498046875,68.89871978759766,87.46466827392578,98.56122589111328,187.6300048828125,65.33000183105469,25.368820190429688,42890.7421875
2023-12-14,457.513427734375,69.40723419189453,89.7398910522461,99.60939025878906,188.72999572753906,67.16000366210938,25.134002685546875,43023.97265625
2023-12-15,456.7601623535156,68.7322998046875,89.83954620361328,99.46519470214844,187.0,67.1500015258789,25.299243927001953,41929.7578125
2023-12-18,459.32940673828125,68.89871978759766,89.12374114990234,99.05061340332031,187.85000610351562,68.08999633789062,25.295543670654297,42623.5390625
2023-12-19,462.1225891113281,69.481201171875,89.60399627685547,99.1767807006836,189.1300048828125,69.36000061035156,25.18451690673828,42270.52734375
2023-12-20,455.7188415527344,68.78001403808594,90.21105194091797,99.43817138671875,188.10000610351562,68.79000091552734,25.295543670654297,43652.25
2023-12-21,460.03985595703125,69.89405059814453,89.64022827148438,99.40210723876953,189.42999267578125,69.02999877929688,25.129003524780273,43869.15234375
2023-12-22,460.9644470214844,69.95958709716797,89.23248291015625,99.2308578491211,190.27000427246094,68.69000244140625,25.1197509765625,43997.90234375
2023-12-26,462.9108581542969,70.27787017822266,89.4861831665039,99.43817138671875,191.72000122070312,70.20999908447266,25.064237594604492,42520.40234375
2023-12-27,463.7478332519531,70.65234375,91.07185363769531,100.3664779663086,192.58999633789062,68.91999816894531,24.934709548950195,43442.85546875
2023-12-28,463.9230651855469,70.46510314941406,90.41039276123047,100.10511016845703,191.47000122070312,67.18000030517578,25.01797866821289,42627.85546875
2023-12-29,462.5799865722656,70.54000091552734,89.59490203857422,99.73558044433594,191.1699981689453,66.6500015258789,25.064237594604492,42099.40234375
2024-01-02,459.9912109375,69.75362396240234,89.07843780517578,99.05962371826172,190.72000122070312,65.7699966430664,25.27703857421875,44957.96875
2024-01-03,456.2346496582031,69.2293701171875,89.44993591308594,98.83429718017578,189.1300048828125,68.19000244140625,25.360309600830078,42848.17578125
2024-01-04,454.7650451660156,69.38851165771484,88.09080505371094,98.28453826904297,189.32000732421875,67.56999969482422,25.360309600830078,44179.921875
2024-01-05,455.3879089355469,69.43531799316406,87.24811553955078,97.93302154541016,189.35000610351562,69.02999877929688,25.360309600830078,44162.69140625
2024-01-08,461.88897705078125,70.17488861083984,88.1089096069336,98.68106842041016,187.8699951171875,66.4000015258789,25.314048767089844,46970.50390625
2024-01-09,461.1883239746094,69.54766845703125,87.54712677001953,98.85232543945312,187.92999267578125,67.38999938964844,25.39731788635254,46139.73046875
2024-01-10,463.7964782714844,69.99702453613281,87.13938903808594,98.72614288330078,187.5,66.55999755859375,25.351057052612305,46627.77734375
2024-01-11,463.5921325683594,69.98766326904297,87.62869262695312,99.32098388671875,187.8699951171875,67.6500015258789,25.36956024169922,46368.5859375
2024-01-12,463.913330078125,70.27787017822266,87.45651245117188,99.53730773925781,189.7100067138672,68.0199966430664,25.39731788635254,42853.16796875
2024-01-16,462.2101745605469,69.09831237792969,85.9161605834961,98.5278549194336,187.91000366210938,67.25,25.61937141418457,43154.9453125
2024-01-17,459.6408996582031,68.4429931640625,85.78022003173828,98.32057189941406,185.83999633789062,67.94000244140625,25.637874603271484,42742.65234375
2024-01-18,463.7283630371094,69.05150604248047,84.98285675048828,98.13130950927734,187.3699951171875,69.05999755859375,25.665632247924805,41262.05859375
2024-01-19,469.50927734375,69.21064758300781,85.25469207763672,98.23043060302734,187.92999267578125,68.81999969482422,25.628623962402344,41618.40625
2024-01-22,470.5019836425781,69.42596435546875,85.76213073730469,98.5008316040039,187.22000122070312,69.69000244140625,25.637874603271484,39507.3671875
2024-01-23,471.8741455078125,69.2293701171875,85.08253479003906,98.14030456542969,187.9499969482422,69.66000366210938,25.702640533447266,39845.55078125
2024-01-24,472.3900146484375,69.75362396240234,84.58417510986328,97.95103454589844,186.39999389648438,70.54000091552734,25.628623962402344,40077.07421875
2024-01-25,474.95928955078125,69.9502182006836,85.13690185546875,98.59996032714844,187.13999938964844,72.2300033569336,25.702640533447266,39933.80859375
2024-01-26,474.3558654785156,70.25914764404297,84.97380828857422,98.32057189941406,187.00999450683594,73.0999984741211,25.702640533447266,41816.87109375
2024-01-29,478.1124572753906,70.67106628417969,85.95237731933594,98.72614288330078,188.3300018310547,72.05000305175781,25.702640533447266,43288.24609375
2024-01-30,477.74267578125,70.57744598388672,86.73165130615234,99.04158020019531,188.58999633789062,72.80999755859375,25.68413734436035,42952.609375
2024-01-31,469.94720458984375,70.2217025756836,87.5833969116211,99.29395294189453,188.4499969482422,70.91999816894531,25.7489013671875,42582.60546875
2024-02-01,476.09796142578125,70.91445922851562,89.3014144897461,100.06185913085938,190.41000366210938,69.06999969482422,25.61937141418457,43075.7734375
2024-02-02,481.1100158691406,70.35276794433594,87.328857421875,99.14832305908203,188.61000061035156,67.51000213623047,25.850677490234375,43185.859375
2024-02-05,479.35821533203125,69.97830200195312,85.56536865234375,98.19863891601562,187.57000732421875,68.18000030517578,25.989459991455078,42658.66796875
2024-02-06,480.7499694824219,70.408935546875,86.40166473388672,98.75035858154297,188.5500030517578,68.80999755859375,25.915441513061523,43084.671875
2024-02-07,484.7596130371094,70.3714828491211,85.98348999023438,98.46092987060547,188.5,69.41999816894531,25.887685775756836,44318.22265625
2024-02-08,484.97369384765625,70.24978637695312,85.4835433959961,97.95441436767578,188.3300018310547,71.5199966430664,25.915441513061523,45301.56640625
2024-02-09,487.77655029296875,70.49319458007812,85.31082916259766,97.82780456542969,187.60000610351562,71.66999816894531,25.896936416625977,47147.19921875
2024-02-12,487.56243896484375,70.61489868164062,85.41083526611328,97.83684539794922,187.11000061035156,72.11000061035156,25.924694061279297,49958.22265625
2024-02-13,480.84722900390625,69.52893829345703,83.94732666015625,96.76053619384766,184.52999877929688,72.6500015258789,26.12824249267578,49742.44140625
2024-02-14,485.2170104980469,70.30595397949219,84.37456512451172,97.21278381347656,184.4199981689453,71.55000305175781,26.081981658935547,51826.6953125
2024-02-15,488.5648498535156,71.10169219970703,84.81087493896484,97.56549835205078,185.66000366210938,72.83999633789062,25.980207443237305,51938.5546875
2024-02-16,486.1318359375,71.21404266357422,84.32002258300781,97.21278381347656,186.33999633789062,73.41000366210938,25.989459991455078,52160.203125
2024-02-20,483.45550537109375,71.50424194335938,84.39274597167969,97.53836059570312,187.47000122070312,72.41999816894531,25.952449798583984,52284.875
2024-02-21,483.8934020996094,71.5604248046875,83.79278564453125,97.29418182373047,187.47999572753906,73.19999694824219,25.924694061279297,51839.1796875
2024-02-22,493.9078674316406,72.36551666259766,84.20184326171875,97.44793701171875,187.55999755859375,73.5999984741211,25.924694061279297,51304.97265625
2024-02-23,494.24847412109375,72.45913696289062,85.32901000976562,97.73735046386719,188.6199951171875,71.91999816894531,25.943199157714844,50731.94921875
2024-02-26,492.4382629394531,72.35615539550781,85.07450866699219,97.42984008789062,188.1999969482422,72.79000091552734,25.896936416625977,54522.40234375
2024-02-27,493.35308837890625,72.5527572631836,84.47455596923828,97.29418182373047,188.0,73.8499984741211,25.915441513061523,57085.37109375
2024-02-28,492.7010498046875,72.13148498535156,85.0108642578125,97.28511047363281,188.33999633789062,73.62000274658203,25.933948516845703,62504.7890625
2024-02-29,494.4722900390625,72.31871032714844,85.6108169555664,97.37556457519531,189.30999755859375,73.36000061035156,25.989459991455078,61198.3828125
2024-03-01,499.11456298828125,73.02083587646484,86.1442642211914,97.96833801269531,192.88999938964844,74.95999908447266,25.943199157714844,62440.6328125
2024-03-04,498.57928466796875,72.83360290527344,85.7977523803711,97.78679656982422,196.00999450683594,74.01000213623047,25.943199157714844,68330.4140625
2024-03-05,493.5964050292969,72.70254516601562,87.0196533203125,98.3223876953125,197.19000244140625,73.44999694824219,25.915441513061523,63801.19921875
2024-03-06,496.0975341796875,73.56381225585938,87.5302963256836,98.58564758300781,198.80999755859375,74.33999633789062,25.822919845581055,66106.8046875
2024-03-07,501.02203369140625,74.43444061279297,87.44823455810547,98.83074188232422,199.94000244140625,74.2300033569336,25.693389892578125,66925.484375
2024-03-08,498.01483154296875,74.19104766845703,87.29322814941406,98.9668960571289,201.6300048828125,73.36000061035156,25.702640533447266,68300.09375
2024-03-11,497.5865783691406,73.76976776123047,87.24761199951172,98.98506164550781,202.0,73.62000274658203,25.730396270751953,72123.90625
2024-03-12,502.9393005371094,74.35955047607422,86.51811218261719,98.6673583984375,199.7899932861328,73.3499984741211,25.7489013671875,71481.2890625
2024-03-13,502.1510009765625,74.3689193725586,86.0986557006836,98.56748962402344,201.19000244140625,75.08999633789062,25.721145629882812,73083.5
2024-03-14,501.1582946777344,73.82593536376953,84.77647399902344,97.84125518798828,200.35000610351562,76.30000305175781,25.85993003845215,71396.59375
2024-03-15,497.7171325683594,73.85401916503906,84.74909973144531,97.86848449707031,199.7100067138672,76.33000183105469,25.887685775756836,69403.7734375
2024-03-18,500.6750793457031,73.83529663085938,84.4937744140625,97.705078125,200.02999877929688,77.9800033569336,25.943199157714844,67548.59375
2024-03-19,503.4573974609375,73.96636199951172,84.7308578491211,97.98651885986328,199.8000030517578,78.43000030517578,26.007963180541992,61912.7734375
2024-03-20,508.1139831542969,74.75273132324219,84.7035140991211,98.16806030273438,202.17999267578125,77.25,25.887685775756836,67913.671875
2024-03-21,509.7931213378906,74.71529388427734,84.88587188720703,98.31330871582031,201.97000122070312,76.81999969482422,26.0634765625,65491.390625
2024-03-22,508.82672119140625,74.55613708496094,85.69745635986328,98.6491928100586,200.35000610351562,76.68000030517578,26.202259063720703,63778.76171875
2024-03-25,507.4209289550781,74.39700317382812,85.26885986328125,98.31330871582031,200.99000549316406,77.76000213623047,26.137495040893555,69958.8125
2024-03-26,506.48370361328125,74.48123931884766,85.50593566894531,98.28606414794922,201.63999938964844,77.29000091552734,26.1560001373291,69987.8359375
2024-03-27,510.7400817871094,74.93061828613281,86.35398864746094,98.9668960571289,203.10000610351562,77.51000213623047,26.174503326416016,69455.34375
2024-03-28,510.6424865722656,74.7621078491211,86.28104400634766,98.87612915039062,205.72000122070312,78.7300033569336,26.24852180480957,70744.953125
2024-04-01,509.7540588378906,74.44380187988281,84.67267608642578,97.92938232421875,207.82000732421875,79.66999816894531,26.350296020507812,69702.1484375
2024-04-02,506.5130615234375,73.9195556640625,84.2060775756836,97.78357696533203,210.88999938964844,80.79000091552734,26.31328773498535,65446.97265625
2024-04-03,507.0694885253906,74.33146667480469,84.18778228759766,97.84735107421875,212.74000549316406,81.25,26.193008422851562,65980.8125
2024-04-04,500.880126953125,73.69486999511719,84.79161834716797,97.95672607421875,211.52000427246094,82.2699966430664,26.193008422851562,68508.84375
2024-04-05,506.1127624511719,73.92891693115234,83.61140441894531,97.52841186523438,215.13999938964844,82.4000015258789,26.220766067504883,67837.640625
2024-04-08,506.3958435058594,74.29402160644531,83.60223388671875,97.51932525634766,216.47999572753906,82.19999694824219,26.18375587463379,71631.359375
2024-04-09,506.9816589355469,74.28466033935547,84.37989807128906,98.02049255371094,217.6699981689453,81.1500015258789,26.174503326416016,69139.015625
2024-04-10,501.9051513671875,73.30168151855469,82.5409927368164,96.6263198852539,215.61000061035156,82.08999633789062,26.452070236206055,70587.8828125
2024-04-11,505.6929626464844,73.49828338623047,82.16588592529297,96.42586517333984,219.8000030517578,81.55000305175781,26.4705753326416,70060.609375
2024-04-12,498.7127990722656,72.30934143066406,82.60504150390625,96.64453887939453,216.88999938964844,81.52999877929688,26.68337631225586,67195.8671875
2024-04-15,492.4649353027344,72.09403228759766,81.3241958618164,95.57841491699219,220.9499969482422,81.6500015258789,26.72963523864746,63426.2109375
2024-04-16,491.5667419433594,71.3825454711914,80.7844009399414,95.25946807861328,221.22000122070312,81.33000183105469,26.766645431518555,63811.86328125
2024-04-17,488.6575622558594,71.42935180664062,81.68099212646484,95.77886199951172,219.58999633789062,78.91000366210938,26.68337631225586,61276.69140625
2024-04-18,487.6520690917969,71.23275756835938,81.26929473876953,95.58753204345703,220.33999633789062,78.77999877929688,26.738889694213867,63512.75390625
2024-04-19,483.3956298828125,71.26085662841797,81.56207275390625,95.68775177001953,221.02999877929688,78.8499984741211,26.738889694213867,63843.5703125
2024-04-22,487.8473205566406,72.09403228759766,81.42485046386719,95.9246826171875,215.57000732421875,78.77999877929688,26.748140335083008,66837.6796875
2024-04-23,493.6363525390625,72.88040924072266,81.4522705078125,96.08869934082031,215.0399932861328,79.9800033569336,26.637115478515625,66407.2734375
2024-04-24,493.402099609375,72.73998260498047,80.87588500976562,95.71509552001953,214.63999938964844,79.63999938964844,26.664871215820312,64276.8984375
2024-04-25,491.52764892578125,72.40296173095703,80.30866241455078,95.4325942993164,215.9199981689453,80.44000244140625,26.609357833862305,64481.70703125
2024-04-26,496.1844482421875,72.98339080810547,80.7295150756836,95.7970962524414,216.6199951171875,80.38999938964844,26.72963523864746,63755.3203125
2024-04-29,497.9416198730469,73.26423645019531,81.4065170288086,96.19802856445312,216.17999267578125,79.5,26.646366119384766,63841.12109375
2024-04-30,490.0536193847656,72.3374252319336,80.7112045288086,95.66954040527344,211.8699951171875,78.37999725341797,26.81290626525879,60636.85546875
2024-05-01,488.4622802734375,72.17829132080078,81.30612182617188,96.06749725341797,213.7899932861328,75.93000030517578,26.7851505279541,58254.01171875
2024-05-02,493.0310974121094,73.15189361572266,81.655029296875,96.66213989257812,213.1300048828125,75.93000030517578,26.581600189208984,59123.43359375
2024-05-03,499.14239501953125,73.8821029663086,82.48128509521484,97.339111328125,212.9600067138672,75.12999725341797,26.50758171081543,62889.8359375
2024-05-06,504.2969055175781,74.38764190673828,82.80262756347656,97.61355590820312,215.1999969482422,75.66000366210938,26.53533935546875,63161.94921875
2024-05-07,504.8534240722656,74.58423614501953,83.30757904052734,97.65930938720703,214.2100067138672,75.5,26.609357833862305,62334.81640625
2024-05-08,504.90216064453125,74.49996948242188,82.80262756347656,97.41231536865234,213.5800018310547,76.11000061035156,26.646366119384766,61187.94140625
2024-05-09,507.8113708496094,75.07103729248047,83.20659637451172,97.56781768798828,216.9499969482422,76.5199966430664,26.553844451904297,63049.9609375
2024-05-10,508.4654846191406,75.21145629882812,82.73834991455078,97.25678253173828,218.7100067138672,75.30000305175781,26.590852737426758,60792.77734375
2024-05-13,508.5337829589844,75.21145629882812,82.94953155517578,97.2933578491211,216.25999450683594,76.12999725341797,26.581600189208984,62901.44921875
2024-05-14,510.8670349121094,75.77316284179688,83.41773986816406,97.57695007324219,218.08999633789062,75.20999908447266,26.52608871459961,61552.7890625
2024-05-15,517.1930541992188,76.57826232910156,84.5561752319336,98.44607543945312,220.88999938964844,75.87999725341797,26.359548568725586,66267.4921875
2024-05-16,516.12890625,76.16634368896484,84.47356414794922,98.2905502319336,220.02999877929688,76.25,26.424312591552734,65231.58203125
2024-05-17,516.8709106445312,76.42848205566406,83.90433502197266,98.06183624267578,223.66000366210938,76.97000122070312,26.424312591552734,67051.875
2024-05-20,517.4664306640625,76.4846420288086,83.6564712524414,98.0160903930664,224.55999755859375,76.7300033569336,26.461322784423828,71448.1953125
2024-05-21,518.7355346679688,76.36294555664062,84.08795928955078,98.18077087402344,224.22999572753906,76.16000366210938,26.461322784423828,70136.53125
2024-05-22,517.241943359375,75.64210510253906,84.18895721435547,98.03443145751953,220.11000061035156,74.87000274658203,26.544593811035156,69122.3359375
2024-05-23,513.4638671875,75.25827026367188,83.64727020263672,97.60443115234375,215.72000122070312,74.44999694824219,26.600107192993164,67929.5625
2024-05-24,516.8612060546875,75.87613677978516,83.89513397216797,97.86972045898438,215.9199981689453,75.3499984741211,26.516836166381836,68526.1015625
2024-05-28,517.222412109375,75.84805297851562,82.69245910644531,97.28424835205078,218.19000244140625,77.66000366210938,26.479827880859375,68296.21875
2024-05-29,513.6005249023438,74.6497573852539,81.69172668457031,96.76275634765625,216.16000366210938,76.56999969482422,26.62786293029785,67578.09375
2024-05-30,510.1934509277344,75.27699279785156,82.48128509521484,97.35743713378906,216.57000732421875,75.52999877929688,26.544593811035156,68364.9921875
2024-05-31,514.8402709960938,75.99784088134766,83.04132843017578,97.78738403320312,215.3000030517578,74.81999969482422,26.52608871459961,67491.4140625
2024-06-03,515.2601318359375,76.2131576538086,84.38448333740234,98.46234130859375,217.22000122070312,71.83000183105469,26.387304306030273,68804.78125
2024-06-04,515.836181640625,76.1195297241211,85.37018585205078,98.84805297851562,215.27000427246094,71.08999633789062,26.396556854248047,70567.765625
2024-06-05,521.9669799804688,76.65315246582031,85.99662780761719,99.17863464355469,217.82000732421875,71.88999938964844,26.43356704711914,71082.8203125
2024-06-06,521.95703125,76.915283203125,85.86767578125,99.11436462402344,219.42999267578125,73.26000213623047,26.396556854248047,70757.1640625
2024-06-07,521.322509765625,76.08208465576172,84.29235076904297,98.22357177734375,211.60000610351562,73.0199966430664,26.618610382080078,69342.5859375
2024-06-10,522.9334106445312,76.02592468261719,83.73041534423828,98.02154541015625,213.5399932861328,75.45999908447266,26.68337631225586,69512.28125
2024-06-11,524.1926879882812,75.1620101928711,84.59635925292969,98.4439697265625,214.14999389648438,75.51000213623047,26.72038459777832,67332.03125
2024-06-12,528.4979858398438,76.0478286743164,85.23200225830078,99.05007934570312,214.72000122070312,75.9800033569336,26.600107192993164,68241.1875
2024-06-13,529.5620727539062,74.96198272705078,86.48487854003906,99.51844787597656,212.97000122070312,75.73999786376953,26.701879501342773,66756.3984375
2024-06-14,529.8842163085938,74.13330841064453,87.21265411376953,99.60107421875,215.72999572753906,76.08000183105469,26.822158813476562,66011.09375
2024-06-17,534.1015625,74.42857360839844,86.34669494628906,99.1327133178711,214.61000061035156,77.79000091552734,26.75739288330078,66490.296875
2024-06-18,535.4586791992188,74.7238540649414,87.13893127441406,99.59188842773438,215.47000122070312,78.66999816894531,26.748140335083008,65140.74609375
2024-06-20,534.00390625,74.77147674560547,86.55857849121094,99.26128387451172,218.16000366210938,79.41000366210938,26.859169006347656,64828.65625
2024-06-21,533.2880859375,74.24760437011719,86.55857849121094,99.28884887695312,214.77999877929688,78.6500015258789,26.923933029174805,64096.19921875
2024-06-24,531.5545043945312,74.8381576538086,86.90863800048828,99.38986206054688,215.6300048828125,79.69999694824219,26.831411361694336,60277.4140625
2024-06-25,533.6014404296875,75.01912689208984,87.0560302734375,99.35311126708984,214.55999755859375,78.9000015258789,26.859169006347656,61804.640625
2024-06-26,534.2675170898438,74.4666748046875,85.8124008178711,98.8113021850586,212.5800018310547,78.75,26.988697052001953,60811.27734375
2024-06-27,535.109619140625,74.5238265991211,86.15322875976562,99.00415802001953,214.99000549316406,79.91999816894531,26.951688766479492,61604.80078125
2024-06-28,533.0040893554688,74.60955810546875,84.55033111572266,98.37053680419922,215.00999450683594,79.58999633789062,26.951688766479492,60320.13671875
2024-07-01,534.1008911132812,74.74290466308594,83.09104919433594,97.78624725341797,215.57000732421875,81.54000091552734,26.960941314697266,62851.98046875
2024-07-02,537.6952514648438,74.92388153076172,83.73795318603516,98.41292572021484,215.55999755859375,81.11000061035156,26.923933029174805,62029.015625
2024-07-03,540.0948486328125,75.78112030029297,84.83772277832031,99.14093017578125,217.99000549316406,81.2699966430664,26.81290626525879,60173.921875
2024-07-05,543.2092895507812,76.28595733642578,85.54009246826172,99.65702056884766,220.92999267578125,81.30999755859375,26.72038459777832,56662.375
2024-07-08,543.8361206054688,75.90495300292969,85.72490692138672,99.64778900146484,218.19000244140625,80.41999816894531,26.766645431518555,56705.09765625
2024-07-09,544.3649291992188,75.60015869140625,85.34600830078125,99.46347045898438,218.55999755859375,79.7699966430664,26.803653717041016,58009.2265625
2024-07-10,549.7515869140625,76.66696166992188,85.61402130126953,99.70309448242188,219.36000061035156,80.4800033569336,26.775897979736328,57742.49609375
2024-07-11,545.01123046875,76.88603973388672,86.44575500488281,100.23759460449219,223.25,80.94000244140625,26.637115478515625,57344.9140625
2024-07-12,548.448974609375,77.70519256591797,86.81541442871094,100.60620880126953,223.11000061035156,80.25,26.544593811035156,57899.46484375
2024-07-15,549.957275390625,77.0193862915039,85.81733703613281,100.05329132080078,223.8300018310547,80.12000274658203,26.590852737426758,64870.15234375
2024-07-16,553.2186279296875,77.39086151123047,87.02796936035156,100.63385009765625,228.2899932861328,79.05999755859375,26.590852737426758,65097.1484375
2024-07-17,545.4619140625,76.98128509521484,87.04645538330078,100.679931640625,227.22999572753906,80.62000274658203,26.4705753326416,64118.79296875
2024-07-18,541.27001953125,76.21928405761719,86.38105010986328,100.24681091308594,225.77999877929688,79.9000015258789,26.590852737426758,63974.06640625
2024-07-19,537.6756591796875,75.75254821777344,85.87277221679688,99.878173828125,221.72999572753906,78.0,26.664871215820312,66710.15625
2024-07-22,543.2191162109375,76.55265808105469,85.62324523925781,99.82288360595703,221.8000030517578,77.62000274658203,26.646366119384766,67585.25
2024-07-23,542.3670043945312,76.12403106689453,85.50310516357422,99.74916076660156,222.5800018310547,76.62000274658203,26.692628860473633,65927.671875
2024-07-24,530.0755615234375,75.1620101928711,84.57894897460938,99.14093017578125,221.8000030517578,76.80999755859375,26.68337631225586,65372.1328125
2024-07-25,527.3136596679688,74.68576049804688,85.27208709716797,99.53721618652344,218.3300018310547,77.45999908447266,26.68337631225586,65777.2265625
2024-07-26,533.219482421875,75.63826751708984,85.93746185302734,100.09014892578125,220.6300048828125,76.11000061035156,26.664871215820312,67912.0625
2024-07-29,533.5328979492188,75.30487823486328,86.3995361328125,100.30210876464844,220.32000732421875,75.19000244140625,26.738889694213867,66819.9140625
2024-07-30,530.8297729492188,75.47632598876953,86.73222351074219,100.3850326538086,222.52000427246094,74.45999908447266,26.75739288330078,66201.015625
2024-07-31,539.4581298828125,76.54313659667969,87.61942291259766,100.96561431884766,226.5500030517578,77.73999786376953,26.609357833862305,64619.25
2024-08-01,531.8189697265625,74.5143051147461,88.3751220703125,101.30040740966797,225.77000427246094,76.29000091552734,26.701879501342773,65357.5
2024-08-02,521.9172973632812,73.34272766113281,91.12901306152344,102.29003143310547,225.33999633789062,73.38999938964844,26.43356704711914,61415.06640625
2024-08-05,506.7171630859375,71.74251556396484,91.6112060546875,102.03105163574219,222.47999572753906,73.22000122070312,26.28553009033203,53991.45703125
2024-08-06,511.3889465332031,71.86634063720703,89.56200408935547,101.36514282226562,220.6999969482422,72.44999694824219,26.368799209594727,56034.31640625
2024-08-07,507.9707946777344,72.20924377441406,88.93145751953125,100.90274810791016,220.5500030517578,74.69000244140625,26.424312591552734,55027.4609375
2024-08-08,519.7136840820312,73.41893005371094,88.38439178466797,100.948974609375,224.00999450683594,75.36000061035156,26.461322784423828,61710.13671875
2024-08-09,522.0054321289062,73.70466613769531,89.25598907470703,101.46688079833984,224.55999755859375,76.22000122070312,26.43356704711914,60880.11328125
2024-08-12,522.2797241210938,73.63800048828125,89.58052825927734,101.67962646484375,228.41000366210938,78.62999725341797,26.43356704711914,59354.515625
2024-08-13,530.868896484375,74.90483093261719,90.2017822265625,102.39176177978516,228.05999755859375,77.63999938964844,26.294782638549805,60609.56640625
2024-08-14,532.543701171875,75.1810531616211,90.76741027832031,102.84493255615234,226.1999969482422,76.58999633789062,26.322540283203125,58737.26953125
2024-08-15,541.6715698242188,76.095458984375,90.0348892211914,102.53047943115234,226.91000366210938,77.41000366210938,26.41506004333496,57560.09765625
2024-08-16,542.8861083984375,76.51455688476562,90.35015106201172,102.83570861816406,231.99000549316406,76.31999969482422,26.28553009033203,58894.10546875
2024-08-19,548.0767822265625,77.44800567626953,90.76741027832031,103.0761489868164,231.61000061035156,74.37999725341797,26.146747589111328,59493.453125
2024-08-20,547.1856079101562,77.20987701416016,91.49065399169922,103.3443603515625,232.4600067138672,73.83000183105469,26.05422592163086,59012.79296875
2024-08-21,549.0660400390625,77.92425537109375,91.54629516601562,103.5755844116211,232.14999389648438,72.5999984741211,25.97095489501953,61175.19140625
2024-08-22,544.756591796875,77.4670639038086,90.6375961303711,103.15013885498047,229.3699951171875,73.58000183105469,26.09123420715332,60381.9140625
2024-08-23,550.544921875,78.88628387451172,91.23101043701172,103.74207305908203,232.02000427246094,75.55000305175781,25.869178771972656,64094.35546875
2024-08-26,549.2324829101562,78.53385925292969,90.99922180175781,103.6125717163086,232.75999450683594,77.83000183105469,25.924694061279297,62880.66015625
2024-08-27,549.9866943359375,78.89582061767578,90.84159851074219,103.52935028076172,233.38999938964844,76.48999786376953,25.84142303466797,59504.1328125
2024-08-28,546.7938232421875,78.61959838867188,90.73030853271484,103.31661987304688,231.75,75.4800033569336,25.989459991455078,59027.625
2024-08-29,546.8427734375,78.91487121582031,90.43360900878906,103.14091491699219,232.9499969482422,76.7699966430664,26.081981658935547,59388.1796875
2024-08-30,552.06298828125,79.03868865966797,89.46926879882812,102.85418701171875,231.2899932861328,74.33999633789062,26.1560001373291,59119.4765625
2024-09-03,540.7020263671875,77.7909164428711,90.93256378173828,103.16516876220703,230.2899932861328,71.08999633789062,26.202259063720703,57431.0234375
2024-09-04,539.5953369140625,77.44800567626953,92.10469055175781,103.80565643310547,230.42999267578125,69.61000061035156,26.072731018066406,57971.5390625
2024-09-05,538.2828979492188,77.4670639038086,92.6256332397461,104.31617736816406,232.35000610351562,69.88999938964844,26.03571891784668,56160.48828125
2024-09-06,529.2235717773438,76.00973510742188,92.6163330078125,104.26978302001953,230.6300048828125,68.93000030517578,26.072731018066406,53948.75390625
2024-09-09,535.1488647460938,76.77173614501953,93.0163345336914,104.5018310546875,231.60000610351562,69.2699966430664,26.18375587463379,57019.53515625
2024-09-10,537.4797973632812,76.39073944091797,93.66752624511719,104.78958129882812,232.6199951171875,66.95999908447266,26.193008422851562,57648.7109375
2024-09-11,542.9937744140625,76.84793853759766,93.59309387207031,104.83599090576172,232.25,67.8499984741211,26.220766067504883,57343.171875
2024-09-12,547.5675048828125,77.4765853881836,93.15587615966797,104.76174926757812,236.3300018310547,69.88999938964844,26.109737396240234,58127.01171875
2024-09-13,550.4273681640625,77.65756225585938,93.40706634521484,105.08662414550781,238.67999267578125,69.83999633789062,26.072731018066406,60571.30078125
2024-09-16,551.2402954101562,78.28621673583984,94.26289367675781,105.55074310302734,238.66000366210938,70.87999725341797,25.989459991455078,58192.5078125
2024-09-17,551.4655151367188,77.84806823730469,93.80706024169922,105.56004333496094,237.33999633789062,71.72000122070312,26.072731018066406,60308.5390625
2024-09-18,549.8300170898438,77.60041046142578,92.64422607421875,105.1237564086914,235.50999450683594,70.66000366210938,26.100486755371094,61649.6796875
2024-09-19,559.2124633789062,79.13394165039062,92.33726501464844,105.21659088134766,239.1699981689453,72.75,25.989459991455078,62940.45703125
2024-09-20,558.245849609375,78.35289001464844,91.98374938964844,105.30938720703125,242.2100067138672,72.91999816894531,26.03571891784668,63192.9765625
2024-09-23,559.640869140625,78.64816284179688,91.78839874267578,105.16088104248047,242.67999267578125,72.25,26.072731018066406,63329.80078125
2024-09-24,561.2420654296875,79.1148910522461,91.7697982788086,105.33727264404297,246.07000732421875,73.29000091552734,25.924694061279297,64301.96875
2024-09-25,560.0042724609375,78.68626403808594,91.00698852539062,104.7153091430664,245.72999572753906,71.4800033569336,26.100486755371094,63143.14453125
2024-09-26,562.2244873046875,80.4198226928711,91.220947265625,104.7153091430664,246.97999572753906,69.01000213623047,25.980207443237305,65181.01953125
2024-09-27,561.4091186523438,79.93404388427734,91.69537353515625,105.13304138183594,245.02000427246094,70.2699966430664,25.97095489501953,65790.6640625
2024-09-30,563.6588134765625,79.6578140258789,91.25814819335938,104.87313842773438,243.05999755859375,69.91999816894531,26.072731018066406,63329.5
2024-10-01,558.609375,79.06727600097656,91.91703796386719,105.37715148925781,245.61000061035156,72.11000061035156,26.18375587463379,60837.0078125
2024-10-02,558.8450927734375,78.90533447265625,91.14244079589844,105.14424133300781,245.66000366210938,72.76000213623047,26.294782638549805,60632.78515625
2024-10-03,557.8234252929688,78.17191314697266,90.28384399414062,104.46414184570312,245.49000549316406,75.7300033569336,26.378053665161133,60759.40234375
2024-10-04,562.8925170898438,78.62911224365234,89.1732406616211,103.89584350585938,245.0,76.3499984741211,26.52608871459961,62067.4765625
2024-10-07,557.8037719726562,78.19096374511719,88.50129699707031,103.36479949951172,244.1699981689453,79.19999694824219,26.544593811035156,62236.66015625
2024-10-08,563.0791625976562,78.067138671875,88.65061950683594,103.56977081298828,242.3699951171875,75.79000091552734,26.544593811035156,62131.96875
2024-10-09,566.9793090820312,78.08618927001953,88.14665985107422,103.36479949951172,241.0500030517578,75.25,26.664871215820312,60582.1015625
2024-10-10,565.9871826171875,77.99093627929688,87.80136108398438,103.25300598144531,242.82000732421875,77.7699966430664,26.65561866760254,60274.5
2024-10-11,569.3764038085938,78.39099884033203,87.44668579101562,103.23438262939453,245.47000122070312,77.48999786376953,26.674121856689453,62445.08984375
2024-10-14,574.032958984375,78.61959838867188,87.51203155517578,103.24369812011719,245.07000732421875,75.93000030517578,26.75739288330078,66046.125
2024-10-15,569.5728149414062,77.31465911865234,88.57595825195312,103.74678039550781,245.9199981689453,72.76000213623047,26.775897979736328,67041.109375
2024-10-16,572.0484619140625,77.51468658447266,88.94926452636719,104.0728759765625,247.14999389648438,72.4000015258789,26.84991455078125,67612.71875
2024-10-17,572.0975952148438,77.52420806884766,87.54004669189453,103.29959869384766,248.6300048828125,72.62000274658203,26.933185577392578,67399.8359375
2024-10-18,574.2981567382812,78.04808807373047,87.60537719726562,103.17848205566406,251.27000427246094,71.37999725341797,26.859169006347656,68418.7890625
2024-10-21,573.3550415039062,77.1241683959961,86.07482147216797,102.12574005126953,251.22000122070312,72.26000213623047,26.979446411132812,67367.8515625
2024-10-22,573.050537109375,76.6860122680664,86.15882110595703,102.11641693115234,253.92999267578125,73.9800033569336,27.0072021484375,67361.40625
2024-10-23,567.8142700195312,75.91448211669922,85.92549896240234,101.77171325683594,250.8699951171875,73.55000305175781,27.09972381591797,66432.1953125
2024-10-24,569.0422973632812,76.3431167602539,86.47610473632812,102.07915496826172,252.8000030517578,73.05999755859375,26.99795150756836,68161.0546875
2024-10-25,568.8458862304688,76.0859375,85.99081420898438,101.8369369506836,253.32000732421875,74.2300033569336,27.090473175048828,66642.4140625
2024-10-28,570.6043701171875,76.6955337524414,85.75750732421875,101.75308990478516,253.3300018310547,70.43000030517578,27.090473175048828,69907.7578125
2024-10-29,571.5277709960938,76.41931915283203,85.88815307617188,101.87419128417969,256.0899963378906,69.66000366210938,27.09972381591797,72720.4921875
2024-10-30,569.798828125,75.92400360107422,86.14015197753906,101.7437744140625,257.5,71.36000061035156,27.034957885742188,72339.5390625
2024-10-31,558.6290283203125,75.45728302001953,86.28014373779297,101.53881072998047,253.50999450683594,73.08000183105469,27.016454696655273,70215.1875
2024-11-01,560.9866943359375,75.60968780517578,85.06372833251953,100.98252868652344,252.47000122070312,72.0199966430664,27.127479553222656,69482.46875
2024-11-04,559.7783203125,75.66683959960938,86.38407897949219,101.73047637939453,252.8300018310547,74.29000091552734,27.025707244873047,67811.5078125
2024-11-05,566.5470581054688,76.41931915283203,86.84291076660156,102.21663665771484,253.39999389648438,74.7300033569336,26.91468048095703,69359.5625
2024-11-06,580.634521484375,75.31440734863281,84.46442413330078,101.15080261230469,245.6999969482422,74.54000091552734,27.349533081054688,75639.078125
2024-11-07,585.1242065429688,76.4573974609375,85.52257537841797,102.34751892089844,249.64999389648438,74.66000366210938,27.127479553222656,75904.859375
2024-11-08,587.65869140625,75.40013122558594,86.60882568359375,102.70280456542969,247.9600067138672,73.12999725341797,27.31252670288086,76545.4765625
2024-11-11,588.2186889648438,75.41918182373047,86.18743133544922,102.50645446777344,242.13999938964844,70.94000244140625,27.46981430053711,88701.484375
2024-11-12,586.3914794921875,74.01900482177734,84.89517211914062,101.58089447021484,240.0500030517578,70.69000244140625,27.590091705322266,87955.8125
2024-11-13,586.6764526367188,73.58084869384766,84.0898666381836,101.19754791259766,237.6300048828125,70.7300033569336,27.747379302978516,90584.1640625
2024-11-14,582.9039916992188,73.7332534790039,84.57679748535156,101.16951751708984,237.00999450683594,71.29000091552734,27.858407974243164,87250.4296875
2024-11-15,575.437744140625,73.466552734375,84.35205078125,101.21625518798828,236.58999633789062,69.75,27.830650329589844,91066.0078125
2024-11-18,577.7955322265625,73.86660766601562,84.50188446044922,101.40323638916016,241.08999633789062,72.06999969482422,27.69186782836914,90542.640625
2024-11-19,579.9075317382812,73.77134704589844,84.93263244628906,101.61827087402344,243.25,72.30999755859375,27.682613372802734,92343.7890625
2024-11-20,580.1041259765625,73.57131958007812,84.66107177734375,101.37518310546875,244.6199951171875,72.0199966430664,27.821395874023438,94339.4921875
2024-11-21,583.2183227539062,73.59037780761719,84.59552764892578,101.25365447998047,246.66000366210938,73.19999694824219,27.91391944885254,98504.7265625
2024-11-22,585.0260009765625,73.8761215209961,84.64234161376953,101.34715270996094,249.83999633789062,74.25,28.061954498291016,98997.6640625
2024-11-25,587.0103149414062,74.25712585449219,86.83355712890625,102.60931396484375,242.47999572753906,72.0999984741211,27.867658615112305,93102.296875
2024-11-26,590.0753784179688,73.82849884033203,86.49644470214844,102.34751892089844,242.9499969482422,71.61000061035156,27.904666900634766,91985.3203125
2024-11-27,588.2874755859375,74.22855377197266,87.09574890136719,102.72149658203125,243.49000549316406,71.72000122070312,27.66411018371582,95962.53125
2024-11-29,591.9420776367188,75.21915435791016,87.99470520019531,103.35726928710938,245.58999633789062,71.61000061035156,27.617849349975586,97461.5234375
2024-12-02,593.0029907226562,75.42870330810547,88.20612335205078,103.51956939697266,243.44000244140625,71.04000091552734,27.78438949584961,95865.3046875
2024-12-03,593.2779541015625,75.8573226928711,87.44499969482422,103.15367889404297,243.92999267578125,73.04000091552734,27.775136947631836,96002.1640625
2024-12-04,596.9619750976562,75.91448211669922,88.38465118408203,103.65091705322266,244.6699981689453,71.87999725341797,27.76588249206543,98768.53125
2024-12-05,595.9796142578125,76.28595733642578,88.56320190429688,103.62276458740234,242.86000061035156,71.47000122070312,27.617849349975586,96593.5703125
2024-12-06,597.109375,76.27643585205078,88.69474792480469,103.85731506347656,242.9499969482422,70.23999786376953,27.69186782836914,99920.7109375
2024-12-09,594.034423828125,76.22880554199219,87.87725830078125,103.5946044921875,245.36000061035156,71.16999816894531,27.738126754760742,97432.71875
2024-12-10,592.1875,75.54300689697266,87.46379089355469,103.43513488769531,248.58999633789062,71.4000015258789,27.802892684936523,96675.4296875
2024-12-11,596.7655029296875,76.01925659179688,86.63690185546875,103.15367889404297,250.9600067138672,73.33000183105469,27.895414352416992,101173.03125
2024-12-12,593.690673828125,75.35250091552734,85.58448028564453,102.5719985961914,247.27999877929688,73.20999908447266,27.98793601989746,100043.0
2024-12-13,593.5728759765625,75.14295196533203,84.71058654785156,101.99968719482422,244.2899932861328,74.20999908447266,27.997190475463867,101459.2578125
2024-12-16,596.1072998046875,74.89530181884766,84.96429443359375,102.13104248046875,244.8800048828125,73.69999694824219,27.950927734375,106029.71875
2024-12-17,593.6513671875,74.77654266357422,85.1710205078125,102.14044189453125,243.94000244140625,73.30000305175781,27.97868537902832,106140.6015625
2024-12-18,575.9584350585938,72.942138671875,84.10601806640625,100.87409210205078,239.25999450683594,72.94000244140625,28.302513122558594,100041.5390625
2024-12-19,575.7816162109375,72.71041870117188,82.8325424194336,100.32801818847656,239.60000610351562,72.61000061035156,28.3580265045166,97490.953125
2024-12-20,582.6973266601562,72.5076675415039,83.30419921875,100.72344207763672,242.10000610351562,73.0999984741211,28.219242095947266,97755.9296875
2024-12-23,586.1866455078125,72.98075103759766,82.54011535644531,100.43158721923828,240.9600067138672,73.05999755859375,28.322710037231445,94686.2421875
2024-12-24,592.7020263671875,73.2414321899414,82.8891372680664,100.74227905273438,241.44000244140625,73.6500015258789,28.400068283081055,98676.09375
2024-12-26,592.7416381835938,73.5890121459961,82.84196472167969,100.83642578125,243.07000732421875,73.12999725341797,28.34204864501953,95795.515625
2024-12-27,586.5020751953125,73.48280334472656,82.16278076171875,100.41275787353516,241.39999389648438,73.8499984741211,28.293699264526367,94164.859375
2024-12-30,579.8092041015625,73.00006866455078,82.82311248779297,100.84585571289062,240.6300048828125,74.81999969482422,28.322710037231445,92643.2109375
2024-12-31,577.6998291015625,73.00006866455078,82.37974548339844,100.59162902832031,242.1300048828125,75.55000305175781,28.448415756225586,93429.203125
2025-01-02,576.2802734375,72.74903869628906,82.60613250732422,100.60105895996094,245.4199981689453,76.93000030517578,28.690160751342773,96886.875
2025-01-03,583.48583984375,73.06764221191406,82.34201049804688,100.36566925048828,243.49000549316406,77.91999816894531,28.603132247924805,98107.4296875
2025-01-06,586.8470458984375,73.7627944946289,81.97412872314453,100.1114730834961,243.19000244140625,77.30000305175781,28.41940689086914,102078.0859375
2025-01-07,580.2132568359375,73.70486450195312,81.0496826171875,99.65013885498047,244.55999755859375,78.16999816894531,28.525774002075195,96922.703125
2025-01-08,581.0609130859375,73.5890121459961,81.15342712402344,99.81019592285156,245.86000061035156,77.30000305175781,28.63214111328125,95043.5234375
2025-01-10,572.189697265625,72.46904754638672,80.61573791503906,99.23587036132812,248.2100067138672,80.63999938964844,28.77718734741211,94701.453125
2025-01-13,573.076904296875,72.26628875732422,80.58743286132812,98.95340728759766,245.74000549316406,82.2300033569336,28.864215850830078,94516.5234375
2025-01-14,573.8653564453125,72.5269775390625,80.45539093017578,99.06639862060547,247.02999877929688,81.66999816894531,28.680490493774414,96534.046875
2025-01-15,584.303955078125,73.45384216308594,81.84205627441406,100.25267791748047,248.8800048828125,84.33999633789062,28.63214111328125,100504.4921875
2025-01-16,583.1802368164062,73.83038330078125,82.106201171875,100.45042419433594,250.60000610351562,82.94000244140625,28.63214111328125,99756.90625
2025-01-17,589.0353393554688,74.12967681884766,82.24768829345703,100.53514099121094,249.27000427246094,82.5199966430664,28.738508224487305,104462.0390625
2025-01-21,594.4270629882812,75.62617492675781,82.98347473144531,101.118896484375,253.1300048828125,81.11000061035156,28.371057510375977,106146.265625
2025-01-22,597.7686157226562,75.45238494873047,82.54954528808594,100.79876708984375,254.42999267578125,80.43000030517578,28.41940689086914,103653.0703125
2025-01-23,601.0313110351562,76.07029724121094,81.90808868408203,100.65754699707031,254.07000732421875,79.20999908447266,28.40973663330078,103960.171875
2025-01-24,599.2766723632812,76.49510955810547,82.27598571777344,100.85527038574219,255.64999389648438,79.5999984741211,28.235681533813477,104819.484375
2025-01-27,590.7998046875,76.49510955810547,83.24759674072266,101.55198669433594,252.99000549316406,77.93000030517578,28.245349884033203,102087.6875
2025-01-28,595.8761596679688,76.39855194091797,83.19099426269531,101.41073608398438,255.17999267578125,78.86000061035156,28.361387252807617,101332.4765625
2025-01-29,593.204833984375,76.38890838623047,83.02120208740234,101.2789535522461,254.1999969482422,77.77999877929688,28.41940689086914,103703.2109375
2025-01-30,596.3886108398438,77.22887420654297,83.33248901367188,101.50491333007812,258.04998779296875,77.75,28.41940689086914,104735.3046875
2025-01-31,593.2147216796875,76.5047607421875,82.78536987304688,101.17536926269531,258.55999755859375,78.0199966430664,28.535444259643555,102405.0234375
2025-02-03,589.2225952148438,75.60685729980469,83.45941162109375,101.33507537841797,259.94000244140625,77.81999969482422,28.661149978637695,101405.421875
2025-02-04,593.1753540039062,76.48545837402344,83.71500396728516,101.53350067138672,262.5,77.51000213623047,28.400068283081055,97871.8203125
2025-02-05,595.580322265625,77.22887420654297,85.09716796875,102.24220275878906,264.1300048828125,76.08999633789062,28.35171890258789,96615.4453125
2025-02-06,597.6503295898438,77.59576416015625,85.05929565429688,102.05322265625,263.42999267578125,75.44999694824219,28.332378387451172,96593.296875
2025-02-07,592.1796875,76.86198425292969,84.51022338867188,101.60910034179688,263.8999938964844,75.86000061035156,28.458086013793945,96529.0859375
2025-02-10,596.2013549804688,77.38335418701172,84.25463104248047,101.63745880126953,268.3699951171875,77.4000015258789,28.545114517211914,97437.5546875
2025-02-11,596.65478515625,77.75023651123047,83.71500396728516,101.4106674194336,267.3900146484375,78.2699966430664,28.448415756225586,95747.4296875
2025-02-12,594.732666015625,78.03987884521484,82.5790023803711,100.86259460449219,267.6700134277344,76.31999969482422,28.467756271362305,97885.859375
2025-02-13,601.0115966796875,78.98604583740234,83.95169067382812,101.64690399169922,270.30999755859375,76.38999938964844,28.235681533813477,96623.8671875
2025-02-14,600.9820556640625,79.1019058227539,84.39662170410156,102.04376983642578,266.2900085449219,75.81999969482422,28.158323287963867,97508.96875
2025-02-18,602.7463989257812,79.6715316772461,83.40260314941406,101.62800598144531,270.70001220703125,76.95999908447266,28.21634292602539,95539.546875
2025-02-19,604.1658325195312,78.85088348388672,83.50675201416016,101.6846923828125,270.8500061035156,77.44999694824219,28.245349884033203,96635.609375
2025-02-20,601.6522216796875,79.21776580810547,83.81916046142578,101.93038940429688,270.989990234375,77.76000213623047,28.022947311401367,98333.9375
2025-02-21,591.361572265625,78.72537231445312,84.83209991455078,102.28946685791016,270.739990234375,75.3499984741211,28.119644165039062,96125.546875
2025-02-24,588.6707153320312,78.67709350585938,85.07823181152344,102.55404663085938,272.2099914550781,75.97000122070312,28.13898468017578,91418.171875
2025-02-25,585.7429809570312,79.39154815673828,86.54559326171875,103.33834075927734,268.6199951171875,74.12999725341797,28.032615661621094,88736.171875
2025-02-26,586.0387573242188,79.49774932861328,87.05680084228516,103.5556869506836,269.0299987792969,73.8499984741211,28.090635299682617,84347.0234375
2025-02-27,576.6843872070312,78.59986114501953,86.44145202636719,103.12100219726562,264.92999267578125,75.27999877929688,28.293699264526367,84704.2265625
2025-02-28,585.6838989257812,78.76399230957031,87.5017318725586,103.57457733154297,263.2699890136719,75.22000122070312,28.41940689086914,84373.0078125
2025-03-03,575.4227905273438,79.63292694091797,87.91008758544922,103.90181732177734,266.739990234375,73.31999969482422,28.14865493774414,86065.671875
2025-03-04,568.611572265625,79.61360931396484,86.82747650146484,103.56034851074219,269.05999755859375,73.30999755859375,27.897239685058594,87222.1953125
2025-03-05,574.722900390625,81.51561737060547,86.13422393798828,103.2283706665039,269.6199951171875,71.41999816894531,27.55879783630371,90623.5625
2025-03-06,564.52099609375,80.67564392089844,85.84934997558594,102.9058609008789,268.25,71.12999725341797,27.539459228515625,89961.7265625
2025-03-07,567.6849975585938,81.51561737060547,85.57392120361328,102.74461364746094,268.3900146484375,72.08999633789062,27.452430725097656,86742.671875
2025-03-10,552.564453125,79.59430694580078,86.46661376953125,103.09557342529297,266.0400085449219,70.88999938964844,27.471771240234375,78532.0
2025-03-11,547.9710083007812,79.323974609375,85.84934997558594,102.42212677001953,269.1600036621094,71.44999694824219,27.317054748535156,82862.2109375
2025-03-12,550.8787841796875,79.89360046386719,85.33651733398438,102.11859893798828,270.3299865722656,72.80000305175781,27.384742736816406,83722.359375
2025-03-13,543.5353393554688,79.36257934570312,86.08675384521484,102.44107818603516,275.1300048828125,71.62000274658203,27.481441497802734,81066.703125
2025-03-14,554.762451171875,80.82046508789062,85.63092041015625,102.39364624023438,275.239990234375,72.27999877929688,27.452430725097656,83969.1015625
2025-03-17,559.0403442382812,81.72801971435547,86.05826568603516,102.60232543945312,276.7300109863281,72.70999908447266,27.346065521240234,84075.6875
2025-03-18,552.9981079101562,81.7183609008789,86.14372253417969,102.84893798828125,279.9599914550781,72.20999908447266,27.326725006103516,82718.5
2025-03-19,559.0206298828125,81.95973205566406,86.5900650024414,103.45600891113281,281.1099853515625,72.41999816894531,27.394412994384766,86854.2265625
2025-03-20,557.4041137695312,81.27423858642578,86.64704895019531,103.30426025390625,280.75,73.7300033569336,27.471771240234375,84167.1953125
2025-03-21,557.5880126953125,80.7721939086914,86.13422393798828,103.16194915771484,278.489990234375,73.79000091552734,27.55879783630371,84043.2421875
2025-03-24,567.5736083984375,80.76253509521484,85.25103759765625,102.71615600585938,277.25,74.87999725341797,27.607147216796875,87498.9140625
2025-03-25,568.93798828125,81.20665740966797,85.24153900146484,102.82050323486328,278.4700012207031,74.81999969482422,27.57813835144043,87471.703125
2025-03-26,562.1458740234375,80.15428161621094,84.6812515258789,102.40312957763672,278.239990234375,75.41999816894531,27.70384407043457,86900.8828125
2025-03-27,560.6529541015625,80.32806396484375,84.43434143066406,102.27983093261719,281.9700012207031,75.4800033569336,27.616817474365234,87177.1015625
2025-03-28,549.3623657226562,79.61360931396484,85.6024169921875,102.8963851928711,284.05999755859375,74.7699966430664,27.56846809387207,84353.1484375
2025-03-31,553.0501098632812,78.9088134765625,86.4476089477539,103.09557342529297,288.1400146484375,77.33000183105469,27.59747886657715,82548.9140625
2025-04-01,554.6121215820312,79.02466583251953,87.19673919677734,103.46405029296875,287.57000732421875,77.08000183105469,27.62648582458496,85169.171875
2025-04-02,558.1219482421875,79.2081069946289,87.13954162597656,103.70211791992188,288.1600036621094,77.73999786376953,27.51045036315918,82485.7109375
2025-04-03,530.6172485351562,77.54747772216797,87.53984069824219,103.69257354736328,286.4200134277344,72.25,27.026962280273438,83102.828125
2025-04-04,499.5533447265625,72.43042755126953,88.49291229248047,103.57832336425781,279.7200012207031,67.91999816894531,27.326725006103516,83843.8046875
2025-04-07,498.6635437011719,70.68290710449219,85.8243179321289,101.5596923828125,273.7099914550781,65.9800033569336,27.442760467529297,79235.3359375
2025-04-08,490.8531188964844,70.44153594970703,84.20407104492188,100.27424621582031,275.20001220703125,63.34000015258789,27.317054748535156,76271.953125
2025-04-09,542.4022216796875,75.87718963623047,84.6996841430664,101.9500961303711,285.3800048828125,67.58000183105469,27.35573387145996,82573.953125
2025-04-10,518.6346435546875,74.38070678710938,82.36463928222656,100.21711730957031,292.3500061035156,65.31999969482422,26.785219192504883,79626.140625
2025-04-11,527.8885498046875,76.24407958984375,82.8125991821289,100.19807434082031,297.92999267578125,66.45999908447266,26.543476104736328,83404.8359375
2025-04-14,533.009765625,77.06474304199219,83.40350341796875,100.81700134277344,296.2300109863281,66.66000366210938,26.45644760131836,84542.390625
2025-04-15,531.5169067382812,77.7598876953125,83.6989517211914,101.35973358154297,297.7799987792969,66.4800033569336,26.60149383544922,83668.9921875
2025-04-16,519.702392578125,77.4605941772461,84.16595458984375,101.78822326660156,307.4700012207031,67.75,26.37908935546875,84033.8671875
2025-04-17,520.44384765625,78.3005599975586,83.42255401611328,101.64539337158203,306.1199951171875,69.4800033569336,26.398427963256836,84895.75
2025-04-21,508.0558776855469,77.8757553100586,81.96436309814453,100.5503921508789,315.5899963378906,68.62000274658203,26.147014617919922,87518.90625
2025-04-22,521.2743530273438,79.48809814453125,82.42184448242188,100.7979507446289,311.1099853515625,69.37000274658203,26.29206085205078,93441.890625
2025-04-23,529.3516845703125,79.80670928955078,83.22241973876953,101.2454833984375,303.6499938964844,68.05000305175781,26.53380584716797,93699.109375
2025-04-24,540.4940185546875,80.86874389648438,84.09925079345703,102.2833480834961,308.07000732421875,68.45999908447266,26.417766571044922,93943.796875
2025-04-25,544.3992309570312,81.21630859375,84.71874237060547,102.82608795166016,304.7300109863281,69.02999877929688,26.485454559326172,94720.5
2025-04-28,544.6068725585938,81.7569808959961,85.25245666503906,103.06414031982422,309.07000732421875,67.76000213623047,26.321069717407227,94978.75
2025-04-29,548.0375366210938,81.92110443115234,85.9672622680664,103.30218505859375,306.05999755859375,65.8499984741211,26.408098220825195,94284.7890625
2025-04-30,548.2550659179688,81.82456970214844,85.27153015136719,102.81658935546875,303.7699890136719,63.560001373291016,26.50479507446289,94207.3125
2025-05-01,552.1405029296875,81.56388854980469,84.83914184570312,102.45519256591797,297.4599914550781,64.5199966430664,26.65951156616211,96492.3359375
2025-05-02,560.3365478515625,83.12796020507812,83.92082977294922,102.20664978027344,297.9800109863281,64.01000213623047,26.620832443237305,96910.0703125
2025-05-05,557.1234130859375,83.27278900146484,83.45209503173828,102.06324005126953,306.8800048828125,62.369998931884766,26.57248306274414,94748.0546875
2025-05-06,552.4667358398438,83.16658020019531,83.72950744628906,102.26399993896484,315.4800109863281,64.5999984741211,26.408098220825195,96802.4765625
2025-05-07,554.7901611328125,82.88658905029297,84.08345794677734,102.47431182861328,310.75,63.5099983215332,26.60149383544922,97032.3203125
2025-05-08,558.6558227539062,82.59695434570312,83.14599609375,101.95809936523438,304.6300048828125,65.5999984741211,26.823896408081055,103241.4609375
2025-05-09,557.9440307617188,83.00244903564453,83.27037048339844,101.91984558105469,306.8399963378906,66.61000061035156,26.746540069580078,102970.8515625
2025-05-12,576.3826904296875,83.4272689819336,82.49553680419922,101.90071868896484,298.19000244140625,67.5999984741211,27.123659133911133,102812.953125
2025-05-13,580.18896484375,83.53346252441406,82.16072845458984,101.98677062988281,299.4599914550781,69.58999633789062,26.891584396362305,104169.8125
2025-05-14,580.9304809570312,83.12796020507812,81.61548614501953,101.47052001953125,293.1600036621094,68.7300033569336,26.949604034423828,103539.4140625
2025-05-15,583.7679443359375,84.0355224609375,82.3329086303711,102.19708251953125,297.8399963378906,67.58999633789062,26.881916046142578,103744.640625
2025-05-16,587.465576171875,84.2286148071289,82.55293273925781,102.38829040527344,294.239990234375,68.0999984741211,26.959272384643555,103489.2890625
2025-05-19,588.108154296875,85.02996826171875,82.31378173828125,102.39784240722656,298.0299987792969,68.51000213623047,26.775548934936523,105606.1796875
2025-05-20,586.130859375,85.43547058105469,81.72071075439453,102.14927673339844,303.5799865722656,68.66000366210938,26.698190689086914,106791.0859375
2025-05-21,576.2540893554688,84.93341827392578,80.32408142089844,101.01163482666016,305.82000732421875,67.58999633789062,26.5821533203125,109678.078125
2025-05-22,576.4815063476562,84.88513946533203,80.7449951171875,101.52789306640625,303.1099853515625,67.13999938964844,26.65951156616211,111673.28125
2025-05-23,572.5465698242188,85.0009994506836,80.87890625,101.60435485839844,309.75,67.98999786376953,26.46611785888672,107287.796875
2025-05-27,584.4501953125,86.23681640625,82.00768280029297,102.52212524414062,304.5,67.27999877929688,26.611164093017578,108994.640625
2025-05-28,581.06884765625,85.24237060546875,81.65372467041016,102.2735595703125,303.80999755859375,67.88999938964844,26.698190689086914,107802.328125
2025-05-29,583.3626098632812,85.61891174316406,82.4094467163086,102.7324447631836,305.6099853515625,67.19000244140625,26.553142547607422,105641.7578125
2025-05-30,582.7100830078125,85.74442291259766,82.5337905883789,103.02879333496094,303.6000061035156,67.1500015258789,26.543476104736328,103998.5703125
2025-06-02,585.992431640625,86.66162872314453,81.76567840576172,102.73711395263672,311.6700134277344,69.55000305175781,26.35974884033203,105881.53125
2025-06-03,589.3341064453125,86.0051040649414,81.62165069580078,102.78510284423828,308.9100036621094,69.88999938964844,26.53380584716797,105432.46875
2025-06-04,589.1759033203125,86.39129638671875,82.9466552734375,103.53351593017578,310.8999938964844,69.33999633789062,26.417766571044922,104731.984375
2025-06-05,586.3285522460938,86.33335876464844,83.0042495727539,103.21688079833984,309.3299865722656,69.93000030517578,26.398427963256836,101575.953125
2025-06-06,592.3495483398438,86.6423110961914,81.9480972290039,102.59318542480469,305.17999267578125,71.37999725341797,26.53380584716797,104390.34375
2025-06-09,592.8834838867188,86.6326675415039,82.0345230102539,102.90023040771484,306.6199951171875,72.05000305175781,26.46611785888672,110294.1015625
2025-06-10,596.2449340820312,86.74851989746094,82.45698547363281,103.14971923828125,306.7099914550781,71.5999984741211,26.49512481689453,110257.234375
2025-06-11,594.54443359375,86.60369873046875,82.70660400390625,103.4759521484375,308.3699951171875,74.81999969482422,26.398427963256836,108686.625
2025-06-12,596.9073486328125,87.26988220214844,83.69556427001953,104.05166625976562,312.20001220703125,75.05000305175781,26.205034255981445,105929.0546875
2025-06-13,590.2338256835938,86.1499252319336,82.88905334472656,103.42798614501953,316.2900085449219,80.22000122070312,26.272722244262695,106090.96875
2025-06-16,595.8494262695312,86.47306823730469,82.0537109375,103.24566650390625,311.7799987792969,78.58999633789062,26.30173110961914,106796.7578125
2025-06-17,590.7578125,85.41229248046875,83.05226135253906,103.6006851196289,311.94000244140625,82.30000305175781,26.475786209106445,104601.1171875
2025-06-18,590.6688232421875,85.55962371826172,83.19628143310547,103.67745971679688,310.260009765625,82.2699966430664,26.52413558959961,104883.328125
2025-06-20,589.2816162109375,84.79350280761719,83.04267883300781,103.76380920410156,310.1300048828125,83.12000274658203,26.49512481689453,103309.6015625
2025-06-23,595.1022338867188,85.43193817138672,83.31150817871094,104.02289581298828,311.0799865722656,76.41000366210938,26.38875961303711,105577.7734375
2025-06-24,601.6764526367188,86.47306823730469,83.91639709472656,104.51224517822266,306.19000244140625,73.0,26.253381729125977,106045.6328125
2025-06-25,602.0136108398438,86.0016098022461,84.02201080322266,104.38751220703125,307.1199951171875,73.30999755859375,26.185693740844727,107361.2578125
2025-06-26,606.7236938476562,86.96417236328125,84.44446563720703,104.77131652832031,306.7799987792969,73.58999633789062,26.07932472229004,106960.0
2025-06-27,609.7380981445312,87.74993133544922,83.90679168701172,104.5986099243164,301.2200012207031,73.27999877929688,26.127676010131836,107088.4296875
2025-06-30,612.6533813476562,87.79904174804688,84.73251342773438,105.17431640625,304.8299865722656,73.11000061035156,25.992298126220703,107135.3359375
2025-07-01,612.455078125,87.6517105102539,84.94261169433594,105.30144500732422,307.54998779296875,73.93000030517578,25.982629776000977,105698.28125
2025-07-02,615.2315063476562,87.9070816040039,84.40291595458984,105.28218078613281,309.25,75.58999633789062,25.963289260864258,108859.3203125
2025-07-03,620.0803833007812,87.92672729492188,83.81504821777344,105.03179168701172,307.1400146484375,75.19000244140625,26.0889949798584,109647.9765625
2025-07-07,615.4595947265625,86.97399139404297,83.01515197753906,104.40579223632812,307.3699951171875,76.4800033569336,26.176023483276367,108299.8515625
2025-07-08,615.1224365234375,87.61241912841797,82.90914154052734,104.10723876953125,304.1600036621094,76.95999908447266,26.195363998413086,108950.2734375
2025-07-09,618.8110961914062,88.27050018310547,83.7764892578125,104.70433807373047,305.5199890136719,76.93000030517578,26.195363998413086,111326.5546875
2025-07-10,620.5563354492188,88.21156311035156,83.83430480957031,104.72360229492188,306.20001220703125,75.38999938964844,26.243711471557617,115987.203125
2025-07-11,618.3748168945312,87.36686706542969,82.6778564453125,104.0879898071289,309.1400146484375,77.29000091552734,26.321069717407227,117516.9921875
2025-07-14,619.5547485351562,87.36686706542969,82.50437927246094,104.05911254882812,308.010009765625,75.62000274658203,26.38875961303711,119849.703125
2025-07-15,616.9072875976562,86.45342254638672,81.9261474609375,103.68351745605469,306.7300109863281,75.26000213623047,26.53380584716797,117777.1875
2025-07-16,618.9697265625,86.80701446533203,82.04179382324219,103.84722137451172,308.260009765625,75.19000244140625,26.43710708618164,118738.5078125
2025-07-17,622.757568359375,87.03292083740234,82.02251434326172,104.09762573242188,307.5899963378906,76.16000366210938,26.553142547607422,119289.84375
2025-07-18,622.301513671875,86.7873764038086,82.14781951904297,104.29023742675781,308.3900146484375,75.93000030517578,26.51446533203125,118003.2265625
2025-07-21,623.4815063476562,87.24900817871094,82.88024139404297,104.69470977783203,313.1300048828125,75.58999633789062,26.340410232543945,117439.5390625
2025-07-22,623.5707397460938,87.73028564453125,83.3813705444336,104.94511413574219,316.1000061035156,75.3499984741211,26.205034255981445,119995.4140625
2025-07-23,628.8757934570312,89.91077423095703,82.91878509521484,104.7813949584961,312.17999267578125,75.27999877929688,26.166353225708008,118754.9609375
2025-07-24,629.083984375,89.24288177490234,82.77422332763672,104.62730407714844,310.2699890136719,76.08999633789062,26.234041213989258,118368.0
2025-07-25,631.7413940429688,89.13483428955078,83.29463958740234,104.96437072753906,307.3999938964844,74.8499984741211,26.29206085205078,117635.8828125
2025-07-28,631.582763671875,87.70082092285156,82.75495147705078,104.75249481201172,305.4100036621094,77.16999816894531,26.59182357788086,117924.4765625
2025-07-29,629.9169311523438,87.5240249633789,84.15235900878906,105.44589233398438,306.25,79.80000305175781,26.65951156616211,117922.1484375
2025-07-30,629.1236572265625,86.89541625976562,83.71868133544922,105.0510482788086,300.9599914550781,81.04000091552734,26.920595169067383,117831.1875
2025-07-31,626.763671875,85.96231842041016,83.76686096191406,105.07994842529297,302.9599914550781,79.58999633789062,26.978612899780273,115758.203125
2025-08-01,616.4907836914062,85.73641967773438,84.95772552490234,106.01213073730469,309.1099853515625,77.45999908447266,26.65951156616211,113320.0859375
2025-08-04,625.8612670898438,86.87577056884766,85.18991088867188,106.19584655761719,310.9100036621094,76.11000061035156,26.64984130859375,115071.8828125
2025-08-05,622.688232421875,86.86595153808594,85.45111846923828,106.27323150634766,311.1600036621094,75.0199966430664,26.64984130859375,114141.4453125
2025-08-06,627.457763671875,87.43562316894531,84.95772552490234,106.24421691894531,310.5,73.79000091552734,26.49512481689453,115028.0
2025-08-07,626.9321899414062,88.22138977050781,84.81262969970703,106.1378402709961,313.1199951171875,73.41999816894531,26.475786209106445,117496.8984375
2025-08-08,631.82080078125,88.76160430908203,84.44501495361328,105.79939270019531,313.04998779296875,73.30000305175781,26.52413558959961,116688.7265625
2025-08-11,630.5713500976562,88.38835906982422,84.541748046875,105.96378326416016,308.54998779296875,73.80000305175781,26.630502700805664,118731.4453125
2025-08-12,637.2844848632812,89.46878051757812,84.11609649658203,106.06048583984375,308.2699890136719,72.94999694824219,26.49512481689453,120172.90625
2025-08-13,639.4659423828125,90.00899505615234,84.81262969970703,106.62133026123047,309.2099914550781,72.45999908447266,26.42743682861328,123344.0625
2025-08-14,639.5254516601562,90.0188217163086,84.18380737304688,106.25387573242188,307.25,73.73999786376953,26.52413558959961,118359.578125
2025-08-15,638.0281372070312,90.54920959472656,83.58403778076172,106.11849212646484,307.42999267578125,72.80000305175781,26.43710708618164,117398.3515625
2025-08-18,637.8892822265625,90.45098114013672,83.3421630859375,105.92510223388672,306.95001220703125,73.16999816894531,26.50479507446289,116252.3125
2025-08-19,634.4286499023438,90.46080780029297,83.82586669921875,106.08949279785156,305.2699890136719,72.30000305175781,26.57248306274414,112831.1796875
2025-08-20,632.742919921875,90.7849349975586,84.00968170166016,106.1378402709961,308.3599853515625,73.5199966430664,26.553142547607422,114274.7421875
2025-08-21,630.2044677734375,90.21525573730469,83.59368896484375,105.73169708251953,307.2900085449219,74.12999725341797,26.688520431518555,112419.03125
2025-08-22,639.8823852539062,91.5707015991211,84.21284484863281,106.56331634521484,310.5799865722656,74.63999938964844,26.42743682861328,116874.0859375
2025-08-25,637.0662231445312,90.36258697509766,83.97098541259766,106.28289031982422,309.8299865722656,75.75,26.64017105102539,110124.3515625
2025-08-26,639.733642578125,90.26437377929688,83.92262268066406,106.36024475097656,312.0799865722656,74.05000305175781,26.57248306274414,111802.65625
2025-08-27,641.1912841796875,90.04828643798828,83.82586669921875,106.39892578125,312.7099914550781,74.68000030517578,26.5821533203125,111222.0625
2025-08-28,643.4619750976562,90.38223266601562,84.37730407714844,106.56331634521484,315.0299987792969,75.23999786376953,26.485454559326172,112544.8046875
2025-08-29,639.6245727539062,89.85184478759766,83.77750396728516,106.17652893066406,318.07000732421875,74.83999633789062,26.46611785888672,108410.8359375
2025-09-02,634.884765625,88.96786499023438,83.15406036376953,105.82135009765625,325.5899963378906,76.76000213623047,26.64017105102539,111200.5859375
2025-09-03,638.3256225585938,89.1053695678711,84.06688690185547,106.45210266113281,328.1400146484375,74.83000183105469,26.59182357788086,111723.2109375
2025-09-04,643.6602783203125,89.75362396240234,84.70780944824219,107.17990112304688,326.69000244140625,74.18000030517578,26.630502700805664,110723.6015625
2025-09-05,641.796142578125,90.15632629394531,85.99933624267578,107.87857818603516,331.04998779296875,72.62999725341797,26.49512481689453,110650.984375
2025-09-08,643.3727416992188,91.05995178222656,87.14522552490234,108.25703430175781,334.82000732421875,73.04000091552734,26.408098220825195,112071.4296875
2025-09-09,644.8601684570312,90.7554702758789,86.64997100830078,108.06295776367188,334.05999755859375,73.38999938964844,26.51446533203125,111530.546875
2025-09-10,646.724365234375,90.73582458496094,87.14522552490234,108.38319396972656,335.260009765625,74.70999908447266,26.53380584716797,113955.359375
2025-09-11,652.0988159179688,91.6983871459961,87.72786712646484,108.88778686523438,334.760009765625,73.0,26.44677734375,115507.5390625
2025-09-12,651.8805541992188,91.33496856689453,87.34915161132812,108.69371795654297,335.4200134277344,73.30999755859375,26.485454559326172,116101.578125
2025-09-15,655.3511352539062,91.94393157958984,87.55309295654297,109.0333480834961,338.9100036621094,74.2300033569336,26.398427963256836,115444.875
2025-09-16,654.4487915039062,91.68856048583984,87.73759460449219,108.93631744384766,339.5899963378906,75.66999816894531,26.234041213989258,116843.1875
2025-09-17,653.6357421875,91.34478759765625,87.51423645019531,108.74223327636719,336.9700012207031,74.97000122070312,26.321069717407227,116468.5078125
2025-09-18,656.6898803710938,91.6983871459961,86.61113739013672,108.51905059814453,335.6199951171875,74.69000244140625,26.44677734375,117137.203125
2025-09-19,659.9423217773438,91.34478759765625,86.446044921875,108.43170166015625,339.17999267578125,73.5199966430664,26.52413558959961,115688.859375
2025-09-22,663.0645751953125,91.63945770263672,86.13529968261719,108.18910217285156,345.04998779296875,73.44999694824219,26.42743682861328,112748.5078125
2025-09-23,659.4551391601562,91.46265411376953,86.73737335205078,108.40259552001953,346.4599914550781,75.05000305175781,26.408098220825195,112014.5
2025-09-24,657.3569946289062,90.93226623535156,86.40719604492188,107.96592712402344,343.32000732421875,76.38999938964844,26.60149383544922,113328.6328125
2025-09-25,654.3242797851562,90.28401184082031,86.40719604492188,107.77184295654297,344.75,76.98999786376953,26.785219192504883,109049.2890625
2025-09-26,658.072998046875,90.98137664794922,86.32952117919922,107.91740417480469,346.739990234375,77.0199966430664,26.688520431518555,109712.828125
2025-09-29,659.9224243164062,91.33496856689453,87.03839874267578,108.27645874023438,352.4599914550781,74.58999633789062,26.630502700805664,114400.3828125
2025-09-30,662.4082641601562,91.70820617675781,86.78591918945312,108.1697006225586,355.4700012207031,73.75,26.60149383544922,114056.0859375
2025-10-01,664.6654052734375,92.4645004272461,87.01005554199219,108.60408020019531,356.0299987792969,73.13999938964844,26.59182357788086,118648.9296875
2025-10-02,665.4309692382812,92.61183166503906,87.26342010498047,108.7793960571289,354.7900085449219,71.54000091552734,26.630502700805664,120681.2578125
2025-10-03,665.421142578125,93.38777160644531,87.09774780273438,108.6430435180664,357.6400146484375,71.70999908447266,26.5821533203125,122266.53125
2025-10-06,667.8074951171875,93.6038589477539,86.40589141845703,108.29243469238281,364.3800048828125,72.87000274658203,26.707860946655273,124752.53125
2025-10-07,665.3316040039062,92.78862762451172,86.9028549194336,108.49695587158203,366.260009765625,73.19999694824219,26.862577438354492,121451.3828125
2025-10-08,669.2990112304688,93.06364440917969,86.97107696533203,108.36060333251953,372.29998779296875,73.52999877929688,26.920595169067383,123354.8671875
2025-10-09,667.3600463867188,92.29753112792969,86.9028549194336,108.14633178710938,365.42999267578125,72.51000213623047,27.104320526123047,121705.5859375
2025-10-10,649.32275390625,90.59831237792969,88.30609893798828,108.4482421875,369.1199951171875,69.38999938964844,26.968942642211914,113214.3671875
2025-10-13,659.2860107421875,91.32514953613281,88.25736999511719,108.81835174560547,378.0899963378906,70.27999877929688,27.065641403198242,115271.078125
2025-10-14,658.4805908203125,91.7376708984375,88.53996276855469,109.1787109375,380.7900085449219,69.0,26.988283157348633,113118.6640625
2025-10-15,661.4039306640625,92.1796646118164,88.3450698852539,109.1787109375,387.3900146484375,68.98999786376953,26.910924911499023,110783.1640625
2025-10-16,656.8995971679688,92.66093444824219,89.00770568847656,109.49036407470703,396.45001220703125,67.80999755859375,26.80455780029297,108186.0390625
2025-10-17,660.62841796875,92.82791900634766,88.87128448486328,109.2761001586914,388.989990234375,67.9800033569336,26.833566665649414,106467.7890625
2025-10-20,667.499267578125,93.59403228759766,89.21234130859375,109.60723876953125,403.1499938964844,67.83000183105469,26.901254653930664,110588.9296875
2025-10-21,667.4893188476562,92.90648651123047,89.65086364746094,109.62672424316406,377.239990234375,68.2699966430664,27.00762367248535,108476.890625
2025-10-22,664.0191040039062,92.76898193359375,89.7093276977539,109.73384857177734,377.2799987792969,70.62999725341797,26.978612899780273,107688.5859375
2025-10-23,667.9566650390625,93.2011489868164,89.09540557861328,109.59750366210938,378.7900085449219,73.29000091552734,26.988283157348633,110069.7265625
2025-10-24,673.4155883789062,93.34848022460938,89.13439178466797,109.78254699707031,377.5199890136719,73.18000030517578,26.988283157348633,111033.921875
2025-10-27,681.3603515625,93.99673461914062,89.43647766113281,109.96761322021484,367.010009765625,73.12000274658203,26.959272384643555,114119.328125
2025-10-28,683.1700439453125,93.95745086669922,89.67034149169922,109.97734069824219,364.3800048828125,71.38999938964844,26.9399356842041,112956.1640625
2025-10-29,683.4982299804688,93.42706298828125,88.76409149169922,109.35401153564453,363.0,71.80000305175781,27.094650268554688,110055.3046875
2025-10-30,675.9810180664062,93.01453399658203,88.24762725830078,108.7696533203125,370.1300048828125,71.70999908447266,27.201017379760742,108305.546875
2025-10-31,678.1983032226562,92.80827331542969,87.9845199584961,108.33138275146484,368.1199951171875,72.55999755859375,27.27837562561035,109556.1640625
2025-11-03,679.4711303710938,92.8475570678711,87.76447296142578,108.04009246826172,368.7799987792969,72.73999786376953,27.297714233398438,106547.5234375
2025-11-04,671.4169921875,91.89482116699219,87.96007537841797,108.18669891357422,362.32000732421875,71.93000030517578,27.384742736816406,101590.5234375
2025-11-05,673.7437133789062,92.48414611816406,87.00164031982422,107.86415100097656,366.510009765625,71.02999877929688,27.394412994384766,103891.8359375
2025-11-06,666.514892578125,92.27787780761719,87.7840347290039,108.43108367919922,366.07000732421875,70.87999725341797,27.249366760253906,101301.2890625
2025-11-07,667.1710815429688,92.62165832519531,87.59822082519531,108.21603393554688,368.30999755859375,71.26000213623047,27.230026245117188,103372.40625
2025-11-10,677.5818481445312,93.59403228759766,87.57865905761719,108.2746810913086,378.3800048828125,71.68000030517578,27.249366760253906,105996.59375
2025-11-11,679.1329956054688,94.28157043457031,87.97962951660156,108.70477294921875,379.8699951171875,72.72000122070312,27.2106876373291,102997.46875
2025-11-12,679.5109252929688,94.8414306640625,88.1361083984375,108.59725189208984,385.989990234375,69.79000091552734,27.220355987548828,101663.1875
2025-11-13,668.235107421875,93.82975769042969,87.41239166259766,108.05964660644531,382.8699951171875,69.8499984741211,27.14299964904785,99697.4921875
2025-11-14,668.1256713867188,93.56456756591797,86.91362762451172,107.76639556884766,375.9599914550781,71.37999725341797,27.181678771972656,94397.7890625
2025-11-17,661.901123046875,92.34663391113281,87.12877655029297,107.83482360839844,371.6499938964844,71.30000305175781,27.249366760253906,92093.875
2025-11-18,656.3427734375,91.14835357666016,87.09944152832031,107.88369750976562,374.3500061035156,72.5,27.27837562561035,92948.875
2025-11-19,658.8783569335938,90.87332916259766,86.92340850830078,107.89346313476562,374.9599914550781,70.87999725341797,27.452430725097656,91465.9921875
2025-11-20,648.8355712890625,89.6161117553711,87.26570129394531,108.04009246826172,374.8500061035156,70.1500015258789,27.471771240234375,86631.8984375
2025-11-21,655.2987670898438,91.00102233886719,87.52975463867188,108.42130279541016,374.2699890136719,69.30000305175781,27.452430725097656,85090.6875
2025-11-24,664.9437866210938,91.07959747314453,88.02853393554688,108.85140228271484,380.20001220703125,70.41999816894531,27.452430725097656,88270.5625
2025-11-25,671.1982421875,92.16983795166016,88.25347137451172,109.15440368652344,380.0799865722656,69.25,27.375072479248047,87341.890625
2025-11-26,675.8318481445312,93.18151092529297,88.6446533203125,109.5258560180664,383.1199951171875,70.04000091552734,27.297714233398438,90518.3671875
2025-11-28,679.5208129882812,93.49581909179688,88.22412872314453,109.34013366699219,387.8800048828125,71.06999969482422,27.27837562561035,90919.265625
2025-12-01,676.41845703125,93.0341796875,87.12584686279297,108.75440979003906,389.75,71.05999755859375,27.268707275390625,86321.5703125
2025-12-02,677.67138671875,93.34848022460938,87.16510772705078,108.82308197021484,387.239990234375,70.19999694824219,27.259037017822266,91350.203125
2025-12-03,680.0180053710938,93.84941101074219,87.41047668457031,109.068359375,386.8800048828125,70.66000366210938,27.123659133911133,93527.8046875
2025-12-04,680.51513671875,94.10477447509766,86.93936920166016,108.87214660644531,387.1300048828125,71.38999938964844,27.181678771972656,92141.625
2025-12-05,681.8078002929688,94.10477447509766,86.53695678710938,108.76422119140625,386.44000244140625,71.91999816894531,27.152667999267578,89387.7578125
2025-12-08,679.7594604492188,93.81011962890625,86.25232696533203,108.53856658935547,385.4200134277344,70.48999786376953,27.191349029541016,90640.203125
2025-12-09,679.1727905273438,93.68242645263672,86.34066772460938,108.4012222290039,387.3999938964844,69.86000061035156,27.230026245117188,92691.7109375
2025-12-10,683.6771850585938,94.72357177734375,86.67436218261719,108.90157318115234,389.04998779296875,70.54000091552734,27.084980010986328,92020.9453125
2025-12-11,685.26806640625,95.2834243774414,86.55659484863281,108.7446060180664,393.239990234375,69.25,26.988283157348633,92511.3359375
2025-12-12,677.9000854492188,94.78250122070312,85.72233581542969,108.08727264404297,395.44000244140625,68.80999755859375,27.026962280273438,90270.4140625
2025-12-15,676.8758544921875,95.36199188232422,85.7812271118164,108.21481323242188,395.79998779296875,67.88999938964844,27.00762367248535,86419.78125
2025-12-16,675.0264282226562,94.91999816894531,86.25232696533203,108.46009063720703,395.8900146484375,66.16999816894531,26.978612899780273,87843.984375
2025-12-17,667.5986938476562,94.1500015258789,86.17382049560547,108.34236145019531,399.2900085449219,67.9800033569336,27.036630630493164,86143.7578125
2025-12-18,672.6399536132812,94.81999969482422,86.58602905273438,108.75440979003906,398.57000732421875,67.19000244140625,27.055971145629883,85462.5078125
2025-12-19,678.7363891601562,95.45999908447266,86.26286315917969,108.47467803955078,399.0199890136719,68.02999877929688,27.14299964904785,88103.3828125
2025-12-22,682.96484375,95.69999694824219,86.07565307617188,108.45499420166016,408.2300109863281,69.7300033569336,27.030000686645508,88490.015625
2025-12-23,686.0863037109375,96.29000091552734,86.2136001586914,108.5633316040039,413.6400146484375,70.30000305175781,26.940000534057617,87414.0
2025-12-24,688.4996948242188,96.41000366210938,86.73579406738281,108.98686218261719,411.92999267578125,70.19999694824219,26.950000762939453,87611.9609375
2025-12-26,688.4298706054688,96.56999969482422,86.45006561279297,108.97701263427734,416.739990234375,68.4800033569336,26.969999313354492,87301.4296875
2025-12-29,685.9765625,96.27999877929688,86.77520751953125,109.12477111816406,398.6000061035156,69.61000061035156,26.979999542236328,87138.140625
2025-12-30,685.138916015625,96.44000244140625,86.56830596923828,108.99671936035156,398.8900146484375,69.73999786376953,27.049999237060547,88430.1328125
2025-12-31,680.062744140625,96.02999877929688,85.87860107421875,108.53378295898438,396.30999755859375,69.16000366210938,27.030000686645508,87508.828125
2026-01-02,681.309326171875,97.04000091552734,85.75050354003906,108.50423431396484,398.2799987792969,68.95999908447266,27.110000610351562,89944.6953125
2026-01-05,685.846923828125,98.1500015258789,86.17418670654297,108.80958557128906,408.760009765625,70.22000122070312,27.06999969482422,93882.5546875
2026-01-06,689.92578125,98.30000305175781,85.99683380126953,108.80958557128906,413.17999267578125,68.51000213623047,27.15999984741211,93729.03125
2026-01-07,687.701904296875,97.93000030517578,86.49933624267578,108.88837432861328,409.2300109863281,67.79000091552734,27.200000762939453,91308.0546875
2026-01-08,687.632080078125,97.94000244140625,86.06580352783203,108.5830307006836,411.489990234375,70.54000091552734,27.270000457763672,91027.125
2026-01-09,692.1796264648438,98.80999755859375,86.63728332519531,108.97701263427734,414.4700012207031,70.77999877929688,27.329999923706055,90513.1015625
2026-01-12,693.2666625976562,99.41000366210938,86.38109588623047,108.84896850585938,422.2300109863281,71.6500015258789,27.280000686645508,91192.9921875
2026-01-13,691.8804931640625,98.83999633789062,86.52889251708984,109.08536529541016,421.6300048828125,73.4800033569336,27.350000381469727,95321.78125
2026-01-14,688.479736328125,99.30000305175781,87.03140258789062,109.36115264892578,425.94000244140625,72.61000061035156,27.329999923706055,96929.328125
2026-01-15,690.3546142578125,99.26000213623047,87.01168060302734,109.22325897216797,423.3299865722656,71.12999725341797,27.43000030517578,95551.1875
2026-01-16,689.7761840820312,99.52999877929688,86.50918579101562,108.90807342529297,421.2900085449219,71.6500015258789,27.43000030517578,95525.1171875
2026-01-20,675.7345581054688,98.0199966430664,85.37609100341797,108.24813842773438,437.2300109863281,71.86000061035156,27.209999084472656,88310.90625
2026-01-21,683.5332641601562,99.02999877929688,86.0263900756836,108.89820861816406,443.6000061035156,73.33999633789062,27.270000457763672,89376.9609375
2026-01-22,687.103515625,99.41999816894531,86.40081024169922,109.10505676269531,451.7900085449219,71.81999969482422,27.149999618530273,89462.453125
2026-01-23,687.352783203125,99.97000122070312,86.63728332519531,109.17401123046875,458.0,73.94999694824219,26.90999984741211,89503.875
2026-01-26,690.84326171875,100.47000122070312,87.05109405517578,109.26266479492188,464.70001220703125,73.4800033569336,26.780000686645508,88267.140625
2026-01-27,693.5957641601562,102.08999633789062,86.50918579101562,109.14446258544922,476.1000061035156,75.66000366210938,26.469999313354492,89102.5703125
2026-01-28,693.5259399414062,101.01000213623047,86.31212615966797,108.98686218261719,494.55999755859375,76.62000274658203,26.6299991607666,89184.5703125
2026-01-29,692.1497192382812,101.69000244140625,86.33184051513672,109.01641082763672,495.8999938964844,79.13999938964844,26.59000015258789,84561.5859375
2026-01-30,690.0853271484375,100.73999786376953,85.84903717041016,108.90807342529297,444.95001220703125,79.5199966430664,26.850000381469727,84128.65625
2026-02-02,693.5159912109375,101.4000015258789,85.60375213623047,108.8072280883789,427.1300048828125,75.33000183105469,26.989999771118164,78688.765625
2026-02-03,687.6520385742188,101.44999694824219,85.81145477294922,108.8566665649414,454.2900085449219,77.47000122070312,26.920000076293945,75633.546875
2026-02-04,684.3211059570312,101.77999877929688,85.59386444091797,108.71825408935547,453.9700012207031,77.87999725341797,27.010000228881836,73019.703125
2026-02-05,675.7744750976562,100.33000183105469,86.5235824584961,109.24221801757812,441.8800048828125,76.69000244140625,27.09000015258789,62702.09765625
2026-02-06,688.739013671875,102.61000061035156,86.58292388916016,109.30152893066406,455.4599914550781,76.98999786376953,27.010000228881836,70555.390625
2026-02-09,692.0599975585938,103.98999786376953,86.5631332397461,109.30152893066406,467.0299987792969,78.0199966430664,26.790000915527344,70120.78125
2026-02-10,690.2349243164062,104.23999786376953,87.56210327148438,109.5585708618164,462.3999938964844,78.02999877929688,26.799999237060547,68793.9609375
2026-02-11,690.075439453125,104.94000244140625,87.09723663330078,109.43994140625,467.6300048828125,78.88999938964844,26.829999923706055,66991.96875
2026-02-12,679.41455078125,104.1500015258789,88.25444793701172,109.95403289794922,451.3900146484375,76.37999725341797,26.81999969482422,66221.84375
2026-02-13,679.8931884765625,104.23999786376953,88.73908996582031,110.31980895996094,462.6199951171875,76.22000122070312,26.81999969482422,68857.84375
2026-02-17,680.9901733398438,104.22000122070312,88.88745880126953,110.42855834960938,448.20001220703125,75.7300033569336,26.90999984741211,67494.21875
2026-02-18,684.4208374023438,104.33999633789062,88.55116271972656,110.31980895996094,458.2799987792969,79.4000015258789,27.079999923706055,66425.3203125
2026-02-19,682.61572265625,104.05000305175781,88.64018249511719,110.4087905883789,459.55999755859375,81.19000244140625,27.1200008392334,66957.5234375
2026-02-20,687.5523071289062,104.9000015258789,88.43248748779297,110.31980895996094,468.6199951171875,80.8499984741211,27.09000015258789,68005.421875
2026-02-23,680.531494140625,104.47000122070312,88.75887298583984,110.43844604492188,481.2799987792969,80.9000015258789,27.09000015258789,64616.73828125
2026-02-24,685.4779052734375,104.66000366210938,88.91712188720703,110.4087905883789,474.6099853515625,80.76000213623047,27.110000610351562,64080.04296875
2026-02-25,691.26220703125,105.66000366210938,88.92701721191406,110.3791275024414,473.4200134277344,79.7300033569336,27.079999923706055,67960.125
2026-02-26,687.422607421875,105.56999969482422,89.28307342529297,110.44833374023438,477.4800109863281,79.7699966430664,27.100000381469727,67453.7734375
2026-02-27,684.1216430664062,105.37999725341797,89.82706451416016,110.4087905883789,483.75,81.94999694824219,27.079999923706055,65881.796875
2026-03-02,684.5106201171875,103.30000305175781,88.92501068115234,110.0347900390625,490.0,87.19000244140625,27.329999923706055,68775.8515625
2026-03-03,678.4771118164062,100.08999633789062,88.74639129638672,109.98519897460938,468.1400146484375,90.19999694824219,27.459999084472656,68293.6484375
2026-03-04,683.2639770507812,101.37999725341797,88.4685287475586,110.08439636230469,471.79998779296875,91.55999755859375,27.40999984741211,72710.578125
2026-03-05,679.4544067382812,99.16000366210938,88.11128234863281,109.64790344238281,466.1300048828125,96.30999755859375,27.479999542236328,70841.125
2026-03-06,670.5487060546875,98.27999877929688,87.78380584716797,109.28086853027344,473.510009765625,108.7699966430664,27.469999313354492,68136.4921875
2026-03-09,676.4227294921875,98.98999786376953,88.54792022705078,109.93559265136719,472.5299987792969,104.33000183105469,27.459999084472656,68402.3828125
2026-03-10,675.3356323242188,99.22000122070312,87.60517883300781,109.18165588378906,477.8599853515625,105.86000061035156,27.450000762939453,69926.921875
2026-03-11,674.4879760742188,99.01000213623047,86.4738998413086,108.2888412475586,476.239990234375,108.05000305175781,27.549999237060547,70204.8828125
2026-03-12,664.2459106445312,97.45999908447266,86.30519104003906,107.70354461669922,466.8800048828125,118.38999938964844,27.68000030517578,70493.4609375
2026-03-13,660.4862060546875,96.30000305175781,85.87848663330078,107.3067398071289,460.8399963378906,119.88999938964844,27.889999389648438,70968.265625
2026-03-16,667.2078857421875,98.0999984741211,86.5433578491211,107.82259368896484,460.42999267578125,115.02999877929688,27.729999542236328,74861.0859375
2026-03-17,668.9630126953125,98.37000274658203,86.78152465820312,108.42772674560547,459.2699890136719,118.83999633789062,27.68000030517578,73922.4765625
2026-03-18,659.6285400390625,96.69000244140625,86.2952651977539,107.8424301147461,444.739990234375,121.66999816894531,27.850000381469727,71245.578125
2026-03-19,658.0029907226562,96.5199966430664,86.82122039794922,108.318603515625,426.4100036621094,117.36000061035156,27.579999923706055,69912.7890625
2026-03-20,648.5700073242188,93.58999633789062,85.17391204833984,106.98929595947266,413.3800048828125,121.43000030517578,27.68000030517578,70522.5859375
2026-03-23,655.3800048828125,95.83999633789062,85.72962951660156,107.6936264038086,404.0400085449219,110.55999755859375,27.559999465942383,70914.859375
2026-03-24,653.1799926757812,95.2699966430664,85.35253143310547,107.47537994384766,404.1300048828125,114.54000091552734,27.649999618530273,70517.859375
2026-03-25,656.8200073242188,96.66000366210938,86.17618560791016,107.86227416992188,416.2900085449219,113.38999938964844,27.700000762939453,71309.8828125
2026-03-26,645.0900268554688,94.66000366210938,85.45176696777344,107.01905822753906,400.6400146484375,117.26000213623047,27.809999465942383,68791.625
2026-03-27,634.0900268554688,93.80000305175781,84.98535919189453,106.7611312866211,414.70001220703125,124.19999694824219,27.84000015258789,66338.375
2026-03-30,631.969970703125,94.06999969482422,86.11664581298828,107.44561767578125,414.5799865722656,129.8300018310547,27.979999542236328,66691.4453125
2026-03-31,650.3400268554688,97.12999725341797,86.02733612060547,108.12019348144531,430.2900085449219,127.25,27.780000686645508,68233.3125
2026-04-01,655.239990234375,98.61000061035156,85.9426498413086,108.23574829101562,437.82000732421875,124.08999633789062,27.729999542236328,68078.5546875
2026-04-02,655.8300170898438,98.0,86.47069549560547,108.6939468383789,429.4100036621094,137.9199981689453,27.860000610351562,66888.5703125
2026-04-06,658.9299926757812,98.48999786376953,86.33121490478516,108.52460479736328,427.6499938964844,138.94000244140625,27.829999923706055,68859.828125
2026-04-07,659.219970703125,98.3499984741211,86.32125091552734,108.6441421508789,431.80999755859375,138.0800018310547,27.75,71940.703125
2026-04-08,676.010009765625,102.19000244140625,86.6002197265625,109.0625,434.5299987792969,124.58000183105469,27.530000686645508,71123.359375
2026-04-09,679.9099731445312,101.94999694824219,86.38102722167969,109.0625,437.9100036621094,126.95999908447266,27.479999542236328,71767.828125
2026-04-10,679.4600219726562,102.18000030517578,86.17179870605469,108.77362823486328,437.1300048828125,124.81999969482422,27.440000534057617,72979.046875
2026-04-13,686.0999755859375,102.80999755859375,86.43084716796875,109.1919937133789,435.3599853515625,128.47000122070312,27.3799991607666,74484.640625
2026-04-14,694.4600219726562,103.63999938964844,86.88915252685547,109.55059051513672,445.0899963378906,123.8499984741211,27.31999969482422,74181.609375
2026-04-15,699.9400024414062,103.30999755859375,86.51055145263672,109.5107421875,440.4599914550781,122.58999633789062,27.290000915527344,74805.078125
2026-04-16,701.6599731445312,103.01000213623047,85.96257019042969,109.00273132324219,440.0799865722656,125.83999633789062,27.3700008392334,75152.1328125
2026-04-17,710.1400146484375,104.31999969482422,86.74966430664062,109.6103515625,445.92999267578125,116.04000091552734,27.360000610351562,77126.875
2026-04-20,708.719970703125,103.91000366210938,86.72974395751953,109.60038757324219,442.0899963378906,121.31999969482422,27.31999969482422,75872.5234375
2026-04-21,704.0800170898438,101.62999725341797,86.25150299072266,109.1820297241211,429.57000732421875,128.25,27.469999313354492,76352.7734375
2026-04-22,711.2100219726562,101.97000122070312,86.4208755493164,109.3912124633789,435.260009765625,129.39999389648438,27.479999542236328,78203.1015625
2026-04-23,708.4500122070312,101.23999786376953,86.23158264160156,109.09237670898438,431.0400085449219,134.72000122070312,27.530000686645508,78268.953125
2026-04-24,713.9400024414062,101.7699966430664,86.3909912109375,109.17206573486328,433.25,132.39999389648438,27.479999542236328,77455.3125
2026-04-27,715.1699829101562,101.37999725341797,85.96257019042969,108.86328125,429.8900146484375,134.72000122070312,27.450000762939453,77366.625
2026-04-28,711.6900024414062,100.95999908447266,86.05224609375,108.9130859375,421.9100036621094,139.60000610351562,27.530000686645508,76350.671875
2026-04-29,711.5800170898438,99.93000030517578,85.38470458984375,108.30547332763672,417.4100036621094,150.6300048828125,27.610000610351562,75776.1328125
2026-04-30,718.6599731445312,102.31999969482422,85.30500030517578,108.42499542236328,423.6600036621094,147.08999633789062,27.360000610351562,76304.3203125
2026-05-01,720.6500244140625,102.0999984741211,85.61000061035156,108.5999984741211,423.17999267578125,142.8000030517578,27.40999984741211,78179.0
2026-05-04,718.010009765625,100.69999694824219,84.95999908447266,108.25,414.7099914550781,147.61000061035156,27.479999542236328,79827.90625
2026-05-05,723.77001953125,102.04000091552734,85.43000030517578,108.6500015258789,418.2699890136719,144.1699981689453,27.5,80927.0546875
2026-05-06,733.8300170898438,104.80999755859375,86.08000183105469,109.19000244140625,430.9599914550781,133.9499969482422,27.350000381469727,81427.53125
2026-05-07,731.5800170898438,102.88999938964844,85.6500015258789,108.73999786376953,431.67999267578125,134.97000122070312,27.40999984741211,80009.9921875
2026-05-08,737.6199951171875,103.95999908447266,86.08000183105469,109.19999694824219,433.7699890136719,133.58999633789062,27.34000015258789,80186.765625
2026-05-11,739.2999877929688,103.73999786376953,85.55999755859375,108.93000030517578,434.6499938964844,138.66000366210938,27.350000381469727,81728.296875
2026-05-12,738.1799926757812,103.13999938964844,84.98999786376953,108.55999755859375,432.92999267578125,144.3000030517578,27.450000762939453,80477.4921875
2026-05-13,742.3099975585938,103.83000183105469,84.80000305175781,108.62000274658203,430.5,142.0399932861328,27.510000228881836,79277.1171875
2026-05-14,748.1699829101562,103.45999908447266,84.91999816894531,108.55000305175781,427.2099914550781,143.0,27.6200008392334,81051.25
2026-05-15,739.1699829101562,101.72000122070312,83.66000366210938,107.86000061035156,417.2900085449219,148.22999572753906,27.770000457763672,79065.6796875
2026-05-18,738.6500244140625,102.66000366210938,83.55999755859375,107.66000366210938,418.42999267578125,149.2899932861328,27.700000762939453,76954.171875
2026-05-19,733.72998046875,101.91999816894531,83.0199966430664,107.12000274658203,411.5,152.9600067138672,27.790000915527344,76750.90625
2026-05-20,741.25,103.62000274658203,83.91000366210938,107.94999694824219,417.3999938964844,144.27000427246094,27.729999542236328,77457.7734375
2026-05-21,742.719970703125,104.19000244140625,84.22000122070312,108.16999816894531,416.989990234375,142.5399932861328,27.729999542236328,77539.171875
2026-05-22,745.6400146484375,103.9800033569336,84.68000030517578,108.37000274658203,413.82000732421875,140.9199981689453,27.770000457763672,75488.2421875
2026-05-26,750.5900268554688,105.12999725341797,85.0999984741211,108.77999877929688,414.0,137.0,27.75,75825.734375
2026-05-27,750.4600219726562,104.7699966430664,85.30000305175781,108.93000030517578,408.489990234375,131.02999877929688,27.75,74197.6015625
