date,SPY,EFA,TLT,LQD,GLD,USO,UUP,BTC-USD
2021-06-01,-0.00088096407442115,0.003581566424616836,-0.0002238026672445421,0.00012957006782601647,-0.0026945732480542135,0.019837242586995457,-0.0016530241798661926,0.02728231619618182
2021-06-02,0.0015711846349042672,0.0033227792423980744,0.002312142163372237,0.0015959049428888078,0.004878526963101577,0.012227969036399085,0.0,0.02397778870231388
2021-06-03,-0.003718241453268449,-0.004926916434321941,-0.003760488228413959,-0.003956894736119645,-0.019772420864664846,0.0014914180409343815,0.006184460534194342,0.042556616951370016
2021-06-04,0.009104245802526872,0.008483556113079695,0.013601477039063836,0.0070653346295213625,0.010725633264657355,0.006155110215271782,-0.0037059934560004265,-0.06084038726712561
2021-06-07,-0.0009708916244466066,0.003300036446135685,-0.0030778985090246396,-0.0008327851120885563,0.003999619209610979,0.00021161824599503278,-0.0016515677155579129,-0.09470399835993078
2021-06-08,0.00021342789657892674,-0.00048795780731501423,0.0070014910957628095,0.0037808931792088166,-0.003096867753862795,0.012822048508777403,0.001238840125834817,-0.002627775063457771
2021-06-09,-0.001493092923541212,-0.0026897778410018072,0.008790022587823196,0.003616912636812123,-0.0019193434836643904,-0.006285359639427327,0.0008251936709205764,0.10947410238213756
2021-06-10,0.004637841677716865,0.0027510303748277238,0.005981244584151563,0.004502199980728455,0.004285131517665339,0.005240552616245622,-0.0008251936709205085,-0.017354742993128305
2021-06-11,0.0016509970114504159,0.002348482108119018,-0.0016149122869807291,0.0008236276752118292,-0.011316177890912231,0.005005179582537335,0.004940342636917096,0.017067578415986145
2021-06-14,0.002236386605471277,0.001726869664232078,-0.007688894703782171,-0.0036724495343171903,-0.005878166410042197,0.005187271753536714,-0.000821621591193476,0.07441139422057258
2021-06-15,-0.001835878612477681,0.0012316241982794499,-0.0012041692743841497,0.0007503497023036005,-0.0037848631237422004,0.013566494867255767,0.0008216215911935117,0.004658453327527578
2021-06-16,-0.005599158361044152,-0.0061735640288770035,-0.0008515628114024571,-0.002855161821339751,-0.01703600368035545,-0.00470684473423503,0.008180020626321458,-0.052307031596144006
2021-06-17,-0.00033159321396351713,-0.006959763410114892,0.014861197410686299,0.005552665550203868,-0.03122282591641038,-0.014671181174468589,0.00770951866137795,-0.007684760787668957
2021-06-18,-0.013582073265917613,-0.02092097933368763,0.018631088420946493,0.005224525311615329,-0.005562705142465907,0.006639022098204193,0.0032284903497970686,-0.06140159139173661
2021-06-21,0.014214428533933628,0.013032561059096948,-0.01688509776067008,-0.005823556883677594,0.012173251058176099,0.020467353594847686,-0.004846652637399229,-0.1220103903521807
2021-06-22,0.005331880193374822,0.0001254283836793311,0.0024399531187255176,0.0016460260592499486,-0.00420166857422807,0.0012147715471398123,-0.001620695263438428,0.025833047609393114
2021-06-23,-0.001206049741483679,-0.0064307819663985055,-0.002579329371296985,-0.0015706959592292657,-0.0006618767987564016,0.006052127684481837,0.001620695263438422,0.03676667515561315
2021-06-24,0.005898314990750372,0.009568329327086206,0.0016041000234923424,0.0019444653478705716,-0.0006021199876096117,0.0024105863466912614,-0.0008099744775323477,0.027475699857643344
2021-06-25,0.0035457835379769146,0.0021277207817391557,-0.010437627582624277,-0.0026191860738732425,0.003306999189259349,0.008192669398432578,0.0004052036593680902,-0.09130465397426267
2021-06-28,0.0020137725003196902,-0.00639690291358962,0.010228548463785193,0.004261962375921113,-5.999643961855651e-05,-0.014230104397403666,0.0004047708181643482,0.08470225042447661
2021-06-29,0.0005380478149932056,0.0002514253301864551,0.0016715980172760958,0.0011925726116065424,-0.010561034647227364,0.007040127097218515,0.0024262625710493105,0.040785121124139886
2021-06-30,0.0008415281203241584,-0.00770346375734212,0.004443753508428074,0.00111702546767773,0.004841763592293601,-0.000200427413466966,0.002823041259825106,-0.02332520296585249
2021-07-01,0.0055212170225221215,0.0024057634569549244,5.521106112016707e-05,-0.0008725673585620018,0.0034354496150826534,0.014726591790788236,0.002815271833942263,-0.04281824560087459
2021-07-02,0.0076145262405915865,0.003409082543343785,0.006016094875021238,0.0028317116355646155,0.0065369291506959725,0.006105412872255298,-0.00402406897046298,0.00963202091343982
2021-07-06,-0.0018232736369957548,-0.006575706076443322,0.011653448974666341,0.0036401061369949594,0.004949187883217545,-0.02043111355236838,0.003622372205056794,0.009926319850057335
2021-07-07,0.0035279436598639243,0.005440599076790098,0.008819795735709802,0.0034051733515444932,0.0037995736126820853,-0.02516369911662871,0.0016058198063777604,-0.011157826650301255
2021-07-08,-0.008181401289374623,-0.012954099046714605,0.003909941323316769,0.0005171812939721524,-0.0006520293887520076,0.017519303400777134,-0.004019394874913815,-0.029311778537964177
2021-07-09,0.010618152269523697,0.016858033244387664,-0.014162620264949412,-0.0042188985189798595,0.0033150614410246745,0.017812927447246028,-0.002419146551586319,0.02761736344787324
2021-07-12,0.0035754796680208274,0.004264694087136532,-0.0012971723661613138,-0.0005193000956841042,-0.0012418718351821449,-0.0019856732677942016,0.0012103494150655356,-0.01918287490754947
2021-07-13,-0.003414715945780677,-0.005270552984434874,-0.007682957617195397,-0.0037175415306836086,0.0013009357869861221,0.016558630429281487,0.006030135952227564,-0.013782086425800635
2021-07-14,0.0014909544741781348,0.002262258047711989,0.011298256831353685,0.004607439479892595,0.010697757313475486,-0.02875757377561238,-0.004821338815706812,0.0036725998364308425
2021-07-15,-0.003421302628577501,-0.009586320918904089,0.010969435744587676,0.0021481799138325522,0.00017546425482688882,-0.013368638156530003,0.002815271833942263,-0.032249468356842406
2021-07-16,-0.007874613979780733,-0.00737854979724478,-0.0018876381331160716,-0.0014067139865094347,-0.009751038308664077,0.0020370443754190552,0.0012041230409716953,-0.01136653085848622
2021-07-19,-0.01487782975202469,-0.018297011356101962,0.02169184436960679,0.007160812144943572,0.001179853512608669,-0.06951627893717599,0.0016032452827956546,-0.01940013065818903
2021-07-20,0.014228506667573443,0.007255771155990054,-0.009686536320625076,-0.001398637212518975,-0.0012979424872485647,0.014510231412515527,0.0012006608928458026,-0.033338555734212405
2021-07-21,0.008064019734842815,0.015119006840427244,-0.012747386031053652,-0.0035420908067882494,-0.003726190289074976,0.037142952008094726,-0.002402853815986701,0.07443417235693212
2021-07-22,0.0020918226078279006,0.0003812613716924298,0.009408444904737669,0.004131029394223534,0.0019535411866020086,0.018473385028781236,0.0012021929231408703,0.006283788882169604
2021-07-23,0.010235197726639531,0.006967038810797385,-0.00671151511486293,-0.0004415358251905535,-0.003139340880551927,0.006082805730659389,0.00040032144955780903,0.038503942271904575
2021-07-26,0.0024519261395513957,0.0013873580765702844,-0.0029669018873200886,-0.002212306868668445,-0.0023758261058627853,0.004034642339618615,-0.003207689773325229,0.10602229284594054
2021-07-27,-0.004567900245091402,-0.004041782935937509,0.010614147063434753,0.004272652520566758,0.0016636888817755746,-0.004034642339618609,-0.0016076671356907684,0.0539428534880362
2021-07-28,-0.00041018073903959586,0.004294095148206468,6.699732691572322e-05,0.0017622908089403846,0.0050335632022407,0.005040841278820103,-0.0028197186390710115,0.01483512651645551
2021-07-29,0.004138676287133964,0.006907428541227551,-0.005561380034955873,-0.0028654541479509045,0.011044023020098688,0.018334474589103467,-0.003637189890054644,0.00031287370059631146
2021-07-30,-0.004868038105631248,-0.0051449035281127325,0.004692467823113301,0.0008089429937303092,-0.007918108309762988,0.00039487577836507583,0.002830157279287962,0.0541722306526184
2021-08-02,-0.0021002554620196357,0.00501956876777256,0.008879691838246122,0.002890201301960388,-0.0012374082182159806,-0.029649598568201038,-0.001211994991685793,-0.07453583859567306
2021-08-03,0.008102526882053013,0.007109403145397803,0.0005310668889234662,0.001027906467121033,-0.0007077270423842932,-0.006732695740543785,0.00040404237835633944,-0.0271224912051319
2021-08-04,-0.00493113009644578,-0.002987217099260418,0.002054452250294713,0.00022034972603576615,0.00023593466942563418,-0.03436043849730391,0.0016149852240961908,0.04094316463847637
2021-08-05,0.006312926301397643,0.0048497882646522765,-0.005110870880242894,-0.004116394733869521,-0.003959922253451811,0.018888236633179716,0.0,0.027838357371246687
2021-08-06,0.001651075721318587,-0.003728617976774531,-0.016842125148560993,-0.008208982736084745,-0.025308704477345147,-0.011079841359769874,0.005631508815733387,0.04653814062641624
2021-08-09,-0.0008140004393921505,-0.0004979966905330464,-0.003592273858559306,-0.004316386199999156,-0.017894816057729707,-0.0206017956414738,0.0020035667323536066,0.0796299996467546
2021-08-10,0.0012434490210707935,0.0022397996531513214,-0.0046291277930892915,-0.002240199126453359,0.00030914743149373187,0.0229115207701759,0.0008003394432880303,-0.01697414139260822
2021-08-11,0.0024816820330022652,0.006813304843962321,-0.0006139632930637331,0.0015687278906639287,0.01369082807188368,0.012919515705086015,-0.0020019622348485338,0.0001887605723412682
2021-08-12,0.002992462533079848,-0.0008645544006257471,-0.0016393261370815128,0.0014165882689428802,0.00024383177142714218,-0.004149399474018191,0.0012016227915605411,-0.025891753544200504
2021-08-13,0.0018181976040698433,0.006036242823138257,0.015672385252279736,0.006684927830252777,0.014224167163591615,-0.01402719906493521,-0.004815356909015925,0.07300947971891747
2021-08-16,0.0023518324781578196,-0.0051716884225125725,0.0024207706919836154,0.0005925014167295335,0.004975891262677384,-0.008256623270613174,0.0008041121797410593,-0.03814700916556422
2021-08-17,-0.006576881364461709,-0.00942709353156602,-0.00040337654372684994,-0.0017771964085645396,-0.001496155150116038,-0.00982701928702805,0.006010893599074434,-0.02886919903458737
2021-08-18,-0.01100539254722609,-0.003870785739431174,0.0033533257010784027,-0.0006671530393515369,0.0007783092556947036,-0.025659165109115145,0.0,0.002364966650012081
2021-08-19,0.0015473414487669499,-0.009932860016217075,0.007337829057243213,0.002295934040465538,-0.0029367165231408677,-0.013973856179309099,0.004782817848002505,0.04188585333234935
2021-08-20,0.007925507034594244,0.003909349865366454,0.0006644618939496407,0.0006658274061988403,0.0005400158455303154,-0.030387828904086894,-0.0011934955520742654,0.05459790698385328
2021-08-23,0.008757997936029315,0.009270998751095279,-0.000664461893949536,0.0007395979563869907,0.012104007439095057,0.05422471184909837,-0.005989292615285516,0.004186120845078289
2021-08-24,0.001586223870931561,0.002117867789175283,-0.007806974096652882,-0.0022937266287747613,-0.0004742535717267673,0.03261392896464085,-0.0008013013420026351,-0.03784489433094968
2021-08-25,0.0020961862916279808,0.0003732118797324908,-0.008341294836363124,-0.0025954119570164714,-0.006961609676564189,0.00924575697462749,-0.0008019439407930321,0.02596012195042943
2021-08-26,-0.005920758214991735,-0.005238123923298682,0.0027659469245902876,-0.0002967729326382638,0.001133835388463418,-0.006926291261662087,0.002803906175641713,-0.0421022974523753
2021-08-27,0.008901136317072452,0.009086803075223329,0.006780847654086475,0.005555132178194495,0.014917723322635659,0.014012609833968386,-0.004409725982019304,0.04409943030226678
2021-08-30,0.004388301013055935,-0.0002478729652310488,0.0026055841409368874,0.0016976506262683638,-0.004947859047149437,0.0051786753147627825,0.0,-0.041700089144257706
2021-08-31,-0.0014829864164942494,-0.000495821306963041,-0.006830181580189934,-0.0022887136165307734,0.00200564206756742,-0.007465828979621637,0.0,0.002371071858731938
2021-09-01,0.0005314094466022445,0.009011861506170686,0.0016740815325567923,0.0012874524319840908,5.88968847449306e-05,-0.002292396730733525,-0.0020108187345457855,0.03500565378801719
2021-09-02,0.00307194718081309,0.004047468572021679,0.00435610501279812,0.0017729105567426493,-0.002655242464544409,0.021057765023962303,-0.0024184390925858714,0.00979272478817146
2021-09-03,-0.00024278655257138168,0.004518466992297449,-0.00913607529646097,-0.0036229644367257925,0.010637446088029513,-0.005942050343037052,-0.0020197539431766783,0.014044128006187486
2021-09-07,-0.0035820139344291315,0.0007306336764845211,-0.00847192048930768,-0.004752468142456596,-0.019778020504279115,-0.012823317950191726,0.004840698190502096,-0.06640940489713831
2021-09-08,-0.0012190352307030342,-0.007945520077449857,0.006783147381920237,0.0031951391635300307,-0.002507544166051433,0.01138373528873871,0.001608313579806246,-0.015494793572991005
2021-09-09,-0.004289389824715822,-0.0017198734345507797,0.012027563875417424,0.0065080349679909315,0.004413734414974538,-0.01743868463138708,-0.0024135750685361306,0.006488390533953229
2021-09-10,-0.007915619853650666,-0.0022152652382126815,-0.008855562144208493,-0.002878959556408881,-0.005071495164425335,0.021751230298356867,0.001609786092817589,-0.03303518664446581
2021-09-13,0.00255581073142001,0.007854637754126141,0.006046552423577181,0.002436732723766044,0.0033441618437189445,0.013838241047701913,0.0,0.0017621978864764444
2021-09-14,-0.0054110549761542,-0.004165106767916603,0.01205010756364252,0.0030188583910074514,0.006417907636002404,-0.003441610186611406,0.0,0.046272006777909304
2021-09-15,0.00831795946362077,0.0029420270952216017,-0.0035135016979538332,-0.001176646370084105,-0.005881528710091136,0.027601697306119475,-0.0020124372862926373,0.022754601314508963
2021-09-16,-0.0015865428196343888,-0.001592469605686528,-0.004592626300796585,-0.0013999851882803562,-0.022902242747818987,0.00019730025294666215,0.0044220460683887415,-0.0081907394359386
2021-09-17,-0.00978883760209119,-0.01320455583371611,-0.004815226750312067,-0.0022139055753184335,-0.0015862999324902439,-0.007523319317769283,0.0036036055879130465,-0.010854079709278335
2021-09-20,-0.01681465639693142,-0.018682631586365243,0.012325887437054721,0.003097975642241957,0.007118755657039398,-0.014411803360289788,0.00039961001423991833,-0.09826240691849591
2021-09-21,-0.0009452595067585085,0.009823849714192725,-0.0008614981980810914,-7.323167465062878e-05,0.00664689654260444,-0.00040323942883313627,-0.0007993797804841085,-0.051488267863326775
2021-09-22,0.009707757323299666,0.005000412684744366,0.005946950129984081,0.0027950748002452327,-0.0037409995549623856,0.017989645626378586,0.0027948616023529445,0.06839960199678301
2021-09-23,0.012076835531295859,0.0107907808763072,-0.02285618641214104,-0.006928103495221669,-0.011613566243419594,0.017671803305539066,-0.003995130691668194,0.02985630902322461
2021-09-24,0.0016458037996494837,-0.009419973936632527,-0.009821747994341622,-0.002147242609479141,-0.0012850982867509395,0.008527156774534996,0.0027983018315554543,-0.04686219528987527
2021-09-27,-0.0028651778642421427,-0.0006227216949664694,-0.003682271007061302,-0.0005194042622100613,0.0020798706668898187,0.020816184787313022,0.0011968288601127345,-0.014199853523481406
2021-09-28,-0.02035748741683677,-0.02204815117749761,-0.015699104840291706,-0.010735315119816862,-0.009763940911599527,-0.009685733585303844,0.0035821798104855493,-0.028852332947741827
2021-09-29,0.0016815960701386534,-0.0022958384295857157,0.001733056271036531,-0.00022498993244336843,-0.0045149330127863515,-0.00152791913074966,0.0071259173531633725,0.012828924814572349
2021-09-30,-0.01229756302932009,-0.003965640556342214,-0.0001387078896651012,-0.0026278482314135987,0.01781698430701417,0.004576698988345329,-0.0015791061353427503,0.05218276011816411
2021-10-01,0.011814202140785728,0.0024324478996791085,0.008381034181157916,0.007241965285358519,0.0022505110921036547,0.013230148566782401,-0.0019775052174029906,0.09420841893127979
2021-10-04,-0.012979954999477196,-0.010541303683639688,-0.0025493340882840696,-0.0016466999951410541,0.004667408258473528,0.02283168052701363,-0.003171989101397075,0.02048744985142258
2021-10-05,0.010351054687698244,0.006825865366736734,-0.009703530422018044,-0.00412775749630675,-0.004667408258473519,0.020705413889333023,0.001983693882810818,0.047747610534684515
2021-10-06,0.004147483068735352,-0.006696692549175736,0.005625930601044853,0.0003008971279798195,0.002669757352534067,-0.026780017500881825,0.0027705246626069206,0.07201410137731079
2021-10-07,0.008608638574725679,0.00772314889803525,-0.010512734082320134,-0.004445763652547797,-0.005285683868044846,0.021914696547885023,-0.0003951696293858426,-0.028498794333346032
2021-10-08,-0.0018254305631527751,-0.00012817897545279022,-0.007023313501341161,-0.004616949243476221,0.00042627404378714777,0.0019850337391385613,-0.0007912458052698948,0.0030037607441677503
2021-10-11,-0.007266143335850303,-0.0032112961053123897,-0.002541247990741984,-0.001898635965268832,-0.0018893655741350408,0.01271847103451547,0.002766232693209514,0.0631319193015135
2021-10-12,-0.0024644483562599366,0.0005146048785504479,0.016955762921924567,0.006364857918170467,0.004504271350483098,-0.0012467664675561883,0.001183314420669122,-0.02543576350608531
2021-10-13,0.0035909348634240055,0.009852329691843967,0.009679376411254454,0.005047426149283477,0.01763773443447277,0.0008906963598861551,-0.00553365634182998,0.023978814816483514
2021-10-14,0.016680890863248535,0.009882126306769337,0.0037083481525728027,0.00472309685907403,0.0024434808580754102,0.0115076337419032,0.0,-0.0013872457018979745
2021-10-15,0.007586823169363214,0.00828632853647032,-0.0058435656918162755,-0.003596682026145237,-0.0160204917648545,0.005967026197924586,-0.0011897089442027514,0.0718874583745788
2021-10-18,0.0029562551056545555,-0.004260199197349248,0.004677937397800973,-0.000825743810125702,-0.002482990902389477,-0.0033301659098051565,0.0003965806688093286,0.006991272784242729
2021-10-19,0.007685219250905828,0.0060090727160357444,-0.013890810970689725,-0.005499262124455286,0.003208519186409284,0.008043391773563368,-0.0023827262907899533,0.03541344366049976
2021-10-20,0.003920071667274578,0.003488707368691623,-0.006773261306479228,-0.002420226996181945,0.008725778175468667,0.01211717752020398,-0.0015917616331690386,0.026577834542035658
2021-10-21,0.0026049414278729918,-0.004737559172721188,-0.0011919337303932826,-0.0021228095405283814,-0.0008991093021597419,-0.01229131880264214,0.002386605417520848,-0.059027668390729156
2021-10-22,-0.0010368206863627918,0.005980512126983965,0.010953280375745635,0.004013917566920288,0.006098334452755203,0.01074159564510878,-0.0019883393364262154,-0.02470225108270476
2021-10-25,0.005348496643671579,-0.0019893137690782338,-0.0015277533380850712,0.00045352792367603075,0.006890365329616705,-0.0034523933339523395,0.0015909524488672369,0.03795038687769316
2021-10-26,0.0008995825693311685,0.0019893137690783374,0.008235255261557321,0.0042968413487515554,-0.007427027125168416,0.01066399713809446,0.0019852693939970173,-0.04337718610106227
2021-10-27,-0.004440087036489144,-0.003982812093156307,0.01803057961208169,0.006074508885502169,0.0026206236403640355,-0.02687633302179633,-0.0003965806688093339,-0.03166384386368273
2021-10-28,0.009602583629189445,0.009680754401181222,-0.003390314893337029,-0.0014966453633326795,-0.00023791366260843256,0.00874896195963918,-0.00597031050822722,0.03593449158802419
2021-10-29,0.00202716331470277,-0.005822015188331817,0.0030517395772113086,-0.0005246881596047946,-0.008544299301700552,-0.004364912968413896,0.00795243155237181,0.026144375505153635
2021-11-01,0.0017187487180926084,0.009643866426711941,-0.007226232018985048,-0.0017877332599872922,0.005207004497418708,0.006627112716290071,-0.0031734228817734823,-0.019858399094867907
2021-11-02,0.004034690950934623,-0.002094020485477052,0.004429089186127732,0.0038278898762049416,-0.0021513131388870075,0.0,0.0023810107818313694,0.0357758773484733
2021-11-03,0.006086995788651805,0.008105301184157058,-0.010387594047433992,-0.002550229188271377,-0.0083501482773226,-0.03881055254059268,-0.002381010781831467,-0.004062805617150114
2021-11-04,0.0047013680100707125,-0.000611920968459246,0.010456079171407099,0.005243546373812459,0.011277125295739413,-0.007618429556688859,0.005151535444438311,-0.02439903425460908
2021-11-05,0.003463595918222356,0.0014677024032614336,0.014844586132668673,0.0072951324805819295,0.012978359326946427,0.02924764151134426,-0.0007906705145306752,-0.005328129187967981
2021-11-08,0.000853349069212219,-0.0001222710615575264,-0.0018768941865454074,-0.002301971355233945,0.003585184846901929,0.009503783578212731,-0.0019798541480762068,0.1001851509422911
2021-11-09,-0.0033110088374029016,-0.00220247026995019,0.012934087798610773,0.002672654214414074,0.004916006634195484,0.015296683760210513,-0.0011897089442027514,-0.008845099182201409
2021-11-10,-0.008077226344349065,-0.012200249845091169,-0.018451730613252317,-0.010283980578708905,0.010800248284572371,-0.028875949977955874,0.010657114229841568,-0.02995816542044536
2021-11-11,0.0003233143939963655,0.00358932680923124,-0.0014859265273307262,-0.0028507603445736417,0.005586453042738802,-0.0017771192398281883,0.0023529990149619125,-0.0006967481072823624
2021-11-12,0.00751862398566363,0.005421312766042897,-0.00440227059468266,-0.0010522814782252653,0.0018934614978916627,-0.004278111281319079,-0.00117572066963827,-0.012300437518712916
2021-11-15,0.00034238921527130904,-0.001844931391386947,-0.012636524736584229,-0.007623858679814867,-0.00154894492430588,0.0016064287827814688,0.005475138537184002,-0.009365857500370892
2021-11-16,0.003949999781216697,-0.002218376675998737,-0.0025462107884961305,-0.0016686469302359904,-0.007260156004477963,0.0023158657822633685,0.003892577691754221,-0.05492245425158357
2021-11-17,-0.002432160053156637,-0.0012346215901479093,0.007893951468807734,0.004014631629532235,0.009095692432078762,-0.021583585242609525,-0.0019443517665519933,0.00343096492223367
2021-11-18,0.003390722709997272,0.000987710687278273,0.003753264963053901,0.002265790969386415,-0.0032143154449525086,0.00995031711888432,-0.002728493946571393,-0.058423750403308876
2021-11-19,-0.001789880836712228,-0.00855159887738539,0.010502221664842853,0.0037638942687101794,-0.007675708262916443,-0.03238187420872413,0.005061280001285888,0.02046697304630566
2021-11-22,-0.002819109062864909,-0.005867405250071939,-0.011797427115898767,-0.008754805125232776,-0.02267561664312034,0.012381235248081988,0.005035792391828012,-0.03199831049826229
2021-11-23,0.0013250558783737903,-0.0010020628530222938,-0.014564688564573547,-0.007151068602749683,-0.008690053468478977,0.031633907084367203,-0.0003863972320162183,0.022481248103212805
2021-11-24,0.0026662251566040287,-0.006664829285558452,0.015928022684592445,0.004798466285237048,-0.0009569597921073518,-0.005710216971873679,0.0038580368203104667,-0.02263871996463873
2021-11-26,-0.0225555057473193,-0.027241281742403096,0.02495516577577139,0.008097316049296277,-0.0016168462526691021,-0.11861104238229331,-0.007731015754558862,-0.04936196286050174
2021-11-29,0.012191880927735377,0.0050439331127636895,-0.008070521990259776,0.0006779508658565606,-0.0013795005365548109,0.010821690878243483,0.0019383216180979565,0.07611754010353458
2021-11-30,-0.01964943442984668,-0.008810668823862406,0.015087593855603888,0.0021817685523608074,-0.006744546424564762,-0.046092954289012306,-0.004658333769696379,-0.013955922421075117
2021-12-01,-0.011169323546637926,-0.005742545583995668,0.006149340758538312,0.00014316287603040277,0.003980006790395922,-0.018325924657032255,0.002720012151598479,0.003928780734843055
2021-12-02,0.01520038852467511,0.012357558388838905,0.0012469065423128902,0.0023307724738410992,-0.005552205835401061,0.02622619579128065,0.0003879821714210366,-0.013227302108743101
2021-12-03,-0.008739437078533766,-0.004145458862641544,0.01186154552446883,0.008302187540360769,0.008376819081740972,-0.006023507936502145,-0.0003879821714211565,-0.05233158566534184
2021-12-06,0.011773566067203041,0.009560756292306464,-0.01383048247853334,-0.005077756093868287,-0.0024635953850727986,0.05097029234168372,0.0015509406011454147,-0.05790820753128781
2021-12-07,0.020473831033017132,0.020868672563464256,-0.008112437477120055,0.0004486904958389108,0.0035432060613326127,0.021156554964686693,0.00038738101695255385,0.002319467736866812
2021-12-08,0.002644486730923939,0.0018868438291925415,-0.017436230047057886,-0.0066817131926754595,0.0005393685677794685,0.015960304750538758,-0.004658333769696379,-0.0038592862213869153
2021-12-09,-0.0067743808478355405,-0.008329921768490671,0.005577702197643453,-0.000828855660000254,-0.006130129283900702,-0.027070441278895175,0.0034958260226538845,-0.057721555808476536
2021-12-10,0.009369411793750178,0.002152012027127167,-0.0024149427704316688,0.0011302185927927208,0.004211020685246302,0.01960273015478214,-0.0015522300966185334,-0.009035819421615396
2021-12-13,-0.008897824107423657,-0.009411357101568709,0.014670470403860974,0.004508211953905204,0.002518126917516811,-0.011404398608271873,0.0031019688546691138,-0.010764521753285891
2021-12-14,-0.006903812794076431,-0.005339399687036506,-0.002385788089873804,-0.004508211953905263,-0.009385206339641532,-0.010160315502650334,0.0019338235371588984,-0.002674827620426481
2021-12-15,0.015504150965828191,0.013489095574386586,-0.009668373484147372,0.001279522987581762,0.004282351988516796,0.013653435868815043,-0.0015466567951263005,0.04783877809998121
2021-12-16,-0.008857540248823834,0.00012879798932643682,0.00038861875052430104,-3.02514523378482e-05,0.012024970840539904,0.004831394172570662,-0.004266155112855022,-0.025504064198459072
2021-12-17,-0.010699936495003235,-0.012704309418459512,0.01126830654237289,0.0023334636635319555,-0.002143116686188639,-0.02123801553367177,0.006971364762569601,-0.031180093256039692
2021-12-20,-0.010690373162807638,-0.0022202184576778825,-0.007520317884882651,-0.00437023466015214,-0.004240244730917084,-0.017481518901270664,-0.0011585528545881788,0.014570845851164232
2021-12-21,0.01760326653807007,0.011052683212634154,-0.0038150202948037397,0.001961515681609419,-0.00041897618344674124,0.032919068808959624,-0.001159811068596139,0.042928792887466996
2021-12-22,0.00994883261638017,0.009267652720493593,0.0046165192001300865,0.00158129688436975,0.00935611880010715,0.01749203376803489,-0.0038759813232317696,-0.006315834406489169
2021-12-23,0.00620283682443093,0.005876253640394916,-0.00871529018257256,-0.0015060415693589507,0.002251481491211197,0.012309624653455446,-0.0007770195161534422,0.043381939329586325
2021-12-27,0.01405298251576175,0.007739844420717469,0.0024212784855521174,0.0029346524508418125,0.002364450476828884,0.025825854657926008,0.0003885852279907625,-0.0028419275682948957
2021-12-28,-0.000817534505093011,0.00037880267034385434,-0.003971130982359621,-0.0012780697618988031,-0.004319380340024978,0.002747464189462748,0.0011648505137257271,-0.062151426511976506
2021-12-29,0.0012785607992455103,-0.0003788026703438085,-0.010984298332053785,-0.005507283058276589,-0.0002965516280151311,0.007471627689956004,-0.0027200121515984343,-0.024336011956341844
2021-12-30,-0.002768603999546326,-0.0026253109298719785,0.008351162859195838,0.004001605539987686,0.007151581744182501,0.00036298136196358135,0.001555161637872686,0.01566773871313257
2021-12-31,-0.0025232906433239723,-0.0008891320089998681,0.0019588924502111473,-0.0015080166937158606,0.006808358432551388,-0.013521087955069774,-0.004282678761357984,-0.018649172756865187
2022-01-03,0.005773227819046407,0.006461145562629068,-0.026600748000250033,-0.010697202142542916,-0.015503300973700684,0.008608922300184752,0.006223343146139029,0.003270042051984343
2022-01-04,-0.00033493081079482374,0.005666210032731255,-0.004167491833285486,0.0008385057988480038,0.007339514803169255,0.013765808899177159,0.0007751267300900121,-0.012138934663861074
2022-01-05,-0.01938899284780275,-0.008828202907298592,-0.00544186959958383,-0.005885266552760435,-0.003012197052209778,-0.0028823627729382298,-0.0011629584297241943,-0.05206628845481275
2022-01-06,-0.0009397083408329907,-0.005080011487678634,0.002585301076142589,-0.0013038121938882233,-0.012319703780209438,0.02599859909660947,0.0007754272905629691,-0.009410297303589778
2022-01-07,-0.003961457701220679,0.002924117981418306,-0.007214279250977008,-0.004307832164378203,0.004540812572282988,-0.0038746301632312623,-0.005441091768178636,-0.037847988650375176
2022-01-10,-0.0012449855975496611,-0.009310722116970661,0.0024574058067154386,-0.0009254660074753413,0.0030355936239956378,-0.009040180870163358,0.0023355962996249183,0.006317171772508396
2022-01-11,0.00906694670686807,0.010832709423724307,0.006639340937149851,0.003004813367116497,0.01199245713664559,0.03499307360114083,-0.004286015851501572,0.021633410637439378
2022-01-12,0.002699947604095851,0.009713504939635787,-0.0038383854391384493,-0.0006926822061564606,0.0026391371424113854,0.012813022341733761,-0.006660235259127847,0.027993907251911834
2022-01-13,-0.013874314486549088,-0.007307755793967514,0.008841228048237199,0.0031513709652768404,-0.003402771341298051,-0.010923463932520085,-0.0003930815096284319,-0.03137582795207003
2022-01-14,0.00040884982176149005,-0.0010121440133381745,-0.01522487278001506,-0.008864083146854392,-0.002883829150556528,0.02875706852475856,0.0027488518841633485,0.011859664695822615
2022-01-18,-0.01786860624561513,-0.014792553925273127,-0.014174669287910155,-0.009568839072724211,-0.0016516182679313014,0.016537502405449878,0.006254884436469509,-0.016942519184628895
2022-01-19,-0.010437627018295946,-0.0008996420935892068,0.006900007102541717,0.0015621518691316656,0.015755750605134237,0.0013112281186550545,-0.0023410640827252133,-0.01500991044287061
2022-01-20,-0.011129751348605027,-0.004898198910527238,0.006148613687746512,-0.0005466284418710632,-0.0025020112544038944,-0.006408688314779263,0.0031201162977222705,-0.02581674309560386
2022-01-21,-0.019826012584984586,-0.013660545144907065,0.011835340925129953,0.006538066449566981,-0.003267771913809988,0.0019762676597125358,-0.0027294717668738225,-0.10960468291543993
2022-01-24,0.004237826975094825,-0.010005275592788767,-0.008249436199188272,-0.0031081119531523147,0.005479160681096094,-0.011084540199705041,0.003118899577793463,0.005389352048233727
2022-01-25,-0.012283935619821431,-0.00610488106545322,-0.0016161355144203137,-0.0028054636337076825,0.003192034576976311,0.014205732736116533,0.000389190128679256,0.008142486826951165
2022-01-26,-0.0025120678325289323,-0.003867939729367255,-0.0121670068153174,-0.006812405359123551,-0.01629856790431354,0.011577774261702983,0.005432731522736951,-0.0027608244495656064
2022-01-27,-0.004950120997216454,-0.004688363187636875,0.018196876774074933,0.0022759146485656755,-0.01298211532059733,0.002914042920782401,0.008477840476704857,0.007733837890785913
2022-01-28,0.024531912664576307,0.003351369008522365,0.00034871968942695535,0.001096954784087624,-0.002987752337666492,0.0017766395487242746,-0.00038381272040993356,0.017247505090414967
2022-01-31,0.017850861012154016,0.014480221633057877,-0.00518329375978688,0.0004692973272791389,0.005907056331230696,0.008196081532559862,-0.006933768193184794,0.018325313348447378
2022-02-01,0.0067341909498307255,0.0094513535934394,-0.0033252876575620882,0.0016616860617749611,0.0008325368758188378,0.0007999238524597116,-0.0027095694722644964,0.006737318502634114
2022-02-02,0.009667255849079627,0.007419634917347006,0.003381401491503068,7.802942766099788e-05,0.00361943388995412,-0.00015990918217524656,-0.003883421613582479,-0.04731073995912287
2022-02-03,-0.023785962637226075,-0.015948105763589855,-0.00783668121782126,-0.008095788270724243,-0.0014224174555621005,0.015710834511345476,-0.005071324709342902,0.005441215831991581
2022-02-04,0.004691385124177034,0.0023688996221919462,-0.014851963387572633,-0.009993925712338095,0.0015408910869810946,0.02180440407714029,-0.0007824049573524976,0.11062688345744714
2022-02-07,-0.0032145396325401958,0.0017074767088133247,0.0006471412545784501,0.0018317711723340496,0.007375317353577323,-0.003549712036491044,0.0003913222777589194,0.05483863574338098
2022-02-08,0.008194198736502364,0.005105231835991682,-0.006708481652041216,-0.0037467939525854884,0.0030522079460774463,-0.016524169895133563,0.0015636731516151803,0.006324808965338507
2022-02-09,0.014530326916352346,0.016060356724743065,0.0018799050188189016,0.0033489593476154463,0.003393414275398407,0.008607913695975846,-0.0011725904720215963,0.00498211368199733
2022-02-10,-0.018129178091455957,-0.012801614794203367,-0.016019798504434,-0.013705073516615197,-0.0038037857675304026,-0.00327790957629632,0.0015632350028701775,-0.01760339378138894
2022-02-11,-0.01991565003967364,-0.015211443467302342,0.014718697341750622,0.0073969960135755655,0.018875607865561438,0.027449662089240996,0.004286015851501518,-0.026921126055171853
2022-02-14,-0.003274553716244728,-0.006495598534564184,-0.012518813193984834,-0.008931359808915825,0.005336451777182292,0.009386938778892762,0.0027178998776250115,0.0042115662722224485
2022-02-15,0.015998011403355106,0.018187051282620895,-0.011417727408477043,-0.005023391772358751,-0.009545260370239185,-0.031845952640917725,-0.003885016151333144,0.045630604487240684
2022-02-16,0.001119999299527816,0.0037802094536911997,0.005909047465471894,0.0014610245012338587,0.01023173130733765,-0.011578878628861228,-0.0019482259252022523,-0.01385529504989858
2022-02-17,-0.02159260765831383,-0.016264587562061426,0.007411209219669607,0.0007294548153574866,0.013575508168976262,0.009866139977941472,0.00038994895009914334,-0.08108233071910446
2022-02-18,-0.006496029542140977,-0.004240655539580203,0.010472242490860293,0.0024288066412362975,-0.000733724019731723,0.008843432273036696,0.002725393248811276,-0.012586526423760572
2022-02-22,-0.010789755692561648,-0.011755389204687947,0.002600757269182115,-0.0012945018931732433,0.002086858856896338,0.01228144173862909,0.0003886502648530462,-0.04456856016148077
2022-02-23,-0.017897855563491438,-0.008230702158213822,-0.013877790041062677,-0.009108888216046543,0.004497100140272996,0.010623820587493109,0.0011653029817024207,-0.026183634615420347
2022-02-24,0.014937074389212171,-0.013503453788796959,0.0006582998496759231,0.004727660450496133,-0.006471023453826176,0.001508500489626163,0.00811914851457307,0.027399579951549815
2022-02-25,0.021824058592103963,0.024685897196275695,0.0007310014403689243,0.004057229917698859,-0.0033362372759372606,-0.008173093606205214,-0.005018296383420533,0.022738450595305906
2022-02-28,-0.0025619763811835163,-0.01920794244071248,0.021682077257291786,0.010633466714457415,0.010311993951243732,0.025211422714287172,0.0015466567951264365,0.09664446705281779
2022-03-01,-0.015347140486592113,-0.022094382290626668,0.01149511434195884,0.0034146497840564518,0.01800043176575384,0.06233167712390556,0.007698367468286435,0.026533380332524757
2022-03-02,0.01822891213060028,0.01248802975074602,-0.03478035283934203,-0.015320403689252615,-0.010460864384517259,0.04890948300334435,-0.0007671837867077963,-0.009753715935407227
2022-03-03,-0.004990926977705525,-0.019915686424970453,0.01013352707506248,0.0036498011984709236,0.005935763844875876,-0.011870755037184696,0.0038298775883601256,-0.03409447865241336
2022-03-04,-0.008157810848962787,-0.02940559134349107,0.01711707222674414,0.0009707658369736058,0.015803608419049087,0.06405202634966742,0.007616281992446128,-0.0812852755652355
2022-03-07,-0.029922297950709435,-0.03223951590167404,-0.0076592819124259755,-0.012206066887761062,0.014753495270293054,0.03596758743301458,0.007181959843734076,-0.027866346094458618
2022-03-08,-0.007610723844198469,0.008640152088199125,-0.010110471447461276,-0.005994488544911489,0.026991429368426304,0.03647600443815633,-0.001885060134846299,0.01758473821596099
2022-03-09,0.0264577010246606,0.04097619960476638,-0.009847746389793065,0.0017282135636430935,-0.030161495266205762,-0.123962088264302,-0.009859755043976947,0.08046083301385845
2022-03-10,-0.00452586260068716,-0.0120309367528137,-0.014471098628706614,-0.01149500730835963,0.003116366878477797,-0.018859699951238987,0.004942071268951472,-0.06254685680053026
2022-03-11,-0.012796577476904958,-0.010865730637996169,0.003341030614618961,-0.00041599963065668146,-0.007052696024243029,0.03110717362449335,0.005295063642219158,-0.016425482290646415
2022-03-14,-0.007335126990338491,0.009135006135211057,-0.02362575139308983,-0.014583893346710116,-0.01518847505814139,-0.047717511561381695,-0.00037737986719373577,0.022222736239216903
2022-03-15,0.021752323294684593,0.009481666708057312,-0.0017471587619012489,0.007821160585172229,-0.018882610033681094,-0.05953548768292485,-0.0011326605159834322,-0.00830247189817811
2022-03-16,0.02193187128460349,0.03525864667916107,0.00975945398952024,0.008508543524018421,0.006241285995487705,-0.005112836852067068,-0.0072038282838551414,0.044865467674200424
2022-03-17,0.012433178975778319,0.008384442090182838,-0.007481092056844384,0.009753952063359219,0.004876733952655098,0.07611451604062142,-0.0022856859983119435,-0.004690916877794194
2022-03-18,0.010893195217983865,0.009671179833363363,0.012138301518460794,0.0019719101123420435,-0.008828710707897394,0.012945152272857224,0.0011435381858374758,0.020538517974936225
2022-03-21,-0.0002923497872443061,-0.006255255420869718,-0.023428648230233197,-0.013970874584390296,0.00761175501954624,0.06358350292800369,0.0038022931466240133,-0.017451397341420673
2022-03-22,0.011633286655739258,0.009368154442694919,-0.012894453697765255,-0.002417575763494244,-0.007277189924242526,-0.012397418320573856,-0.00037967178456353625,0.03070379130997368
2022-03-23,-0.012961800624462928,-0.013057715877741823,0.02167820831153234,0.0028337830704728674,0.013567209576051467,0.042246634981325915,0.0011383314752273245,0.012531246090632069
2022-03-24,0.014961785167412752,0.009266820602307511,-0.007863371250342316,0.0004159587293739044,0.007234137513108609,-0.027212526285618505,0.001137037149911427,0.024593725965785046
2022-03-25,0.004871650232116577,0.0005425039196784684,-0.013970078270121651,-0.00793363942525243,-0.004103860537691329,0.012337347301697402,0.000378725263901269,0.008782716407665668
2022-03-28,0.00708791832168418,-0.003259446976811303,0.008513233791730145,0.005518379494315625,-0.018371517706821095,-0.08003237645173043,0.003024649584449099,0.060783304041324586
2022-03-29,0.012294949005717933,0.021928963671968154,0.007524274909937583,0.008386364743107642,0.00044668806848975184,0.021503386864055396,-0.00605839140857067,0.00714059973919024
2022-03-30,-0.006193752249143444,-0.004133563919171031,0.007771329746027039,0.0023126136584138528,0.008006283379257595,0.02284926196814527,-0.005331274498857274,-0.0085279952347302
2022-03-31,-0.015511215158847748,-0.016707502222974287,0.002426105279891435,-0.0023126136584140007,0.00038752078804877134,-0.0498689228740805,0.004191212761602773,-0.03291800954258311
2022-04-01,0.0028300646727337465,0.009331295507335321,0.003798921777226594,0.003350284721460307,-0.00638621587890147,0.0006742925881570746,0.0015197096723361609,0.016183454010017757
2022-04-04,0.0085302135854619,0.004029887071723827,-0.006973995319522496,0.0034622673850612535,0.004835061682683925,0.03562586201658175,0.004545488084597016,0.007341591448509302
2022-04-05,-0.012711854947686943,-0.013633046026537188,-0.022851965795125547,-0.017684975783999468,-0.006284549046099261,-0.027167667298447926,0.0052771006684568505,-0.02314486060589607
2022-04-06,-0.010049677876201226,-0.012031962120086392,-0.008126537448892853,-0.005880503952849641,0.0023404756196963713,-0.023673745806336653,0.0007516152389963572,-0.05294570510057487
2022-04-07,0.005026252715246177,0.0021984033290721795,-0.007560885033966142,-0.004645248563633704,0.0037777415804506904,0.0008209846806297853,0.0018764873014397116,0.0068529242315328075
2022-04-08,-0.0026773413572115483,0.00041179621592144964,-0.010890091065236703,-0.007903836686711093,0.006246419748615932,0.013585319545394096,0.0,-0.028353972258937266
2022-04-11,-0.0172401033997387,-0.01062014226299574,-0.01595117313652158,-0.00977492902664196,0.004947206140849894,-0.024726312824649432,0.0022471631875726787,-0.06764040584223356
2022-04-12,-0.0037122311754443442,-0.007515649799322662,-0.001381692469170078,0.0006892390914600232,0.007647435301758943,0.04964602056691441,0.0033613460361942987,0.015198991801760951
2022-04-13,0.01138853511675563,0.010699773524345898,0.0020311432000837174,0.005153121304610535,0.004777109287769396,0.031608781573568306,-0.0041097842684063865,0.02557641749549052
2022-04-14,-0.012529854777427957,-0.004571691366314836,-0.02024914370829514,-0.011718270463313073,-0.0033090194372706765,0.01455816003927902,0.0044825798303204005,-0.030364373354540806
2022-04-18,0.0004109721367919415,-0.0058486236961162305,-0.004981252403482698,-0.007656133538061512,0.0030924062818564585,0.010501458548884719,0.0040915227370182375,0.02205835186986756
2022-04-19,0.01601382361776569,0.004737265575384436,-0.007519049115178285,-0.007979542552676846,-0.015228268112133887,-0.04515299902523628,0.0022247484944916615,0.016435294339235306
2022-04-20,-0.0007418920689466962,0.006650054351140887,0.01992585324341455,0.010334702905409353,0.0048830061930919995,0.004931836825484317,-0.007062001383699725,-0.003097867846210707
2022-04-21,-0.015066435179200425,-0.010828998301194947,-0.0074255517247536346,-0.010686840131027886,-0.003563943502360224,0.011328711263713346,0.0029795074451593488,-0.020684439708319406
2022-04-22,-0.02782241328499858,-0.01646626302199676,-0.006314093582186485,-0.0011457019893018317,-0.009769661352400816,-0.02344218185870405,0.00593259581496036,-0.019611085251918917
2022-04-25,0.00578057037523147,-0.00483650774322433,0.00995129658978481,0.011047815524535291,-0.018134432520229594,-0.021993414882633698,0.004794518443245656,0.01790572916517274
2022-04-26,-0.02938830227092916,-0.0283462143338614,0.010016332277061361,-0.0005232302507620333,0.0015238553873300224,0.02395717186868813,0.0062350262154535815,-0.05959955698854747
2022-04-27,0.0028078183451677842,0.004537406393929172,-0.012908413113301662,-0.00964322701127201,-0.007585723242633687,-0.0011777314298873113,0.00619647182206342,0.029052734994520196
2022-04-28,0.024945448573818623,0.01406517041651197,0.0014885074114410774,0.002990566674500831,0.0053838047894630165,0.02214398069140387,0.00579701684330635,0.013483906721524785
2022-04-29,-0.037655474657532634,-0.011731702886457824,-0.013057866079381442,-0.011127903244160834,-0.00011298334784093811,-0.01185273005707613,-0.003981841526804636,-0.02970235366082905
2022-05-02,0.0060012481942911524,-0.0024798050651436056,-0.01748573919977112,-0.005945617036248863,-0.01871452290294498,0.015687522230842913,0.005065095785725974,-0.002087036751700583
2022-05-03,0.004573640644565463,0.007421042794834117,0.006719135324726764,0.0064260267723233715,0.0026457593569150124,-0.021797404118103575,-0.0018059962385238272,-0.02042224184090012
2022-05-04,0.02999823108609585,0.01738919716602143,0.005494874866160018,0.009739180393655754,0.009774616775434711,0.045001521947341354,-0.008349981191499335,0.050312677532991644
2022-05-05,-0.03618966108106999,-0.032727934594064666,-0.027781151397594177,-0.015449107738971703,-0.0038184194446891804,0.003235872503980499,0.008349981191499312,-0.08194136472907673
2022-05-06,-0.00598684567250939,-0.009763596974574613,-0.014844707998606361,-0.008536463980005349,0.0016545049194706565,0.020294576247385527,0.0018059962385238602,-0.014713780107637159
2022-05-09,-0.03254109430205443,-0.03064155845426642,0.008758604478141075,0.003513209241852773,-0.014585347642546313,-0.0700979731707621,0.0003608241454126976,-0.1736078611020874
2022-05-10,0.002307913916583776,0.007482766508659657,0.009029059096316995,0.004217182396326853,-0.00848106565352078,-0.027003638624532214,0.002162294706124174,0.023678692386482958
2022-05-11,-0.01601347037032693,-0.005951305691302768,0.019088847967689077,0.0046461645964615056,0.008133958004822058,0.04781215175338986,0.0010791976682614916,-0.06962706368652095
2022-05-12,-0.0010447066508629673,-0.0024514643522628265,-0.0018673133004719756,0.00044528625421124654,-0.015452706170676834,0.013341193078315002,0.008593012221998778,0.0038423156405122537
2022-05-13,0.023626572881160268,0.02739061586810493,-0.014891168708442107,-0.005270369836867834,-0.008142627698810948,0.025544911465052732,-0.0028561144618945663,0.008069582993285078
2022-05-16,-0.004065708276010087,0.0008952857911165295,-0.0010350733212627077,0.0013427680860879018,0.009493279652076629,0.022265070097156798,-0.003940474979851281,0.01960683113380203
2022-05-17,0.020361759092141093,0.018471108407558934,-0.012157057481064559,-0.005741063849429513,-0.006299094085683991,-0.024358773301596696,-0.008289948981134018,0.018675310971867837
2022-05-18,-0.04114666983121826,-0.0241546636705186,0.021093410950479917,0.003681733126936053,0.000531343704844183,-0.022694236776363685,0.005054204222515438,-0.05768962303395388
2022-05-19,-0.00614338603619772,0.009553720635968021,0.002392539523928316,0.0026853339473788766,0.014590277160260899,0.01613847365576466,-0.010497765833168865,0.054017472510896065
2022-05-20,0.00043630101222643026,0.006810697842504692,0.011285917489961581,0.004904193817378002,0.000697767757192036,0.013191335617879649,0.0021809978815208126,-0.03742660999960213
2022-05-23,0.018537123686204048,0.016826968499668426,-0.01659118299253236,-0.0035640649651062094,0.004639589893868967,0.003911503452491727,-0.009119216484305945,-0.003493337644354639
2022-05-24,-0.007663089624051804,-0.0015974665331811265,0.019539810061868577,0.013037146063395535,0.007493711725538028,0.00036590570724210285,-0.0029358527174530727,0.01894978176706928
2022-05-25,0.00879630912331842,0.00029064403043104457,0.003947148183773693,0.010256617861852231,-0.006048248796558386,0.005836633144421413,0.003668552128280536,-0.0031485281301596416
2022-05-26,0.019784324917051645,0.010981225762919785,-0.00453592472659354,0.00026144032828571013,-0.001850609639927292,0.02526013261478566,-0.003301017548273192,-0.010033699544872113
2022-05-27,0.024252652460181084,0.011998470244768059,0.002438271610936773,0.005217870980665123,0.0005208853826908474,0.010232406479484663,-0.0022067476820697603,-0.022097889022563728
2022-05-31,-0.005626705672517297,-0.005981116644588653,-0.02138930512998556,-0.0074001305577537264,-0.009942270255165302,0.00011703195722255155,0.0018392131020622377,0.10485406697380147
2022-06-01,-0.008121423115835446,-0.010626312336529754,-0.0011436681180445663,-0.005850471998889505,0.0063488366174163004,0.0008186620415099886,0.007688144913551141,-0.06474693067083527
2022-06-02,0.018864105142605468,0.02057499679377278,0.0005157980387516498,0.00043996672321038196,0.012234040087981134,0.01979344758085911,-0.008791071441321668,0.02218263391098452
2022-06-03,-0.016547565345097347,-0.01438664830604217,-0.002152186979516443,-0.0031751765415429537,-0.010203900438868029,0.02512582612068235,0.004405155535762709,-0.02536528971019155
2022-06-06,0.0030403502101412874,0.00400940882141498,-0.018615676024077477,-0.007092875591356159,-0.004413447852864014,-0.012144553035572943,0.002195443347273882,0.05457857235495718
2022-06-07,0.009546194253531827,0.0029961583504437197,0.010742365971343495,0.0053242480142851765,0.006497267812168451,0.018495192038892445,-0.001097119177321469,-0.006883334658869973
2022-06-08,-0.01093156736843598,-0.014060434166276807,-0.008900196359347131,-0.005768916955652316,-0.0009256257836888652,0.02142582606010675,0.0029228998310537315,-0.030672946983430784
2022-06-09,-0.024070162215367844,-0.02122435438867818,0.003324862554687453,-0.006609537506406909,-0.0031883338247287547,-0.009941590967299982,0.007270209733414453,-0.0033934595457949636
2022-06-10,-0.02942443571506009,-0.024432352823123612,-0.006221103949472022,-0.00972421158771653,0.013323135228160962,-0.010485219204587856,0.007936421004579298,-0.03474221923780006
2022-06-13,-0.03870785200169994,-0.03364055637017611,-0.03188222896514159,-0.023342930962886012,-0.02676735882447253,0.0025486562597105897,0.009655074783578722,-0.2572268307057921
2022-06-14,-0.0030178422394411954,-0.009477206310944602,-0.012693569577400247,-0.005200387246843983,-0.008035407203286724,-0.021364312251306368,0.00213300611645216,-0.012556416941057361
2022-06-15,0.014155716603504067,0.018548706420592784,0.018484655894374473,0.015519983158376063,0.012966509676610984,-0.01733418550159643,-0.007843286959707603,0.01634917508386348
2022-06-16,-0.03365595979798806,-0.02226762054680625,0.007907932298504403,0.0010993662589772269,0.011180446816136464,0.008362536165384625,-0.009710475092312492,-0.10211240133010355
2022-06-17,0.0021530341977513217,-0.004058180758745341,0.003217153743351134,0.00201234371424963,-0.008256810144045654,-0.050537154714440646,0.010068408634423386,0.004397810882562394
2022-06-21,0.024862135766624337,0.015013642910749385,-0.017097507103505254,-0.010102626249766903,-0.0037437854344901486,0.008483314110952442,-0.003584319348528202,0.011612717039855306
2022-06-22,-0.0018145393717003367,-0.0067524607186258455,0.027129140288897013,0.00726587116887239,0.003977268335422712,-0.038445355409975686,-0.0014373327491250967,-0.03556200532463169
2022-06-23,0.00975487090247684,-0.0011297882510254349,0.008181310120638566,0.007668612230891019,-0.006148118298448717,-0.023771842391392836,0.0010781931959516526,0.053519949652552336
2022-06-24,0.031298923647718205,0.029439550879024497,-0.013939415862568512,0.0011816447664651404,-0.0009989609969459391,0.02858220509708128,-0.002157390864213056,0.006889809613761697
2022-06-27,-0.003826981442409182,-0.004242940865111021,-0.00856499986934599,-0.009216605112560864,-0.0011176944418580068,0.020219978683858122,-0.0018016007078163938,-0.023647116165469387
2022-06-28,-0.020644396832417453,-0.006794670813947835,0.004648041580809887,-0.00027538599732619955,-0.0016493806069405818,0.021354833558795493,0.00575340091370259,-0.022179692795419582
2022-06-29,-0.0008149099252294097,-0.003812385308901875,0.015488100215682253,0.005942941786331463,-0.0007666517068580592,-0.021113735855704422,0.005720409684374227,-0.00874651225988825
2022-06-30,-0.008157402734400358,-0.005426246557702569,0.008743543978320178,0.003003583874013923,-0.006095587698335223,-0.03184590665300542,-0.003213792039351614,-0.016009711756282033
2022-07-01,0.010520886405562237,0.00239754482421366,0.010214370131140507,0.012560682890734925,-0.0008313996785857856,0.01629464175690324,0.0032137920393516127,-0.02639361166796203
2022-07-05,0.0018868068258539074,-0.021624312469389898,0.007826395718139088,-0.00026976160537634257,-0.021437799680384485,-0.08813626172497899,0.01415947800721839,0.04667649717684102
2022-07-06,0.003371672235782716,0.0008154096495549653,-0.01693360420270054,-0.0049635805507022325,-0.01596901758740465,-0.014954817385141733,0.004558966760884596,0.017582449257883936
2022-07-07,0.01486604699061851,0.015045149444373775,-0.008839169892308749,-9.035716030173574e-05,0.0005548992912700342,0.03834852612999407,0.00034999705081129414,0.05165639338861742
2022-07-08,-0.0008229603158821778,0.00112332902759713,-0.011137645536119054,-0.0016299427655470287,0.00043143823725389326,0.025663898836797847,-0.0006998068849638407,0.0043132227124235666
2022-07-11,-0.011489323915487544,-0.016331520973303464,0.01709733930546266,0.0028052481395148153,-0.0053749265251639535,-0.0039548121986266085,0.01148434677454429,-0.08448618428363855
2022-07-12,-0.008888343746091664,-0.00016300030641628146,0.00592453957149683,0.001445309295084506,-0.0037236489059839332,-0.07179997373264087,-0.0003461655424821067,-0.03291562138901987
2022-07-13,-0.005265367036835211,-0.000489366841805939,0.011401052187080901,0.007461042403442417,0.004776265963686179,0.005205558094811725,-0.002078976291229311,0.044936759944821686
2022-07-14,-0.0024313879747020007,-0.01412867557020225,-0.008192470470438003,-0.006379077314368383,-0.014146649261641277,-0.004656321274512414,0.00691335618613309,0.017549651263241726
2022-07-15,0.018924765565247546,0.015758693110717523,0.005612550007938181,0.00799053936125459,-0.0020104758163567997,0.012142852140508807,-0.00587328944220563,0.012868197042892807
2022-07-18,-0.008291332131166382,0.004063457421711071,-0.01047282232615824,-0.006999354224059228,0.000942949789432323,0.04078944438935173,-0.005559410600153709,0.07618107481235145
2022-07-19,0.026660780073868035,0.026885944806800406,-0.005409627678647962,0.002787589166587043,0.002384623832616704,0.01601487783589144,-0.006291523867802331,0.03940528200341783
2022-07-20,0.0063527269644352196,-0.006654039562645906,0.0026212460194923967,-0.0010784472922855909,-0.009446509339211243,-0.005266935621969812,0.0028011121895204954,-0.006765243636369361
2022-07-21,0.010131841733590285,0.010279167111092957,0.017128479344359192,0.013572087044540335,0.01401179660226555,-0.028082581586164848,-0.002801112189520481,-0.0028926217700481673
2022-07-22,-0.009321267456029812,-0.002520479429745803,0.016671083468261325,0.007685346812227364,0.0024926409954947677,-0.012798456338420777,-0.0014035427780074718,-0.019601945764881813
2022-07-25,0.0012141031573337584,0.007699019633577395,-0.009832915616058873,-0.008484267284206953,-0.0027423043036363935,0.022422198946315527,-0.001405437686090243,-0.061424899588963196
2022-07-26,-0.011901658797280645,-0.014028186157991316,0.0007662565061418673,-0.00017730567177452254,-0.001186514317386386,-0.014004688191793072,0.007705770398114312,-0.0057250438268413185
2022-07-27,0.025635094293004316,0.023375386908741278,-0.005633854668918272,0.0066354618098146455,0.010133467249785824,0.03542158159082639,-0.008409269580555963,0.07659542154936112
2022-07-28,0.0124643496352547,0.0051041170971389506,0.007929707604184023,0.008254959747598493,0.01211168004371747,-0.00954853052413884,-0.0007039944419764053,0.03905783089201425
2022-07-29,0.014473648724575908,0.013789179368871725,-0.002721587137686292,0.002358893858659417,0.0028071459585694595,0.01185741172534521,-0.003880697041195481,-0.001647644691440151
2022-08-01,-0.0029656642128097982,0.0013682483449461256,0.023798257960855083,0.0019747082101123727,0.005651232868696488,-0.03812977623813476,-0.003895894051169712,-0.020817634234079938
2022-08-02,-0.0066192787528878035,-0.01608334161854479,-0.021386631624461083,-0.012295789184219778,-0.005955990148902209,0.0105919574209734,0.006367191649873753,-0.01452024708261338
2022-08-03,0.015538131788419222,0.005850579239961353,0.01562184400294393,0.010810678563117494,0.002435276067987767,-0.032118397637613996,0.0028168930669096423,-0.005744061707541017
2022-08-04,-0.000675775647594314,0.005053184443841019,-0.00033495274258550303,0.0015723140157236871,0.016404693683584038,-0.027576544552019324,-0.006349224210165913,-0.009479525568520927
2022-08-05,-0.001691711588992502,-0.007050859037068464,-0.024091768496891434,-0.01362079304933927,-0.011309781450742627,0.00013982157360873483,0.008456601897212179,0.028675899088160428
2022-08-08,-0.001161667079579644,0.0023046502698069243,0.016012653487266732,0.003973378979015043,0.008434348290836127,0.027572741694214514,-0.0014044508064721458,0.0220894382615691
2022-08-09,-0.003978949380271663,-0.005386019801828405,-0.0038943314969009783,-0.0045049235185346615,0.003054867797077557,-0.0012246272513984958,-0.0010546146079087198,-0.02747099349637511
2022-08-10,0.020786619748727597,0.02227744442920842,-0.006552846468344305,0.009427959535739164,-0.0025151110588634198,0.011775229328236174,-0.010963809100061336,0.03325679505388167
2022-08-11,0.0,-0.0003018331916742233,-0.023585585650940297,-0.009693480757954223,-0.002641706914863643,0.026030674329950296,0.0007108445538104707,0.00041276206736784357
2022-08-12,0.01678722759709329,0.007668714702564013,0.010089983294423852,0.011533378936071455,0.009155976822720392,-0.017189308650474563,0.003901499891638994,0.018415982056898608
2022-08-15,0.0041123524129702054,-0.006009599497086881,-0.000865912897020276,-0.0007005630721669024,-0.012950528089989187,-0.028407240813477935,0.00881053006899263,-0.010953832132927683
2022-08-16,0.0019567796623995133,-0.00030148732277719996,0.004148876228604766,-0.00386169742859411,-0.0017516299628300418,-0.02275978683027081,-0.00035079192528938687,-0.010565706274135412
2022-08-17,-0.00712340669956346,-0.008021432616401923,-0.010492205347186274,-0.00945354407965401,-0.006489345947105167,0.011305936366571526,0.0014029728107777099,-0.023181944883864696
2022-08-18,0.002902269675689059,-0.003348339629653934,0.0014810788165867653,0.0025707289931408877,-0.0026198444873023344,0.029538534843419915,0.007681555111564456,-0.005295957030778942
2022-08-19,-0.013529119088096888,-0.013816569516562318,-0.01623353717211694,-0.011935038245736194,-0.007347552958114958,-0.0020233571248430395,0.0062414251347754955,-0.10602664190168617
2022-08-22,-0.021042222337173008,-0.017150406089177714,-0.0033673500568804984,-0.006743363981089192,-0.00665930336783302,0.008336780239749365,0.008261634925269367,0.024665352243595003
2022-08-23,-0.0024223095689461373,0.00047154896016150685,-0.005518569816868055,0.0010819760846846969,0.006966551217581505,0.028382889952123836,-0.004122323740350542,0.0060185938546632
2022-08-24,0.0031960744144230234,0.0012567752273357187,-0.00734565307683267,-0.002978437956613076,0.002944580504679446,0.015626314774332784,0.0006882478304847116,-0.00620033327852915
2022-08-25,0.014018884257446074,0.010929041739572124,0.013840144657157834,0.010251014736291541,0.0030581063588208724,-0.01993078665393413,-0.0017215085515863632,0.009577016652955654
2022-08-26,-0.03443503835531199,-0.02659282917905655,0.007509199199126617,-0.006011843252227149,-0.012227153201929956,-0.008533055155007855,0.003783338537933294,-0.06408571655966329
2022-08-29,-0.006634333563639739,-0.0022349350168288213,-0.008307431977538558,-0.007407089034476567,0.0006180465249853886,0.036758427895031934,0.00034316213342564775,0.001872607508800721
2022-08-30,-0.011038588208248426,-0.007218044156292217,0.002481760895356709,0.0012681768274600228,-0.008375556136480044,-0.04178087110105697,-0.0003431621334255146,-0.02500132778356697
2022-08-31,-0.007638101143299749,-0.006783886627634158,-0.009606892994806757,-0.010559498024400569,-0.0077553096129762645,-0.03177007781783223,-0.0006866777497831789,0.012696624168793951
2022-09-01,0.003132866540795512,-0.01354357435334472,-0.018477787234593975,-0.00603898579287744,-0.00882902347465035,-0.02998980406036944,0.008891898071388809,0.0038518173635346637
2022-09-02,-0.010600257807884043,-0.006593031478211127,0.005640788087456066,0.0007384775271706112,0.00876617372318804,0.006742592846000861,0.000340358409951926,-0.007849479691159277
2022-09-06,-0.003780391030149606,-0.0024836891317009456,-0.025080545618853343,-0.01365483643699052,-0.005856578259356107,-0.00014003691079669602,0.005769561995475766,-0.058361223781760084
2022-09-07,0.01780553389929912,0.008748036971052179,0.0156917705554026,0.013562505037769401,0.010117286090114818,-0.05467407863082617,-0.00713184206491552,0.02374515374913594
2022-09-08,0.006514867112430686,0.0006571900011423463,-0.010310470867085805,-0.002309159426280103,-0.006020378897494643,0.006926467813874334,0.0020427248079801976,0.00204607030353663
2022-09-09,0.015416062101660133,0.025137118587758044,0.0022183185935588257,0.002309159426280033,0.005269846503477033,0.043257009636661424,-0.007168435881041529,0.10086009766789074
2022-09-12,0.010690230454061797,0.013837199591760758,-0.00825103271618362,-0.002216862459194563,0.005055386193321507,0.017704571481807953,-0.005151890848537345,0.045231054248108374
2022-09-13,-0.04445630157205799,-0.035367714731645315,0.0023247092927896978,-0.007238849666144643,-0.013096728906648173,-0.004986858903455066,0.013680054217533858,-0.09728219892342403
2022-09-14,0.0038087109151234335,0.0032674934437853685,0.0034303076144867957,0.00473919799715195,-0.003855034555311845,0.009948972396031864,-0.0020401722264953653,-0.0027439686753737906
2022-09-15,-0.011418401159399977,-0.008846755764260543,-0.0006480972683857274,-0.004832498477575538,-0.018855801737618274,-0.041693190099260855,0.0006804447385404468,-0.02703458624126178
2022-09-16,-0.0076580885307467594,-0.0061071523084480096,-0.008370454327163665,-0.0023314245076420325,0.005533767627080334,0.002004860845925951,0.0,0.0036162281734326176
2022-09-19,0.007724923635070566,0.003470802983344305,0.0023324635402396324,0.0016791600344944493,0.0007697907679810017,0.00214364527921781,-0.0006804447385403379,-0.011621401308850286
2022-09-20,-0.011544682802614043,-0.01713987666077479,-0.010020681443587988,-0.010024046674519083,-0.005722932055293624,-0.011919460506117313,0.004753943269604445,-0.03400047754708742
2022-09-21,-0.01759795331446177,-0.013178167806777382,0.0166141866209723,0.0037591213432002744,0.004632228320962459,-0.007831815369600275,0.00977577018149634,-0.018344813515223775
2022-09-22,-0.008435200398122872,-0.0028952305710901135,-0.025880467249559135,-0.014169911847919566,-0.0005778441890031698,0.0042136046695252245,0.0013410385901181055,0.045641677549128984
2022-09-23,-0.01689698096713503,-0.032414853338699805,0.004076556944097113,-0.002858458706563933,-0.017427816406674814,-0.05437338171199155,0.015622655372796551,-0.00598857629671097
2022-09-26,-0.009941688982478799,-0.014909731878884825,-0.019295599201212613,-0.017516903058161174,-0.01170141432179742,-0.03299395020561455,0.011151291059409435,-0.0038923305891219915
2022-09-27,-0.0025560778964314065,-0.006818585758225021,-0.026683969238310228,-0.015164518009062869,0.0020477436877313054,0.019119802254714994,0.0003261846778904526,-0.005850034170169328
2022-09-28,0.01948538397852121,0.02384034303476384,0.03293361953153756,0.01991091324097526,0.020573557832177892,0.04120688155693027,-0.013127807072678325,0.016409099157190264
2022-09-29,-0.02111026659636203,-0.011849127955291916,-0.005189193430823748,-0.007469068488835821,-0.0001939471718055397,-0.005377169442583579,-0.003972295277782623,0.007504185755091534
2022-09-30,-0.0155843737988869,-0.0035644861565180333,-0.012994866957149742,-0.0025346396644919853,6.462035224685361e-05,-0.022568135637345235,0.0,-0.007243323491751529
2022-10-03,0.026058920543712644,0.019624108320077438,0.01576472241077587,0.018330810770624564,0.024019005945363412,0.03920304736689929,-0.004654302282106978,0.009821571864517747
2022-10-04,0.03051587188062747,0.039308175258103546,-0.0027970630387296725,0.004604686526284707,0.014226444596111972,0.03459850662650263,-0.01375625832152584,0.035702295702777984
2022-10-05,-0.00233076890614483,-0.010660795787446518,-0.009607781194027257,-0.007590187937627037,-0.005553659432976476,0.02334522625442119,0.00941500233663561,-0.00869820607502516
2022-10-06,-0.010369516912341071,-0.01767823718832324,-0.005573382916527272,-0.002316890359917789,-0.0011269264553861384,0.014489943991922168,0.00999011235897999,-0.010234041758595132
2022-10-07,-0.028290132806967332,-0.01605915452929999,-0.009755209762482767,-0.010006646193302571,-0.011023386142689101,0.02849812225602715,0.003968208367930675,-0.020687828067475794
2022-10-10,-0.0076646445754911165,-0.0056467402749186945,-0.01566828787877572,-0.00902283195706717,-0.015318203217156916,-0.01773286282877452,0.004281281627721808,-0.02095619157510827
2022-10-11,-0.0063532849612114905,-0.011031996097795828,0.004415688224119341,-0.0020714789017864796,-0.002060212330939929,-0.027899820983622422,0.0006570460537096006,-0.004716403712704758
2022-10-12,-0.0033035920378460975,-0.0032258742395332948,0.004894890041109656,-0.0011853550150746851,0.005335071671709423,-0.011494375123242773,0.0,0.005549896374470987
2022-10-13,0.02604859098815909,0.020432384580516008,-0.009612780570119848,0.0017773303000134049,-0.006947611087114204,0.022168860080398787,-0.006589822409254979,0.011700026522297709
2022-10-14,-0.023052475812732436,-0.015061870041379584,-0.008284541132857759,-0.009616823859039773,-0.012537160793022467,-0.032941496427241077,0.006918183615922261,-0.010228526229371489
2022-10-17,0.025372468257654934,0.02433984723719378,-0.004881325494925692,0.00477079252048779,0.0028720806307473926,-0.000570219784979795,-0.01022945134801233,0.01885111894269266
2022-10-18,0.011680971318481158,0.007118842974436477,0.002342068363187224,0.0059310683470164705,0.002148660090392182,-0.020601468577874062,-0.0006635860077704117,-0.011127327349328565
2022-10-19,-0.007111657481301723,-0.012359878991786387,-0.0183734243134312,-0.013794750900075429,-0.013488925988338462,0.019317365682351977,0.007275193154589338,-0.010130621895940859
2022-10-20,-0.008420584440121646,-0.0022796789384753975,-0.017241115478920144,-0.008731674499483876,-0.0015834633753089122,0.0019968540143976603,0.0006587773942395078,-0.004492679159130498
2022-10-21,0.024010975238876457,0.01792131275403778,-0.01818710853666045,0.002818421090093206,0.01767059741452654,0.005541746184756804,-0.008597923716741271,0.00621191065339352
2022-10-24,0.012162011686176451,0.00017231495215250955,-0.008298632480664599,-0.0005028767773148168,-0.0032488658845126403,-0.0026960278198958007,0.0009957278095634153,0.008988239092956676
2022-10-25,0.015842578468869196,0.021829036105570424,0.028696731692126144,0.013287666040822956,0.002275353560635257,0.0032626933038349096,-0.011009255983634482,0.038050125599863024
2022-10-26,-0.007562710743422855,0.009402455423791346,0.014304539845607592,0.004555253691264529,0.006343446354353355,0.032876628334126724,-0.010453522827733708,0.033017194358947406
2022-10-27,-0.005354217236559439,-0.009402455423791305,0.010416048093126507,0.004632248913142113,-0.0015497241473593686,0.008868350752062925,0.007766261659065406,-0.023607984321621485
2022-10-28,0.023512212385447387,0.009903618042024913,-0.0068979040899503396,0.0020628146803801646,-0.01026317410117862,-0.010926126701963397,0.0016804307283673514,0.015142492579417856
2022-10-31,-0.00724958201603885,-0.009397579990013926,-0.007153439096087088,-0.005412139247293205,-0.008194886192774814,-0.01787371350178193,0.008359907780993827,-0.0048467069192588905
2022-11-01,-0.004385607054646046,0.007893055751390052,0.009302620943728206,0.007169245782412886,0.010151726172797497,0.021985039653876663,-0.0003330637905417633,-0.0005124320157945651
2022-11-02,-0.02541656018300207,-0.01466015906517438,-0.004349785173992824,-0.004826144833254498,-0.006996970202892216,0.0130436503466261,0.004321053799602686,-0.01603042401585493
2022-11-03,-0.010350047478918782,-0.008523807417997641,-0.005411604058471523,-0.0035608326424971734,-0.003813297433937162,-0.010721428625580514,0.008257737619626494,0.002501116490787244
2022-11-04,0.01429042423062275,0.0392799184248149,-0.016943646837682652,0.0019797957678407813,0.0302345832528433,0.04704083251554629,-0.01892809796046359,0.04533199824767065
2022-11-07,0.009520212294019746,0.0031227813657722795,-0.010026439012224195,-0.0036658768881004753,-0.003970260739379374,-0.0033903036892483644,-0.00571525078913871,-0.026081164613568686
2022-11-08,0.005380926546722691,0.011259068725858563,0.010875605177575581,0.0041601701200841,0.022836328940686813,-0.027678339141470294,-0.004392597177963549,-0.10542864681146098
2022-11-09,-0.02081728533192417,-0.014052625513201984,0.0032816775770225745,-0.0025733313269697255,-0.005029894759161607,-0.038324151657016116,0.007422465348301928,-0.15488954817014716
2022-11-10,0.0534973832708573,0.05459545029772877,0.037752062407752564,0.0329464979139531,0.029990153003992607,0.007921655080017409,-0.023122446559121667,0.1020374090112842
2022-11-11,0.009631866149920731,0.019747432513027248,-0.0036707886414996606,0.002680920368560642,0.00658459794711783,0.029193172033138825,-0.014553315082145859,-0.03191845360130116
2022-11-14,-0.008543225491908843,-0.010596680987153086,-0.002454520499950769,-0.0050809896410674345,0.0021852662272774694,-0.03377166352988229,0.004527290255647259,-0.024730112327480673
2022-11-15,0.008493068369697328,0.006616986722220923,0.01605093926094873,0.01384094202653381,0.0035106980811025834,0.01846285985648723,-0.003480615340100473,0.01590431717951544
2022-11-16,-0.00765813780569739,-0.0023032349314315668,0.021632305455861364,0.008495378629618364,-0.0022987420952167376,-0.016656714880824184,-0.002094291899278169,-0.012825680370738035
2022-11-17,-0.0030644205828312325,-0.00046137508818951654,-0.01060826405967125,-0.005372431372190617,-0.007293959961673216,-0.026728297006224744,0.0038360368958603223,0.0010839194206494296
2022-11-18,0.004530091665984085,0.0019974327408472303,-0.0069009210879985355,-9.439498923163949e-05,-0.006917507382313755,-0.015952060978404792,0.0027807430362612557,0.0006146278457023498
2022-11-21,-0.0036427239720098546,-0.0075493619804988124,0.004206286390691218,-0.0015132136561157765,-0.0056056352070885974,0.0,0.008640011295537084,-0.05607080012181534
2022-11-22,0.013367238176866683,0.013822806517503311,0.014091528786693782,0.008858140808577898,0.0011730356909015207,0.013668359877717839,-0.0062133413231335935,0.02517471508039186
2022-11-23,0.006281819428554794,0.010922531179969235,0.017291605561552167,0.009988351297831691,0.006212503317279542,-0.03741610571818786,-0.010442162591480102,0.025667956985737504
2022-11-25,-0.00022373213023012546,0.005116567103989624,-0.0033957216647449075,0.0010208536499947303,0.000858102340972588,-0.006698016682783079,0.0,-0.00536423852736
2022-11-28,-0.01608579015523233,-0.012993054131971412,0.002814236899655411,-0.007263718115674128,-0.007934893665371402,-0.0011954847993394977,0.007321108296444536,-0.01860330416717548
2022-11-29,-0.001719025343357232,0.002885083516297082,-0.011794837767188204,-0.004965942783001886,0.004928261563008794,0.021595265391397535,0.0017350959319681674,0.01394046411034608
2022-11-30,0.031014870527068965,0.01758531566886356,0.007327365366309905,0.012137056367331648,0.012700921015012894,0.02728042486953995,-0.00800696701094786,0.043059766583943886
2022-12-01,-0.0007361570386392851,0.009637393565682311,0.031446212031015504,0.01243485535535884,0.01821784239630758,0.003127577056553534,-0.012308914509076629,-0.011802068595367332
2022-12-02,-0.0011544112342087558,-0.0007379487980751721,0.012497341177076517,0.006049641520254267,-0.0034616677176241193,-0.008696335930977288,-0.0010621605326130619,0.007136986045805121
2022-12-05,-0.018153188271066,-0.013229530148323034,-0.014106145066319239,-0.008535612373483869,-0.01730780530272015,-0.030825283804969506,0.008114311623353026,-0.006683661621584781
2022-12-06,-0.014519635112296606,-0.004499114325161175,0.01279788456358588,0.003037290424155147,0.0027336344458788004,-0.037462038019639,0.0007025108055160559,0.006733035250819497
2022-12-07,-0.0017024892649464434,0.0,0.023289156447636548,0.011058036097078087,0.008998493556537802,-0.024520188294660232,-0.0031651144718304472,-0.014224977832437721
2022-12-08,0.007803220249528091,0.005097515999132041,-0.0027445040398858442,-0.003186104113296714,0.0008413425277820795,-0.014878439020829535,-0.0031751642385287114,0.022614200081039638
2022-12-09,-0.007498073936742681,0.0005979177115826896,-0.02635867607933837,-0.007504554393715429,0.0035378943750204003,0.0022300008026052776,0.0021179479573593266,-0.005838370505888547
2022-12-12,0.014314163894381761,0.0029846777087253113,0.0031921930546914457,-0.0012864938809060138,-0.008294841833501867,0.024518046656870587,0.0007049870009769004,0.004268266909601029
2022-12-13,0.007541484060888399,0.014083162713755261,0.009609800232266642,0.008699862788189024,0.016936889733695327,0.02226232880060566,-0.008848105322062021,0.03286478873072886
2022-12-14,-0.0064141759735216,-0.0008854528497623727,0.004262068138946532,0.0009112390387224095,-0.0024359858905979824,0.022520092779482675,-0.00463206603504056,0.0019289306421712124
2022-12-15,-0.024765793758788183,-0.025874611209169188,0.0038940720150789795,0.0008402462465679364,-0.016494600382901816,-0.01812646536719302,0.009242853212869075,-0.02562838102102438
2022-12-16,-0.011876559833563432,-0.008826659739864429,-0.011233318058662832,-0.004299808257069043,0.008671019495160068,-0.019077266406641608,0.0017676861659463655,-0.04218980898149945
2022-12-19,-0.008515727880631301,-0.0024486608749209235,-0.01694782925862727,-0.010137765794065279,-0.0028218082489996433,0.017867134201542435,0.0002493473788759177,-0.012561210713320567
2022-12-20,0.0013675195200357738,0.0039760346894407664,-0.017916651119949684,-0.011833330953983494,0.016458298941440037,0.0022677691303373783,-0.006791820763448344,0.027988705082472278
2022-12-21,0.014841773772181587,0.010324984147375288,0.00251031891201847,0.006818960697438228,-0.0016573862871153066,0.02740708264822196,0.002507714718962405,-0.005264509420176635
2022-12-22,-0.014368984942869109,-0.008190508473951884,-0.00019300716694601333,-0.00027947906664375346,-0.012158980168932585,-0.005303498360812256,0.001430049484668947,0.0007612154110786702
2022-12-23,0.005735830651716381,0.003496800763386271,-0.01476873528302165,-0.0030775403969916307,0.002993835039254722,0.02364732560442004,-0.00035728150302554064,-0.0019858084288219657
2022-12-27,-0.00395115127423634,0.0015164871792590815,-0.019971147627034145,-0.012973678295337418,0.008394677302769623,0.00302483610944606,-0.0003574876091396083,-0.004760944402953173
2022-12-28,-0.012505903048418391,-0.01066434614102066,-0.005909370405955862,-0.0031276664618284113,-0.004515989032750605,-0.013757322820113613,0.0035688256719821434,-0.009895050300250239
2022-12-29,0.017840079689412525,0.01565256299369144,0.011287421346114917,0.0070938589932954595,0.005582639597805041,-0.0007293859492675817,-0.006074587850345766,0.00540864482551941
2022-12-30,-0.0026374351295474444,-0.010306077941992859,-0.011186603205065284,-0.006334750736115844,0.004667758029330661,0.0227938581394542,-0.0032310943551444316,-0.002391695878759684
2023-01-03,-0.004218819830216402,0.00879726908703464,0.018903789189124737,0.006900340802827522,0.008335816871946341,-0.03586593091765443,0.010729700681432424,0.004643386447225168
2023-01-04,0.007690611300710503,0.013201512274591766,0.013606858912907745,0.0072267560224494685,0.009367889939565922,-0.050639836302035814,-0.003563738155142121,0.010934153962035356
2023-01-05,-0.011478954143018472,-0.010035183431995158,0.0041723309497056155,-0.0007482905131078036,-0.01252963086748756,0.007437216194541976,0.009239542411814662,-0.0015728177184386805
2023-01-06,0.022673186301481567,0.025268659972154228,0.018229737019805962,0.016245454249218135,0.01853466381119925,0.0007715925314888759,-0.013174410582960561,0.006820792235553174
2023-01-09,-0.0005670664523498908,0.004247536818939596,0.005309710286220734,0.003951774821586895,0.0022426010679794787,0.016066376187913362,-0.0061119513766301915,0.014325077364631152
2023-01-10,0.0069881815557790005,0.0029190809806110135,-0.016688527107354856,-0.003399444876835216,0.003669304474491391,0.0003036010441630007,0.0007209531757166881,0.014418133870887372
2023-01-11,0.01256870413187449,0.007549363393214745,0.016121146996922162,0.008522331845785156,-0.0006870298860052756,0.0321043092803694,0.0,0.02762115049773119
2023-01-12,0.0036340323651007397,0.01464485588505396,0.019491042528333783,0.011251345520999172,0.011501603213231942,0.008195531655465077,-0.009777279052438245,0.05080318049018759
2023-01-13,0.003872142495292424,0.0052597721308811326,-0.009417150369079507,-0.003253243839893883,0.011930333702592914,0.020771010749681358,-0.0003639933074999389,0.053649212803668606
2023-01-17,-0.0018335928170469702,0.0031142963884226308,-0.006484814391631592,-0.0036274122625632684,-0.006566591290624395,0.011496791702374045,0.002908004628920776,0.060983683356420605
2023-01-18,-0.015914028868937852,-0.0035396064293442596,0.023942639481351002,0.011651431223311361,-0.0028758838411488395,-0.019235450205709933,0.0,-0.02259283115330066
2023-01-19,-0.007306513925154811,-0.0015616960670524183,-0.006279407109437279,-0.0020676808751359083,0.015743931377470842,0.015417781683692396,-0.00254401132142079,0.019055334102897954
2023-01-20,0.018457767982090974,0.008769492133345897,-0.016343818259046034,-0.005232479827380014,-0.0033409804213138158,0.01350810912576627,-0.0014566090027529144,0.0726845526110478
2023-01-23,0.011927209560141074,0.0040756170851206095,-0.004719466785712666,-0.002898822315511284,0.0018946378029897782,-0.0006990989545978417,0.0014566090027529931,0.011307874962590485
2023-01-24,-0.0010739200278065105,-0.0012630333793100087,0.014278040043226203,0.005247948584428107,0.0036119840879409123,-0.01806426157569518,-0.001092297741381815,-0.013077079200906103
2023-01-25,0.0003746673538967919,0.0065784406566809445,0.002422087973013417,0.00045090573586196666,0.004593393795208086,0.0041213859035260465,-0.003283990049101285,0.021043184701323544
2023-01-26,0.010930428343608004,0.0008366796121367687,-0.004663130560895875,-0.0003609312574999987,-0.009096515003608066,0.005938905488694923,0.0025551548012533254,-0.003687148593844675
2023-01-27,0.0022949967766198913,-0.0019531077589568777,-0.00252665999855304,-0.0028919098920526885,-0.0013939615756237058,-0.020366726945741213,0.001457139681729936,0.001993046474165044
2023-01-30,-0.012626137927319668,-0.0064455940049578135,-0.0036616560029466487,-0.003807721725970844,-0.002570014931290955,-0.020349561821725017,0.0036337460390148727,-0.010391893594001021
2023-01-31,0.01459632209616094,0.005746811246177799,0.007962739654434456,0.007150655962754578,0.0036296165072691286,0.017756269695963556,-0.002178646802793117,0.013012288539514132
2023-02-01,0.010571675899479762,0.00890512234567492,0.011949829080807682,0.010100151776505965,0.012518134528387544,-0.028682081449875,-0.0094960125475659,0.024945734590003956
2023-02-02,0.014452144398711111,-0.0013863871418928987,0.001292984420033313,0.0014319010709600974,-0.0209702840085377,-0.011797357966781613,0.006583773629614212,-0.010674749877368259
2023-02-03,-0.010686125102923513,-0.009337364750724232,-0.01506846528720264,-0.011423187932801645,-0.025274496401227434,-0.03314036422424884,0.013038997698718472,-0.000961136247671562
2023-02-06,-0.00612993628234992,-0.010273765692767358,-0.0074312982354907626,-0.007719556439273538,0.002073259184240806,0.0169364858371267,0.005740894349723116,-0.02983217839542564
2023-02-07,0.012993849590616962,0.008451940577943047,-0.008058183613178898,-0.003287333004361518,0.0009200023760844002,0.033921939229015846,-0.0017904818058598294,0.02191019571493288
2023-02-08,-0.010994989855440708,-0.006191159052027237,0.004747764886978908,0.0010059983596071949,0.002468544755507998,0.01348595860249737,0.001074610918390598,-0.014063722484005989
2023-02-09,-0.008707125300024442,0.001833128947854933,-0.009518344845080549,-0.00844204619198033,-0.007943887464013586,-0.011127525428619237,-0.0014332023897295036,-0.05007294792111713
2023-02-10,0.002331049814243526,-0.004376867879869198,-0.01125305189772245,-0.007028164858953122,0.0019053779351280687,0.028305896830148548,0.0032218412588422654,-0.0077228177249046275
2023-02-13,0.011670672170241453,0.009996632674168901,0.008379791528552978,0.003705331899553668,-0.005089097798950408,-0.005309659303502354,-0.0028632497875031517,0.007221409653118935
2023-02-14,-0.00046030818476045795,0.0018195299930712566,-0.0023045003512108487,-0.0024998390566608204,0.000753454984742333,-0.0014398630712601167,-0.0007172329131024995,0.018747466050136215
2023-02-15,0.003241939579891392,-0.004484812590025298,-0.009369044448733134,-0.003807181168944252,-0.010014646847400324,-0.005490620466743967,0.006791820763448245,0.08977000786319626
2023-02-16,-0.013864307397431185,-0.004928641727898196,-0.014269551127372345,-0.008033515471895398,-0.0008195726363130796,-0.008292761882037352,0.0014240184759420583,-0.028558101481565734
2023-02-17,-0.0025013945344657135,0.0025375238243701722,0.007746683385578247,0.003931434809553922,0.002982339072148569,-0.02111247493007664,-0.0007117167216880066,0.03910624942610064
2023-02-21,-0.02026493758519706,-0.011043382480853067,-0.01962880978418692,-0.014302182359433507,-0.0037440046605545256,-0.004935978968133384,0.00319886053354125,-0.005275232239033175
2023-02-22,-0.0013791556547219583,-0.005567944584790365,0.009122652077391722,0.002838826974376179,-0.0056423768979153,-0.02689933881089072,0.0031886604448193405,-0.010180396881003117
2023-02-23,0.005305440201459266,0.005140818347178984,0.009724083918142612,0.007813374217772921,-0.0005305918526508475,0.022240050473573206,0.00035369464281683247,-0.010027916762018151
2023-02-24,-0.010739803939990888,-0.016804766194364672,-0.01308591827968484,-0.007529626784992638,-0.0072206822499255125,0.010788256322086997,0.007398296239422689,-0.03179206740644356
2023-02-27,0.0033998365343023843,0.011807097441643046,0.002769183124929458,0.0002830854000806405,0.003912670406128105,-0.01274855637093305,-0.005278828847557682,0.01390164525901003
2023-02-28,-0.0037026579242884945,-0.0073270647276440035,0.004533028446614526,0.0003779315907411264,0.004545621851780495,0.014386567493651187,0.0028187810126175158,-0.016092730875103014
2023-03-01,-0.0038432658714878574,0.005320982718218362,-0.010801391259914856,-0.006253457786653521,0.005755555600934512,0.012714550616613331,-0.005291943047299128,0.021336804939163678
2023-03-02,0.007747202206473183,0.002006082009425666,-0.008906765926576838,0.0008572820609042456,-0.000585735153896139,0.003373228281813805,0.005291943047299063,-0.007261350209481709
2023-03-03,0.015910508179933922,0.01449489378758328,0.023937194854860535,0.011272250902313855,0.010666001055863707,0.022583436857057777,-0.0038779919252606254,-0.04856242572977136
2023-03-06,0.0006925330166873695,-0.0025426612556500847,-0.007783826777562587,-0.0027357196994966192,-0.0050565936951402655,0.008977577364876187,-0.0014139511220385092,0.0029950669750121593
2023-03-07,-0.01544761489380942,-0.016831093278930776,0.0061140781380768,-0.002837282799415044,-0.017635068390636166,-0.03817146168846966,0.012304635167259123,-0.009406138966041635
2023-03-08,0.001630934455638308,0.005451434619211257,0.0009825677442950557,-0.0016114906108148806,-0.0004745630282821619,-0.011115342554609482,-0.0003494920827333207,-0.022837315061132093
2023-03-09,-0.01862218809618441,-0.007323036898570399,0.002452501104371224,-0.0009490816135515965,0.00980112770009771,-0.012899543410116997,-0.0028001119854873203,-0.06442451332853331
2023-03-10,-0.014534480883384616,-0.010721508889821494,0.03390443366488482,0.014236956083090911,0.021333667247723984,0.013495504634011979,-0.006329125290207266,-0.00866965688311379
2023-03-13,-0.001426374142073578,-0.006869914552501211,0.002270352946191946,0.0008420454276823564,0.022688861946558777,-0.02855393625835679,-0.009213426787191885,0.18119976745792632
2023-03-14,0.01639490517693179,0.01325866324007735,-0.016577943421894486,-0.0029976321488471755,-0.005807897981361377,-0.03620304381451234,0.0,0.02241616479750579
2023-03-15,-0.006273887876917274,-0.03146396005691379,0.019126301818381437,0.009523787195073125,0.007773838437142398,-0.04734515474921716,0.010623313418124272,-0.015069419825617957
2023-03-16,0.017392952441037286,0.015414621958104497,-0.007853449840131883,-0.001487739306837928,0.0020180543660701534,0.0004996881818491839,-0.001057267241078383,0.027387721969650478
2023-03-17,-0.011761509463320332,-0.011985144914020064,0.014897057520825721,0.005013157315500147,0.028704276731304653,-0.02341947487284306,-0.0056576633898222746,0.09043081735478727
2023-03-20,0.009569682577064613,0.015508944515731728,-0.008835861937562469,-0.00296785185550969,0.0003807952240648717,0.019080377257115984,-0.005690011188486966,0.012440797804941606
2023-03-21,0.013045130707259081,0.014983065628352952,-0.008629589441965058,0.00481783045756576,-0.01905552456933767,0.02379881980853396,-0.0003565660645246418,0.014607259457310753
2023-03-22,-0.017193548911671797,-0.0034712439104427457,0.013245259339919173,0.005806455809085818,0.016877382247649345,0.006186946919446414,-0.007520245505395921,-0.031304934786025286
2023-03-23,0.002699610251212517,0.000144749186981961,0.0,0.0028443299356559265,0.012460224063675791,-0.010114261104450387,0.0014367271881168492,0.03690243092144147
2023-03-24,0.006540632678801433,-0.0030465226424382865,0.004220192039608287,0.0031107833570747485,-0.011316136891165252,-0.000492047468827646,0.0060835183172791765,-0.03011973318555565
2023-03-27,0.001868257224394242,0.009400578348824722,-0.02377132701826378,-0.0120386897776511,-0.009299831745516636,0.0510062184878568,-0.003216084717797196,-0.012937246316294546
2023-03-28,-0.002247282017946547,0.0004316146093265343,0.0018198622462308476,-0.0016657186946345394,0.008155744573006158,0.006216049722321394,-0.003585539170435866,0.004714100093914092
2023-03-29,0.014430356707795487,0.012013892833064106,-0.00201113839273435,0.004620063986427471,-0.0049731154716589265,-0.00621604972232142,0.0025112345210540083,0.03885339931269162
2023-03-30,0.0058381488463067465,0.011590320733315704,0.0045903206319361034,0.0013816412218804661,0.008998964139577773,0.018074148582498593,-0.00466872942834365,-0.011169598741333131
2023-03-31,0.013996228327657078,0.005046241715837138,0.014870229631126993,0.008980858426501075,-0.0052258772770236855,0.017001058060870593,0.0035931907436083854,0.015746414888453637
2023-04-03,0.003803364564813558,0.007938098369966723,0.004691720665680845,0.0060217820626816375,0.00717858251921089,0.05604559594105038,-0.004673765287810974,-0.024464682416771046
2023-04-04,-0.0055636544436834445,0.00013870192965946136,0.004959619780111295,0.0012730721185377984,0.018469345695108493,0.0,-0.003971809182626494,0.01350558587463783
2023-04-05,-0.0026216719936703508,-0.006958654374661345,0.010400410304558802,0.00326518525188758,-0.0007982432900847153,-0.0004269985186173289,0.0028902239690599364,0.0003512057047058866
2023-04-06,0.003893199863327592,0.004737228406301105,0.0025830098391737464,-0.000905799386295306,-0.007159660374899705,0.00028475832877019545,0.0007212131276656447,-0.004761257346579407
2023-04-10,0.001025830242215791,-0.0006952453678161658,-0.01625578617232155,-0.004633241977942594,-0.007427401530065852,-0.007141867019033599,0.005751370286814492,0.05578292232966071
2023-04-11,0.0002687742963911598,0.0033326617331469626,0.002058160859838802,-0.00027343336421852406,0.00630066529229045,0.0186044923214934,-0.003590688772173104,0.019439489564332186
2023-04-12,-0.004084528139956953,0.00635740769289195,-0.001028470030589316,-0.0020970022236823254,0.0048732452945133,0.018955279875836988,-0.005410363629304301,-0.0031803678161343176
2023-04-13,0.013195322146545865,0.012730172189066562,-0.007889454317135414,0.0017325734597401525,0.013425150587981827,-0.00873606386285562,-0.004712734473275265,0.008590133768281546
2023-04-14,-0.0024456391089094144,-0.004088868045048114,-0.009188816678980269,-0.0032857691987959845,-0.017869017219899228,0.004030769059586438,0.0057972148816194625,0.002845797962018112
2023-04-17,0.0035817576989653553,-0.0017772283116819297,-0.011967020261418675,-0.006327613258126613,-0.00446370276447651,-0.01749152639822538,0.005045021626549322,-0.034732053566728906
2023-04-18,0.0006519128227049536,0.005457743827135306,0.0035572280088128003,0.0033067519936968025,0.0038732698004284223,-0.0015539027099905924,-0.0036010330478960808,0.03183646099781629
2023-04-19,-0.0001687580856087635,-0.003134266756989142,-0.0009604262479966597,-0.00496395570436354,-0.004789973842758077,-0.020424908276372868,0.0021621597577691468,-0.05319953662867234
2023-04-20,-0.00547217218850302,0.0,0.008513216789880922,0.003771341305413198,0.003930524556986942,-0.024836989756020837,0.0,-0.020211126619281063
2023-04-21,0.0007764305996140824,0.005037649931067699,-0.005635363484309719,0.0006420207176373402,-0.009936876904451757,0.00898320776769644,-0.0010805745442026545,-0.034910877271712444
2023-04-24,0.0010428605680570119,0.002577186618421673,0.009627779819931357,0.004394209257876883,0.0030347260178608367,0.015131976823006441,-0.0032484300378453554,0.009066466769448266
2023-04-25,-0.016001113622544697,-0.014051056499798181,0.01459757726282006,0.004374746228736783,0.005073426510561733,-0.02381930716981419,0.004689015694895667,0.02802320777395386
2023-04-26,-0.004244732630863599,-0.000687239414376474,-0.010715330609523399,-0.004374746228736698,-0.005452222698837164,-0.033993378007582085,-0.003243904522089227,0.004057925868580612
2023-04-27,0.019712632998297792,0.012432693075882838,-0.00997251566760172,-0.0036603920199593503,5.4098929279836664e-05,0.006861305480174958,0.00036089236509860096,0.03631313286229464
2023-04-28,0.008498853372674434,-0.00040740333435978143,0.016002045718991248,0.007762053028594673,0.0002706158931134578,0.025355832508257625,0.0014424264999403059,-0.004540602889751968
2023-05-01,-0.001010082256037244,-0.0014952338645622322,-0.02925825603418334,-0.016269146063570043,-0.004501468248394752,-0.014174007180748318,0.0050324067295745905,-0.043491219949901495
2023-05-02,-0.011303037495899435,-0.010117724840217368,0.02461445415388705,0.011988523337337695,0.01911282169964576,-0.054025540387353785,-0.0025129588952449776,0.020749270291120427
2023-05-03,-0.006887681351490425,0.00260760430450462,0.00556614988583745,0.0016484767291341817,0.00844333039400089,-0.044430100076951085,-0.005406384434219497,0.011294600825028724
2023-05-04,-0.007108039885655236,-0.002058093926345939,-0.009927672145350154,-0.002749052779545699,0.007008337579460111,0.006445760401040478,0.0010836177348511487,-0.005482697825375376
2023-05-05,0.018343200871518327,0.014588889024361897,-0.003331137795236748,-0.003953968202918328,-0.015771672012865213,0.037667073523529444,-0.0014451111728064122,0.02352452363535224
2023-05-08,0.0002665000468008727,0.0002706648967906831,-0.014114032669059707,-0.007212104835001057,0.0012261535425393925,0.01932660277326006,0.001445111172806473,-0.06432951314172883
2023-05-09,-0.004394859706708458,-0.004067685883536105,-0.0035838557569589247,-0.0003714128242843458,0.007061173494320752,0.009447922633489923,0.0032439045220893355,-0.0012826051136456092
2023-05-10,0.004661519194380964,-0.002040178996679656,0.009657325140268612,0.00785996587746555,-0.0014294640409972018,-0.007426977493639411,-0.0018009577429513172,-0.0013393336115541375
2023-05-11,-0.0017456781304452866,-0.002453698870709179,0.010516107049173351,0.003861073414224433,-0.008619799546280105,-0.017863204463481844,0.006467932043877181,-0.0227376278728039
2023-05-12,-0.00131122283772998,-0.001775784692908956,-0.008404019948205346,-0.006166289540549442,-0.001711544099310757,-0.01883235209870723,0.006426288549799934,-0.007278017155925187
2023-05-15,0.0034442794391696856,0.007627283119001077,-0.010411809359471412,-0.005368985680675627,0.0021389727993926496,0.014713234771474664,-0.0028510049582676986,0.014360237763413684
2023-05-16,-0.006705180121732448,-0.00954331493874997,-0.00300868018873438,-0.005024857675938782,-0.01257816833072297,-0.007169643611633441,0.0024950442560049044,-0.005754943306692564
2023-05-17,0.012065964507262291,0.004646589149800096,-0.0029200506021254667,-9.334561537684061e-05,-0.003467895133703326,0.03240802049937566,0.0017783819091299294,0.013305949198470446
2023-05-18,0.009587083176711024,-0.0015008321374677999,-0.0074366293995410376,-0.004206822718870946,-0.013057794413406836,-0.008706484743445873,0.007435044878062023,-0.020896322938492334
2023-05-19,-0.001456105534102705,0.0058546852269943175,-0.007096583825036855,-0.0012185918915829637,0.009850156652287684,-0.0021885171620354663,-0.002825905808831209,0.0021562704301694635
2023-05-22,0.00040612105722496816,0.0002715872374342088,-0.0035669247879950195,-0.0003752565839451725,-0.002344243508491738,0.00015645601198915416,0.0007071867064759668,-0.0014458709579600248
2023-05-23,-0.011286536625344042,-0.014766622998352462,0.0028742782746604733,0.002062293095046301,0.0012000108481294142,0.014909468290103724,0.0028239108903399227,0.013848962643426162
2023-05-24,-0.007271133162636658,-0.014708118494346386,-0.00496118254900727,-0.003940691188170983,-0.008101176111367243,0.012104658282519509,0.0035185957735086996,-0.03327040018789597
2023-05-25,0.008622629253267648,-0.0013987573089720802,-0.00248993791781568,-0.0032958956400422575,-0.00966457904681634,-0.024201679471242327,0.0045558354440472385,0.005354526205137628
2023-05-26,0.012867662918043385,0.009750694524709589,0.008045054057519289,0.004235331249125139,0.003987606250000357,0.011017362077227788,-0.0003496598330206561,0.009139332662057487
2023-05-30,0.00038084245906299015,-0.010170703524017796,0.009941310312092486,0.007485748820333399,0.006171471778321201,-0.03934423690606759,-0.0010498672512817627,0.03613141856908236
2023-05-31,-0.005560710548017567,-0.010416818155162957,0.008679444965466162,0.0032577949486797516,0.001537018842589403,-0.027171575846606393,0.0017491413544565265,-0.017577792723265092
2023-06-01,0.009456287918908467,0.014748544899352848,0.00391567307910032,0.0030618479393236613,0.007867103377943253,0.03117638701506476,-0.011955143084525865,-0.014792581991188054
2023-06-02,0.01435733051977086,0.012883606647702236,-0.011018646541933812,-0.002698421836912281,-0.014857275420164701,0.025257890132107705,0.010556105551711948,0.01589161106579633
2023-06-05,-0.0019178670337653286,-0.005797868839999387,-0.0018646681535957898,-0.002145655528255928,0.0060023657211361265,-0.0018724103815936021,-0.0017516692256826483,-0.05621177715801118
2023-06-06,0.002174994219105083,0.008272482109681204,0.005876750591888835,0.0019590237583030877,0.0010974372841257363,-0.0037552518600890913,0.0031507067584966193,0.05581511856233619
2023-06-07,-0.0034637969501384574,-0.008833623230796015,-0.014955213679462304,-0.008987779918975416,-0.012083252758880945,0.014319282314944294,0.0003494920827333026,-0.03332542412080894
2023-06-08,0.006030478336428234,0.010524240318906487,0.011629296390043054,0.006655385654055744,0.013124733073092816,-0.01950596319280785,-0.008068842727495503,0.006138366063704449
2023-06-09,0.0017927726056598328,-0.001676540833113873,-0.0013727170406074435,-0.0026194555747850816,-0.002688130119841765,-0.00838676933991773,0.00316511133924156,-0.001050860137740086
2023-06-12,0.00903089484740704,0.004325051088227212,0.002939148453706658,0.003179580644299934,-0.0008792504640156504,-0.04368639103365808,0.00035108710323413357,-0.022064403456182706
2023-06-13,0.00657119436911639,0.009422303578143153,-0.009929816515949208,-0.004492089548470294,-0.00739483312084137,0.03105328278806812,-0.0031640757682276054,0.0006263269559741463
2023-06-14,0.0011902163282739955,0.003716719683572514,0.007971203836567506,0.0030905794517197367,0.0005537743402144653,-0.005001180957882786,-0.00494165729520904,-0.031115354032620144
2023-06-15,0.012321274331785662,0.01052433117004845,0.009559930000889776,0.00865810822225217,0.007005982383036308,0.025232862120753194,-0.005677818094900604,0.017819375410116443
2023-06-16,-0.003411841359904178,-0.0021779207783275546,-0.003890732002929957,-0.001762728755234611,-0.0015404017609150433,0.014715335024382634,0.001777671640922711,0.0289427732653721
2023-06-20,-0.005201767263177299,-0.013305150748507818,0.00689603594795354,0.0036148016840439104,-0.010404681043488588,-0.0067046375179717135,0.002838013112426511,0.07322003984177455
2023-06-21,-0.005136923527504142,0.0015178411840839187,0.002417078552393841,-0.0011111215381415253,-0.0014474699268161662,0.017370206503946998,-0.004615684753349216,0.05827421320682117
2023-06-22,0.0036033056926435656,-0.0062236360136730595,-0.012143653988307105,-0.005200246640059151,-0.009966480697039254,-0.03951596644077717,0.0035524220849608473,-0.0038377235796951737
2023-06-23,-0.007588764361560114,-0.015660389651628248,0.009920320033765537,0.002789177404956984,0.0027534519339434175,-0.0016008053669417511,0.005305043999968311,0.02584590576815378
2023-06-26,-0.004094261147599126,0.0012675590473728586,0.001063885299927937,0.001113802268132775,0.0017380933759117798,0.0049540873030774445,-0.00105883715063656,-0.013920564563099078
2023-06-27,0.010903816003478766,0.008688442311504669,-0.00261347666885089,-0.0011138022681327357,-0.00460411859047838,-0.02305996431511607,-0.0024747558316528607,0.013682563415242946
2023-06-28,0.0005042637112705316,0.0006973709261656793,0.004255673962190334,0.0043544616719395175,-0.002310076023493695,0.019706682378980274,0.004591155627277834,-0.01980891791303767
2023-06-29,0.003933468089622627,-0.0013952285179463719,-0.018213123092750652,-0.007609286211127733,-0.0010723394318449203,0.007013076692583431,0.004219409360496645,0.011865197537731036
2023-06-30,0.011731722431250698,0.012212122597795447,0.01172578504017042,0.00733199304807848,0.006641221688667137,0.00932739606238649,-0.004219409360496633,0.0010472432791648364
2023-07-03,0.0011498895935602698,-0.0011040818836748204,-0.005685380654565471,-0.0028056637729828057,0.001121247777740352,-0.002520874962561413,0.001056599779790092,0.02204038015018257
2023-07-05,-0.0014884406730409246,-0.011247693738803364,-0.009547777000806688,-0.0071892064854882365,-0.003536277643963551,0.019372546110228928,0.004565434764820885,-0.02082991257173679
2023-07-06,-0.007861379590053843,-0.017467670196782577,-0.014243924692775996,-0.010171454277155784,-0.002984649764026069,-0.002944060582513099,-0.0024558096281060158,-0.020020299639946313
2023-07-07,-0.0025279087400917628,0.0075034017771535245,-0.006037607401956789,-0.0009471862277207676,0.007473004815488796,0.021644808821972887,-0.008465568893073188,0.01437090998029806
2023-07-10,0.0025279087400918708,0.002816674916318286,0.001311292775917281,0.005197926682613523,0.0007833887164984092,-0.004718747777594178,-0.002482733073670925,0.002376859472120276
2023-07-11,0.006348440816080264,0.008961333311822067,0.005127390989221016,0.004701886292997901,0.003740607755698653,0.022479604918916412,-0.002488912381941014,0.006765948365584515
2023-07-12,0.008013735451747564,0.018916659059636385,0.01106977559757818,0.00878025488227601,0.013450555215707776,0.012453889025373385,-0.0118174875336947,-0.007516669538967959
2023-07-13,0.007905538722026808,0.015876441053096494,0.010457811134668584,0.007042723066472176,0.0007144446386035077,0.01781579831184591,-0.006867926592741997,0.03505911799946575
2023-07-14,-0.0006230960594503731,-0.0056701458486862095,-0.005906010235171306,-0.007787222876339387,-0.0031917364290746223,-0.023726876763924383,0.0018119731453791468,-0.036955452769762046
2023-07-17,0.0034662108965541664,-0.0012194171874822446,0.0004934173092447597,0.0016740845234597622,0.0007163001287566721,-0.013278813083414852,-0.0010867580539311262,-0.006222897766458014
2023-07-18,0.0074030747429980935,0.0064855536037865405,0.004528861424213175,0.0025054426466457735,0.011391151915954547,0.02051502368371844,0.0007246101028477174,-0.009643886494910275
2023-07-19,0.0022213761606953582,-0.0005387108799247398,0.011233391079426554,0.005637344689080361,0.00016334311378929522,-0.00398078874419542,0.00397611591306096,0.0019193869502834365
2023-07-20,-0.006656697011177237,-0.005133732734790963,-0.01221600685381424,-0.006750349613679708,-0.005076251540707524,0.00530427935531673,0.005755350501377645,-0.004083626307646249
2023-07-21,0.0,0.002029664062733383,0.00029461626318577367,0.0017613656320925731,-0.003069238517008006,0.013718761650376823,0.0028653012007632777,0.003910458253167224
2023-07-24,0.004457372626313485,-0.0024361364137892826,-0.0036438001306270226,-0.0012048687901399621,-0.0042906650791519445,0.024342619125992702,0.003570178329991959,-0.024773034600599025
2023-07-25,0.0027264266179127025,0.0010834476371461585,-0.0018759462589595414,-0.0015773585715700678,0.0055524167407640206,0.006626759541005295,-0.001069551478840786,0.0017284554802405464
2023-07-26,0.00015365114872323122,0.0027035502578433403,0.0009876762498119685,0.004632887764445979,0.0048672507195615744,-0.007051220502475625,-0.002858213332952116,0.004355653333464597
2023-07-27,-0.006652082057490303,-0.0022975179704653155,-0.019644039072311156,-0.012277970071917688,-0.015836715414990758,0.010838259681066843,0.009259285275540879,-0.004927238584293436
2023-07-28,0.009742769603466195,0.007145299251771435,0.005122238010003412,0.006529859417091195,0.007949707574281263,0.009197334178098126,-0.0014189669426271855,0.0037094442045335473
2023-07-31,0.0019022097510292574,0.00026855946384350687,0.002401950942573589,0.002785407803068,0.002690787072192315,0.014870188253919291,0.0017733360102505954,-0.0030447758408086688
2023-08-01,-0.002865643884764786,-0.012568594987154675,-0.016522785094503133,-0.010014264573450556,-0.010418766955581948,-0.0028741426535443494,0.00459618024276775,0.01513023382608844
2023-08-02,-0.014008573561272816,-0.01880758679892959,-0.010756612962023578,-0.0061273953438944805,-0.004776993918500052,-0.020493595963246597,0.0035211506561404256,-0.01780750751690934
2023-08-03,-0.0028700612488255016,-0.0027754706766864247,-0.023341647330882523,-0.009023373556492133,-0.00033420291832367705,0.022957667121775823,-0.0007032852345813933,0.0009161807791750279
2023-08-04,-0.004532926880283917,0.0027754706766864516,0.017557247500724425,0.010346169852721587,0.003613876354074006,0.008847829101217144,-0.0049365845239143285,-0.0035908335462961935
2023-08-07,0.008690676483776558,0.008417822295885865,-0.00989032949802348,-0.002458120997866149,-0.002277988932518744,0.00040645999032376225,0.000706764415562653,0.0036558939179262436
2023-08-08,-0.0043580403672134034,-0.006064651055090974,0.011546090898720733,0.003967888066522158,-0.006361270240024672,0.0032458490524185546,0.004581524551906314,0.01984638697905339
2023-08-09,-0.006707758916679023,-0.00027658328990255975,0.005158228169487403,0.0009424076085538389,-0.00476956334967285,0.013944995931908974,0.0007029609560296939,-0.006877101417061734
2023-08-10,0.00035888148423507605,0.0042779000448491,-0.016599506136147565,-0.007089923667635446,-0.0010691758408616784,-0.012056429407605004,0.0017552819632400904,-0.004471948989328098
2023-08-11,-0.0005833187314669574,-0.0067703693149735525,-0.0023042994106629694,-0.0034209437064242005,0.0,0.0006736686382865583,0.002102386958497161,-0.0010837469218066252
2023-08-14,0.0055049227872889135,-0.00444628806378378,-0.00220442479229539,-0.0003807735199718187,-0.003045220530389694,-0.005943586977752165,0.003494083707016781,0.0003648772874082008
2023-08-15,-0.011717172653826102,-0.012471203816495139,-0.006113894403296996,-0.00525150641819042,-0.0026580037072091345,-0.01625378689757854,0.00034868430538532313,-0.008129120118753778
2023-08-16,-0.007365334823911077,-0.00821183067092899,-0.007854598068323497,-0.004509522136842406,-0.005792775189194925,-0.017362752340797996,0.002785487448360935,-0.016193584838703763
2023-08-17,-0.00764916504123078,-0.007133666432139924,-0.0042716582572661236,-0.0026962007249530665,-0.0015390561619561794,0.008510697821235626,-0.0003477142324402293,-0.07362412009606191
2023-08-18,0.00048132443339366453,0.0,0.00352523104499931,0.0037533657137011752,0.0001711135895520659,0.011190246419903169,0.0006954600618796129,-0.023334248653811243
2023-08-21,0.0064850868212354175,0.0037159934489834692,-0.013420228893830178,-0.0059735174765392805,0.00273392964256731,-0.002889168694806413,-0.001043371551213529,0.00285906650629039
2023-08-22,-0.0027122497676646154,-0.001856329616679881,0.007645172942325483,0.003087628217191967,0.0016481975934526548,-0.004141978177517621,0.0034734518222898987,-0.0035464695192522202
2023-08-23,0.011076251586629149,0.010803176799480957,0.024475331230596416,0.013967416872883328,0.010113328144583607,-0.012809952010608331,-0.0034734518222897938,0.015248455549160829
2023-08-24,-0.013956052206167534,-0.013808997764926148,-0.0066160741867102605,-0.0034256627418942395,-0.0002248455933195227,0.0007004700189953696,0.007970893778951141,-0.01023956576112509
2023-08-25,0.0070251014291454516,0.0067146881303329934,0.0032609475826756978,0.0005714581237029595,-0.0012941233726573686,0.014458659800547261,0.001379733899564457,-0.004393992436939317
2023-08-28,0.006321360632063928,0.01048182564120726,0.001049799000204269,0.0031393249470847194,0.002867238875764686,-0.0005521646690655364,-0.0017250028925237682,0.0022426908796686455
2023-08-29,0.01435125002799853,0.012323169566665956,0.010332377780684878,0.007946316849972617,0.00972069237763269,0.012488956833895738,-0.005540197625216929,0.060249892570851026
2023-08-30,0.004110308936438406,-0.0005568252855005623,-0.0010389133913798422,-0.0014144665504195624,0.002498750315822613,0.0046265419240497365,-0.0017375156714408645,-0.015634289371322937
2023-08-31,-0.0014643851015756755,-0.003906713492332253,0.004459627783095404,0.0016970062183336936,-0.001665111347163996,0.0188278004475025,0.004857714413771712,-0.05132914544958933
2023-09-01,0.0018634100627396785,-0.000559432375375208,-0.015701348605555297,-0.007143751290168296,0.0004997991755412262,0.02447813573510389,0.006211190691594816,-0.005054814300673318
2023-09-05,-0.004331169025553532,-0.00871018178845608,-0.014121292113306545,-0.007166477849952262,-0.008195174622491511,0.010861290708367345,0.005146684006040523,-0.0008042615082999959
2023-09-06,-0.006745238194791771,-0.002118943051442822,0.0024567319654530233,-0.0009593785796484407,-0.004544556063018457,0.009726139031383686,0.000342122266757632,-0.001038013801593385
2023-09-07,-0.0030749243566110932,-0.0032576198673404484,0.002769421919981448,0.004405721066698102,0.0010678794784509471,-0.007285770302078167,0.00239195838469071,0.01873210550195057
2023-09-08,0.0015048874412468115,-0.0014195916542664062,0.0038220497130794333,0.0007641706621232951,0.0003369702787594387,0.0044800856183639624,0.001023440235252865,-0.012831149860508746
2023-09-11,0.006555235444026505,0.010317276377016496,-0.007231764709831565,-0.0019117693099952701,0.0018513951035425602,0.0008935941391651085,-0.004784740800454139,-0.029100334535416692
2023-09-12,-0.005500737244207287,-0.004085881984296834,0.0057469361662611995,-0.00028661217942773715,-0.005169992663578624,0.016828311394489114,0.0017114224444274126,0.0263051279529175
2023-09-13,0.0011652671870899937,-0.0031107849870589707,-0.00021211737077715816,0.002198381489423026,-0.002312682045193072,-0.000250930399246224,0.0006838096711356749,0.015173852958685846
2023-09-14,0.008585368174661793,0.013084968538022644,-0.007244365237201317,-0.0018157569782554634,0.0005080950731221542,0.017910956594772064,0.006132888950429133,0.011800835130971608
2023-09-15,-0.01212153763431922,-0.0022390650874630413,-0.006113014310712114,-0.0015319535095153366,0.00658210689497754,0.0020934453198328644,-0.0006795528090291772,0.0025972414093191217
2023-09-18,0.0005863864106502381,-0.003508621322468271,0.005685375949778154,0.0019141851742506526,0.00587038313631886,0.001966278559220844,-0.0017010171218446242,0.005456526848982933
2023-09-19,-0.0020760470418576464,0.0008432759681826955,-0.007407807931003524,-0.0033524385731866536,-0.0009480950413542692,0.0006137226666310605,0.0006807839519696049,0.016931102662432373
2023-09-20,-0.009235699045078765,-0.002390782686205177,0.003119869909417335,0.0003836156755448096,0.0007251297423292754,-0.016827922654885023,0.001699785978904181,-0.0029114788993918343
2023-09-21,-0.016666570549769614,-0.01675460350608049,-0.026009149438862483,-0.010121960481671861,-0.0072748111459232075,0.003363494511084011,0.0006790913305902515,-0.021020467716698094
2023-09-22,-0.0022510942659804568,0.0008587270593678701,0.008016323712339088,0.006085396240998999,0.0031961900557462815,0.0027321625298927306,0.0023733802162120947,0.0004491505408555205
2023-09-25,0.00419641263886347,-0.004444972084729141,-0.024917128865752886,-0.009773907597494374,-0.005163898932470834,-0.0029809718854211316,0.0037180741278879706,-0.010631653191114124
2023-09-26,-0.014800292423267209,-0.013017090863686924,-0.0034819336991329464,-0.0028242108505867666,-0.008023084937964609,0.006076758005998181,0.0030317581096886365,-0.003093569595525136
2023-09-27,0.0003990587765118284,-0.0018944107518417315,-0.00518948836492885,-0.004692037911515212,-0.012443751217319037,0.024668539794022563,0.004698037251524299,0.005153782852789497
2023-09-28,0.00578068768645704,0.0081349097592315,0.003049286405223372,0.0017620110927049422,-0.005009715204337903,-0.01617353697629429,-0.005370959187757129,0.02506320623495958
2023-09-29,-0.0024297547971785585,-0.0028977168894633015,0.00011282228122175358,-0.0021542343992665427,-0.010328505518099336,-0.0087422718103387,0.0006729219362329255,-0.004072674570297436
2023-10-02,-0.0003978708913945505,-0.014763090839293537,-0.016881929085627106,-0.009203672717120632,-0.0105542058560987,-0.018346863711869315,0.007706485911978088,0.022742933188551938
2023-10-03,-0.013476360686724951,-0.012595544805771998,-0.02174654991632946,-0.011587104383195532,-0.002892421000056923,0.006778847406959335,0.0010008326717745163,-0.0036683170659445614
2023-10-04,0.007255484719089807,0.0017878210194422215,0.01400938640949637,0.008703082731044583,-0.00011826350756014561,-0.05582730459889012,-0.0030054346860859606,0.013377719302482879
2023-10-05,-0.00037700185350959483,0.008744028783303546,-0.00499757348173303,-0.0011961051035207979,-0.0018344684108627424,-0.02139403079149734,-0.0033501063301898935,-0.013890662255842758
2023-10-06,0.011803045462244248,0.011005919030813403,-0.01219105388704933,-0.002996066125049372,0.005139851922273756,0.002295050573214618,-0.002015449460309791,0.019171883788155934
2023-10-09,0.006381685766499211,-0.0014604358388873976,0.023198555441260704,0.012326149548239709,0.018218478536943455,0.039267303697338184,-0.0003363281071670864,-0.013071251190806309
2023-10-10,0.005191440560659054,0.013645244246699398,-0.0013835078488471488,0.0003952136675831641,-0.0016795054754092334,-0.005460208299841386,-0.002357321465780772,-0.0070090060125914885
2023-10-11,0.0040878701581288845,0.004172296490242517,0.020671165010590124,0.006103948208236649,0.007276507826110017,-0.01365030952775443,0.0,-0.019081220842271783
2023-10-12,-0.006115182700217066,-0.008362253206360588,-0.027502660403778616,-0.010458809484420255,-0.0030543103873241243,-0.0033092889564296495,0.008393548218766157,-0.00434538164717781
2023-10-13,-0.0049932277097527915,-0.009309063518209591,0.01773394747271507,0.0055389750326827695,0.03164231938177581,0.04624876757990632,0.0006685703688427158,0.0039380057832304975
2023-10-16,0.01046649174341024,0.007280002465719232,-0.016224754169182218,-0.006928653402572002,-0.004876800474351656,-0.0076248747174708295,-0.004353019554351145,0.05986029097890797
2023-10-17,-4.599604933018972e-05,0.000580382704443456,-0.011082175191426881,-0.007977596050869246,0.0018525567250013085,0.0052166751771825426,0.0003354646295637742,-0.0036433994327744555
2023-10-18,-0.01341443628498085,-0.017552092374460752,-0.008836800466367955,-0.00804183660936472,0.014367113783494704,0.013111550543380405,0.003683288963599484,-0.0030807197496875486
2023-10-19,-0.008825315189117245,-0.00889291232286948,-0.020685674288793362,-0.00810711947726085,0.012199301049654077,0.02278459145754226,-0.003012550082830418,0.013724231161473081
2023-10-20,-0.012364199277791426,-0.008972830301889839,0.005662386298727231,0.003960815638523633,0.0027271753020748097,-0.012070640132825968,0.0003352008067972718,0.03298576898255148
2023-10-23,-0.001734615026357964,0.0007509012096257409,0.011941956567437928,0.0077730623326667,-0.0033827788768209456,-0.022684068089564084,-0.005039478885942412,0.10854453540047479
2023-10-24,0.007510984442105683,0.005687881058304662,0.013090414130543154,0.005615799377464468,-0.00010933686369138149,-0.025158547932485016,0.005709543608992709,0.024342751787773464
2023-10-25,-0.01445616490507655,-0.007190185728522032,-0.022512729472386486,-0.009141670354842885,0.004199991317574014,0.019693007674920365,0.0026755582766742497,0.017581001125127033
2023-10-26,-0.012046882552666827,-0.007241884285478122,0.015222227200851075,0.007239940582229861,0.00157720800379265,-0.02021310800658612,0.0023352281524907587,-0.010083818433932462
2023-10-27,-0.004542995025875697,-0.0030331296761373435,-0.004257958540093052,-0.002006047654196444,0.011562693424814757,0.018937779759304663,-0.0013337273552151343,-0.007253169256571986
2023-10-30,0.01188491058388003,0.01267747080104856,-0.0045139475144557175,-0.003016249336080799,-0.0056565149769635704,-0.02992254203180154,-0.004012035312134376,0.01732374140301685
2023-10-31,0.006260528087772362,0.003592897680656204,-0.004893680013784556,-0.001410650761836919,-0.005471503988171267,-0.013636358927050672,0.006012032908403211,0.004782938801692802
2023-11-01,0.010608226842517263,0.009370256714659388,0.02145050686884232,0.014209296472583587,-0.0031556165767174377,-0.003605487635762514,0.0003329687259220941,0.021952875620689455
2023-11-02,0.01898315902630183,0.02022324452061957,0.022540815414934537,0.011804213101915444,0.0033185604405963163,0.018949752785645084,-0.005005989531356693,-0.014181643038139046
2023-11-03,0.009081959347680245,0.010534896948095734,0.006755692852934054,0.004918362955916581,0.0036323164276059108,-0.0176128745766275,-0.009411697322206468,-0.005911206955145199
2023-11-06,0.0022976590296148146,-0.005036986953146102,-0.009747459541995813,-0.005312889098011994,-0.00782308105070571,0.0008013513667661236,0.0010126567400764895,0.00874445036418133
2023-11-07,0.0028421336404045733,-0.006078210498154981,0.01464246998897718,0.00795849387165336,-0.004153745714032089,-0.04240292328881122,0.003368086216855816,0.011526405303600254
2023-11-08,0.0007322071740774066,-0.0013072085304165566,0.01689006917079475,0.005076364726702251,-0.010017653470627112,-0.022678633032617218,-0.0003363281071670864,0.005955525293475274
2023-11-09,-0.007829376251478714,-0.00014549754398103336,-0.023269869362883673,-0.010178294953411568,0.003975057413790778,0.0008544226887040801,0.0043632466076571185,0.02869223982446583
2023-11-10,0.015484248073909827,0.004496429396723628,0.005584342853412533,0.005004452878640186,-0.010969699953245399,0.021684895127389865,-0.0006700647230502214,0.01677834605033404
2023-11-13,-0.0009536158750511945,0.0026015013160077703,-0.002275304184630509,9.747734806911216e-05,0.005555261386915847,0.015617721358757799,-0.0013414043171300506,-0.021990961965519196
2023-11-14,0.019215047304510194,0.02522757303868913,0.022414181915421248,0.01553745531097829,0.008879636186604733,-0.003159067616910148,-0.01589746161739401,-0.02678435783979465
2023-11-15,0.0021147406341822175,-0.0015493666911563034,-0.014133507626698873,-0.005216576967522076,-0.0026390807860946154,-0.0187467284855328,0.0037433802655380604,0.06384619927627835
2023-11-16,0.0012224224418173057,-0.0007050413539476614,0.012349918100346198,0.00819910347959058,0.011222864579353571,-0.047214354654269194,0.0006790913305902515,-0.046629756190665436
2023-11-17,0.0012430704381268395,0.013451067019775232,0.004675531169663365,0.002878007973878345,-0.00010890827769753537,0.03890976258005652,-0.0054459118313811864,0.01214874696667944
2023-11-20,0.007668066175206607,0.0037509116464873094,0.006089731554924348,0.0040152812800227505,-0.0016347162383040547,0.021671634851022643,-0.003076320005910918,0.023768640830835592
2023-11-21,-0.002181677577188281,-0.003890002754660605,-0.0004413332977699027,0.0002860155266707786,0.010740019593542038,0.003176081170630913,0.0010264418851370295,-0.045392621921948366
2023-11-22,0.0038534114260023026,0.0023635260623861964,0.0035275560223073698,0.003998486912436314,-0.004271361889171939,-0.012765515002879542,0.003414157722048782,0.04420138946783627
2023-11-24,0.0006150125294008621,0.007608847138887181,-0.011844604556151656,-0.0051434473181212114,0.005188115339681599,-0.011093295167538582,-0.00444059960718574,0.007662881508198476
2023-11-27,-0.001802528657874383,-0.0034513500446925,0.016565679582973284,0.008084261063549971,0.006715220224108336,-0.012217805310621346,-0.0020562756456186473,-0.012434083649412868
2023-11-28,0.0009896024014654549,0.000276583289902611,0.001969525163056818,0.003970327915882707,0.013243765854618068,0.018411553091702948,-0.003436449570240288,0.015367313611233842
2023-11-29,-0.0007036720630361266,0.00207171218114024,0.01249221195313047,0.008081395311889918,0.0014783465644929395,0.017527149441222314,0.001032243279097113,0.0007241750284948421
2023-11-30,0.003929758587469678,-0.0008282610602772313,-0.011618152148277546,-0.0052549867856611105,-0.004176660491012712,-0.03336910358675867,0.0071954971797005066,-0.0038571889984724806
2023-12-01,0.005898477158313283,0.010439828147696712,0.018659160450481594,0.011968276374673686,0.0171240372669512,-0.012914536554668416,-0.0030774468727889936,0.02555073011462817
2023-12-04,-0.0052633312678850835,-0.00781969235334147,-0.003987354662207292,-0.004582529112977731,-0.021850417580745678,-0.011182988494196392,0.004442191871014158,0.08164678054577372
2023-12-05,-0.00019705205230246317,-0.0035873082119022488,0.02125849723829047,0.00793609570595974,-0.003786606077863042,-0.013083602580495476,0.0037433802655380604,0.04882523455973004
2023-12-06,-0.004037901221795907,0.003036312788435047,0.013229655919002511,0.003713007212480204,0.003680115406357525,-0.04262394658445182,0.0023749162739401266,-0.007610515703398493
2023-12-07,0.007601447690649998,0.004811371606143243,-0.0057533290794634226,9.264090052009908e-05,0.001648967455985853,0.005389994826615076,-0.005436659215663011,-0.010427160036986542
2023-12-08,0.004289978397425525,0.0030123880875474788,-0.008216588939334038,-0.0053874885452647086,-0.013430173514668298,0.021574798782704564,0.003740834272313013,0.01998568323480024
2023-12-11,0.0038820481972265766,0.0024580926053577707,-0.002118059108381233,-0.0002796084534362885,-0.011104320560253362,0.004050170821960748,0.0013568750736890544,-0.06846730761514239
2023-12-12,0.004556799751689075,0.0017713641146390132,0.0029639389423400074,0.005667096998700927,-0.0005447904909059331,-0.038921402452267,-0.00271551921330838,0.004991678164292342
2023-12-13,0.013695889852565308,0.014462670024223299,0.023191054167273358,0.01662975634550973,0.02231176448891427,0.016669653105106673,-0.008533943151488727,0.03416274957103686
2023-12-14,0.0032042101677880294,0.0073535040410738104,0.02568046584644697,0.010578502126758947,0.005845435089187853,0.027626509857035162,-0.009299250365919965,0.003101461159203954
2023-12-15,-0.001647790244551661,-0.009771855144059361,0.0011098727462314432,-0.001448658872115327,-0.009208782757507668,-0.0001489410447860198,0.006552892936595924,-0.025761678809584642
2023-12-18,0.005609170124289918,0.0024183511029853407,-0.007999505166080115,-0.004176814990293525,0.004535187656823467,0.013901360018823108,-0.00014627025944567113,0.016410875652475943
2023-12-19,0.006062585877279233,0.008418632131539903,0.0053741662010342245,0.0012729553851072676,0.006790830606181505,0.018480035560541303,-0.004398843490877654,-0.008316570718615267
2023-12-20,-0.013954156469687111,-0.010143020141622182,0.006752026333458853,0.0026321365456190007,-0.005460866362358439,-0.00825194242510873,0.004398843490877622,0.032164737244750545
2023-12-21,0.009437085303402426,0.016067323466923383,-0.00634775115847149,-0.0003627448985082166,0.007045755720440373,0.0034827761847823152,-0.0066055427641091066,0.0049565656400486135
2023-12-22,0.0020077894795178033,0.0009372155762346228,-0.004559063983381539,-0.0017242800760862177,0.004424614031362936,-0.004937511263550957,-0.0003682697576951317,0.0029305657871948458
2023-12-26,0.00421358597133709,0.0045392099049947916,0.002839103853333426,0.0020870249745945668,0.007591842151508473,0.021887074221142888,-0.0022123950758791778,-0.03415794288831648
2023-12-27,0.0018064371122199492,0.005314324624422303,0.017564560025271046,0.009292208786431309,0.0045275772625212145,-0.018544352897414122,-0.005181242518977926,0.021462391204340153
2023-12-28,0.00037778901110949143,-0.002653686196564986,-0.007289570397516935,-0.00260753105589435,-0.005832413160524644,-0.025570796365095832,0.003333922532015694,-0.018938483263033618
2023-12-29,-0.0028992447494198556,0.001062341305357673,-0.009060803491877607,-0.003698247280475123,-0.001568069797763166,-0.007920519208180475,0.00184731998696234,-0.01247437935200907
2024-01-02,-0.005612103296437002,-0.01121056198474723,-0.005781116223140351,-0.006800559742223408,-0.0023566846852945507,-0.013291313245864694,0.008454384287897366,0.06569448103967031
2024-01-03,-0.008200122897048237,-0.007544179561840059,0.004161788251169204,-0.002277246662644224,-0.008371755159892112,0.03613420606279638,0.003288920319655028,-0.04806495357875531
2024-01-04,-0.0032263584177772424,0.0022961194963883984,-0.01531093542843845,-0.005577958446183465,0.0010041086074332737,-0.009133869287912003,0.0,0.030607357718285957
2024-01-05,0.0013687015220042785,0.0006743271287150692,-0.009612195622149345,-0.0035829321291319643,0.00015844285681933427,0.02137708198407873,0.0,-0.0003900828451526924
2024-01-08,0.014174949938735193,0.01059489207597181,0.009817695992240682,0.007609327333242722,-0.00784697829301582,-0.03884409556923109,-0.0018258088738107713,0.06163948142758775
2024-01-09,-0.0015180813350134097,-0.008978140397088448,-0.006396418408458814,0.001733955546503033,0.0003193058065587502,0.014799550438628694,0.003284044568134026,-0.01784541710643821
2024-01-10,0.005639360133625541,0.0064403399751074165,-0.004668230636024273,-0.0012772907329303424,-0.0022906686849215973,-0.012392870067949613,-0.0018231459277105026,0.01052203275194838
2024-01-11,-0.00044069056713367063,-0.00013374701548543727,0.005599476319463858,0.0060070832822187396,0.001971362878362661,0.01624361733911579,0.0007296121733049632,-0.005574241147522551
2024-01-12,0.0006926051339667209,0.004137970549763438,-0.001966816456125962,0.002175659220451797,0.009746417465784744,0.005454353054606214,0.0010935337544055674,-0.07884262883299366
2024-01-16,-0.003678035227619175,-0.016926650473523725,-0.01776972544398575,-0.010193226780472148,-0.009533481464917172,-0.011384711744944523,0.008705187778674477,0.007017444532681498
2024-01-17,-0.00557417922870952,-0.00952912537932373,-0.0015834996599960894,-0.0021060173046133822,-0.011077075533253638,0.010207980185228916,0.000721973626298209,-0.009599712825861542
2024-01-18,0.008853424611413878,0.008851508314380965,-0.00933889329510678,-0.00192680718895622,0.0081991767942437,0.01635065794270974,0.001082095516096137,-0.03525390600438047
2024-01-19,0.01238910219423396,0.002302027078748118,0.0031936028221653955,0.0010095765306660075,0.0029842685447011067,-0.0034812606749583504,-0.0014429799622101788,0.008599127738074015
2024-01-22,0.0021121165438551964,0.0031062061106975954,0.005934388681989368,0.0027489395251226846,-0.003785111631635069,0.012562474547873417,0.000360884446114027,-0.052055361752265265
2024-01-23,0.002912134109747494,-0.002835727464351756,-0.007955759457857333,-0.003666856788593709,0.0038915513093621982,-0.00043055297375465054,0.002522996287006013,0.008523584257922188
2024-01-24,0.0010926374498051495,0.007544179561839959,-0.005874589230869447,-0.0019304277197150683,-0.008281084265806402,0.012553620277697722,-0.002883880733120133,0.005793705727985713
2024-01-25,0.005424147545688603,0.0028144446853785544,0.006513377237101716,0.006603152932593124,0.003962127078988696,0.023675580751622932,0.0028838807331201563,-0.003581157289492955
2024-01-26,-0.0012712830935816563,0.004406694822731745,-0.001917499688624755,-0.0028375772911168884,-0.0006949345993064864,0.011972827343507776,0.0,0.04607657449481696
2024-01-29,0.007888160028004498,0.005845727494191065,0.01145031955080791,0.004116501582415053,0.007033690942252051,-0.014467981080234718,0.0,0.03458127257500397
2024-01-30,-0.0007737187358199449,-0.0013256113285608408,0.009025493358628746,0.0031899804423748614,0.0013795741766668092,0.010492910073783456,-0.000720153730229611,-0.007783744989935841
2024-01-31,-0.016451894616739134,-0.005053214722303507,0.00977256287226779,0.002544908357165702,-0.0007426235867567754,-0.026300819488012092,0.002518383462409285,-0.008651552809046921
2024-02-01,0.013003276637264829,0.009816934335006067,0.019425880501461854,0.007703913710177742,0.010346957700093572,-0.026431976704886312,-0.00504319964548389,0.011514890294239742
2024-02-02,0.010472332801358786,-0.007952222966785185,-0.02233636462274787,-0.009171644396306052,-0.009498266920115546,-0.022844711985576926,0.008988047928578354,0.002552374530244358
2024-02-05,-0.003647809313688158,-0.005336905524031483,-0.020400333417029938,-0.009624586712982821,-0.005529246178959096,0.009875504488838303,0.0053542617560508815,-0.012282624189248628
2024-02-06,0.0028991631302139782,0.006134957893774389,0.00972631390968333,0.005602680041478396,0.0052110917695982265,0.009197776548201076,-0.002852082420832877,0.009936804708699247
2024-02-07,0.008305803853538827,-0.0005320725575929176,-0.0048516424118554965,-0.002935216548776425,-0.0002652330017039186,0.008825936323178959,-0.0010715854973743831,0.02822864621028068
2024-02-08,0.00044152513377603226,-0.0017308406220389806,-0.005831418449439037,-0.005157607494548538,-0.0009022539588233346,0.029802099871098716,0.0010715854973743786,0.021945671282114807
2024-02-09,0.005762762269067807,0.0034589070680264987,-0.0020224822362013405,-0.001293374041683873,-0.003883683822386861,0.002095140529148883,-0.0007143118290188096,0.0399329954084116
2024-02-12,-0.0004390500819153809,0.0017249773408075549,0.0011715691185309575,9.241150639777425e-05,-0.0026153866387210066,0.006120514935426306,0.001071276494080423,0.057912503485299305
2024-02-13,-0.013868753726107262,-0.015498107488131121,-0.017283430811585426,-0.011062021192543436,-0.01388463719494907,0.007460671626600752,0.00782086400459863,-0.004328588760117502
2024-02-14,0.00904662675184559,0.01111344487395862,0.005076456512393121,0.004662996324099412,-0.0005962900909107332,-0.015256862364882677,-0.0017720991088684083,0.041046849510408934
2024-02-15,0.006875980508587233,0.011254647696717534,0.005157781680752453,0.0036217068986545546,0.00670130851432818,0.01786865592877021,-0.0039097220879914345,0.0021560092291083846
2024-02-16,-0.004992361223311451,0.001578890588801697,-0.0058044241622413496,-0.0036217068986545546,0.0036558786728406838,0.00779501142506072,0.0003560749480323327,0.0042584326097615645
2024-02-20,-0.005520569936345642,0.0040667484273367235,0.0008620970872441633,0.003343519099919818,0.006045896751115412,-0.013577736954721916,-0.0014250611609797617,0.0023873204261983054
2024-02-21,0.0009053543246796712,0.0007854191463677058,-0.0071345360839638276,-0.0025065514906729893,5.331114505738622e-05,0.01071290022291577,-0.0010700565947914596,-0.00856090431522995
2024-02-22,0.02048435775562523,0.011187701773652768,0.004869898856668222,0.0015790648767311161,0.0004266309391015458,0.005449625726195423,0.0,-0.010358547640014263
2024-02-23,0.0006893781654168484,0.001292878125237768,0.01329767810192235,0.0029655274533429473,0.005635602023986148,-0.02309064029901898,0.0007135472860858807,-0.011231806115512574
2024-02-26,-0.0036692764676822323,-0.0014222473754650232,-0.0029870455021210256,-0.003151253339069816,-0.002229172292928307,0.012024231004058257,-0.0017848237801663539,0.07205579515539999
2024-02-27,0.0018560229826467824,0.0027134561249231074,-0.007077068848321547,-0.0013933389910043693,-0.0010632481058260926,0.014457392607701923,0.0007143118290189382,0.045936216440473146
2024-02-28,-0.0013225210341043577,-0.005823349685892606,0.006328686891005431,-9.324065266275494e-05,0.001806857807827473,-0.003119223057094118,0.0007138754982253228,0.09069529297704289
2024-02-29,0.003588512905759912,0.0025922491310475374,0.007032578346998333,0.0009293516325287089,0.0051370494877010335,-0.0035379289902673218,0.002138206922607656,-0.02112241427001975
2024-03-01,0.009344541376475108,0.00966194032912107,0.006211740313662614,0.006069042843195306,0.018734204946424127,0.021575789448461752,-0.001781570469685381,0.0200954657884248
2024-03-04,-0.0010730313170312933,-0.0025673963110228915,-0.004030571663332601,-0.0018547814370579174,0.016045575240364,-0.012754377643168217,0.0,0.09013873819592814
2024-03-05,-0.010044433831981375,-0.0018010339894369892,0.01414118325862129,0.005462186374691857,0.006002093012312608,-0.007595387002346809,-0.0010705119511475309,-0.06858298181492034
2024-03-06,0.005054359486103658,0.011776830425865038,0.005850983780697266,0.0026739390719236265,0.008181839163568716,0.012044254536371039,-0.0035765247941878953,0.03549970020086634
2024-03-07,0.00987753065693371,0.011765522677177538,-0.0009379639111150035,0.0024830200360296765,0.005667751261581818,-0.0014806892546147526,-0.005028707476248657,0.012308140052515397
2024-03-08,-0.006020220745794653,-0.003275254664990817,-0.0017741232898790611,0.0013767019437399442,0.008417025116951235,-0.011789590084702966,0.0003599749199443497,0.020331312236987975
2024-03-11,-0.0008602904655958788,-0.005694494781144042,-0.000522698881270409,0.00018353532484057826,0.0018333385345244608,0.0035379289902672437,0.0010792961770736752,0.05447442087197215
2024-03-12,0.010699919611046112,0.007963120851867582,-0.00839640966152534,-0.003214769853208018,-0.011000916093968595,-0.0036742814721483132,0.0007189335551058804,-0.008949836049347838
2024-03-13,-0.0015686147224729103,0.00012598659162306938,-0.00485998333403372,-0.0010126890247876732,0.006982966028737541,0.02344486155591102,-0.0010785200952599537,0.02216689906407544
2024-03-14,-0.0019788645975337355,-0.007328006624683319,-0.015475723028875824,-0.00739516711895603,-0.004183879789555109,0.01598563294504645,0.005381227191418363,-0.0233524614583823
2024-03-15,-0.006890099864629125,0.00038033329164629333,-0.00032295148411728167,0.00027826217848478325,-0.003199519647615261,0.00039309151180578973,0.001072735024779577,-0.028308923292000562
2024-03-18,0.005925437712153873,-0.0002535394544837463,-0.0030172674906006,-0.0016710480486645937,0.0016010012977577042,0.0213863568040564,0.0021420974485218953,-0.02709399205605509
2024-03-19,0.005541749321211819,0.0017735308821488903,0.002801998586181781,0.0028763721410793638,-0.0011504677080451668,0.005754084512535787,0.0024932668861295886,-0.08712073185700822
2024-03-20,0.00920670290772508,0.0105753287617698,-0.00032276509096671087,0.0018510044015233747,0.011841472011166752,-0.015159595337779516,-0.004635364334651574,0.09251085296877404
2024-03-21,0.003299200289029592,-0.0005009424550268182,0.00215058103205042,0.0014784958011060854,-0.0010391759354036452,-0.005581896832704567,0.006767565912467765,-0.03631867422621332
2024-03-22,-0.001897470275145,-0.0021324490372288314,0.009515473811875137,0.0034106433177219253,-0.008053310017860683,-0.0018240967878449877,0.005310661975109031,-0.02649844665215931
2024-03-25,-0.002766634949302047,-0.0021366984462347508,-0.005013822651186927,-0.0034106433177219283,0.0031893153617754324,0.013986265466977597,-0.0024747558328678944,0.09248642951095928
2024-03-26,-0.0018487450962024043,0.0011316113435808572,0.002776474797969107,-0.00027715823960823083,0.0032287432792988957,-0.006062594660150216,0.0007077399261572955,0.0004147786065640333
2024-03-27,0.008368665923906098,0.006015323408991308,0.009869198596676213,0.006903162438190118,0.007214572450621008,0.002842394889994873,0.0007071665141089015,-0.007637444542951766
2024-03-28,-0.00019110413309198287,-0.0022514187902420595,-0.000845073497922894,-0.0009175649534404216,0.01281752820240996,0.015617331980804382,0.0028238937907861,0.018397189971880865
2024-04-01,-0.0017413386253933131,-0.004266673521172891,-0.018816968430020956,-0.009621215607787344,0.01015632882706488,0.011868760574354039,0.0038698338448272807,-0.014850058697842
2024-04-02,-0.006378260670031145,-0.007067087270033453,-0.0055258543531949466,-0.0014899921435036756,0.014664311961913869,0.013960126414517587,-0.00140546043300866,-0.06299090436988572
2024-04-03,0.00109794127340279,0.0055569542013074145,-0.00021729163014353673,0.0006519839351059822,0.008734121015036823,0.005677614386043164,-0.00458152760060142,0.00812374307331999
2024-04-04,-0.012281247537862838,-0.00860118028505637,0.007146890420135981,0.0011171882932047256,-0.005751211782367559,0.01247565916713096,0.0,0.03759886271186141
2024-04-05,0.01039269025677078,0.0031708593446549034,-0.014016770385844438,-0.004382071178326518,0.01696939930469014,0.0015789750563960673,0.001059173757975324,-0.009845630418288566
2024-04-08,0.0005591677155095434,0.004926436047107996,-0.00010968641468095989,-9.317317931890093e-05,0.006209168519561672,-0.0024301904972476177,-0.0014124811238701792,0.054415745823213055
2024-04-09,0.0011561643978318316,-0.00012601090519359117,0.009258957856412892,0.005125998380882954,0.005482001328254476,-0.01285595217233564,-0.00035343223610847385,-0.035413761203788405
2024-04-10,-0.010063666926886186,-0.013320925824735918,-0.022034147128863667,-0.014325397813981516,-0.009508923035404604,0.011516848985476157,0.010548643577713563,0.020739301242534747
2024-04-11,0.007518531584796264,0.0026785018013393627,-0.004554848748122032,-0.002076690133229997,0.01924683287449554,-0.006599795260321502,0.000699326233252878,-0.00749778258451207
2024-04-12,-0.013899314829264035,-0.01630872609441179,0.005330510974533619,0.0022652234104250284,-0.013327746093360097,-0.0002453307865668805,0.008007010201731071,-0.041748970181434676
2024-04-15,-0.012607116373303673,-0.0029820536332078916,-0.015627129468074735,-0.011092690787860807,0.01854610800435578,0.0014708024021412203,0.001732122440361048,-0.0577345477167843
2024-04-16,-0.001825537997579715,-0.009917892656814503,-0.006659695137512618,-0.003342597710028026,0.0012212692273934644,-0.00392686341194556,0.0013836550246905754,0.0060619201772289105
2024-04-17,-0.005935760247295957,0.0006554963279301171,0.01103743107183825,0.005437601977059136,-0.007395532411290297,-0.030206965750945645,-0.0031157774650514432,-0.04053958534994488
2024-04-18,-0.0020597840834078677,-0.002756083778469674,-0.005053053561502075,-0.0019996198471935373,0.0034096367107846366,-0.0016488668939575347,0.002078287054793126,0.03584120208614769
2024-04-19,-0.00876675054065488,0.00039439045154696307,0.003596092511647463,0.0010479109870914648,0.0031266420969041134,0.0008881520097101191,0.0,0.005195142876912206
2024-04-22,0.009167061334332522,0.011624089655807086,-0.001683844565594792,0.002473022887876033,-0.025012716627157542,-0.0008881520097101288,0.00034590221054752357,0.04583111116921364
2024-04-23,0.011796628460857926,0.010848597274760381,0.0003366960815708657,0.001708388882605829,-0.0024616906480957905,0.015117503343163788,-0.004159388765339704,-0.006460398489914604
2024-04-24,-0.00047465817279098024,-0.0019286677846660019,-0.007101515058061479,-0.0038956924034697173,-0.0018618228395408355,-0.0042601738587208825,0.0010414523560842842,-0.03260630131627199
2024-04-25,-0.0038062672985892747,-0.0046439939780325325,-0.007038204912163151,-0.0029558445268674832,0.005945756955740473,0.009995123722986861,-0.0020840621456543933,0.0031812827691917772
2024-04-26,0.009429536876388285,0.007984685643316235,0.005226755863692518,0.0038121945761685713,0.0032366836371748075,-0.0006218125076125912,0.0045099317299301216,-0.011328935219016097
2024-04-29,0.00353511192829015,0.0038406911972815355,0.008351084936243501,0.00417649036854278,-0.002033283758808563,-0.011132761087201501,-0.003120098347431638,0.0013448775410454074
2024-04-30,-0.01596802854839947,-0.01273094998265258,-0.008577924199576642,-0.005508898648811099,-0.02013850411793736,-0.0141882639306748,0.006230563088536299,-0.051494629716542104
2024-05-01,-0.003252559339711623,-0.002202306838971724,0.0073439055507074575,0.004151075081275784,0.009021337418355644,-0.03175689048529639,-0.0010356994804062785,-0.040089923480657194
2024-05-02,0.009309996874314375,0.013398687420446222,0.004282100383315073,0.006170763717308431,-0.003091862325121168,0.0,-0.007628394950007119,0.014814392549697799
2024-05-03,0.01231916583607324,0.009932605667873882,0.010068006959015977,0.006979070280004983,-0.0007979449099420573,-0.010591957420973446,-0.0027884598596331525,0.06175720649824811
2024-05-06,0.01027377706580949,0.00681920508988612,0.003888374469959806,0.002815501478007859,0.010463427933373832,0.007029757783726227,0.0010466108060841126,0.004317490682288359
2024-05-07,0.0011029449127369422,0.0026393485129927153,0.00607973516808574,0.0004686107286024591,-0.00461094049941965,-0.0021170113520887217,0.00278554701292766,-0.01318192999564668
2024-05-08,9.653142412101191e-05,-0.001130457397776548,-0.006079735168085713,-0.00253234319298487,-0.0029453952906236033,0.008047014043655872,0.001389833382498564,-0.018569986258493817
2024-05-09,0.005745392190860414,0.007636113405853422,0.004866833285782587,0.0015950584284400216,0.01565541986116323,0.005372430403400711,-0.003478247915403955,0.02997730860417905
2024-05-10,0.0012872749317033082,0.0018687345925124637,-0.005643410217191092,-0.0031929789169582584,0.008079783894319735,-0.016071925368196245,0.001392736941288792,-0.036456454635488925
2024-05-13,0.0001343134496232697,0.0,0.0025491514902552088,0.0003759988838055352,-0.011265319955387511,0.010962193906755544,-0.0003480203677617743,0.034098215257427476
2024-05-14,0.00457770091357138,0.007440613986127945,0.005628625691910868,0.0029105760374457685,0.008426442720749588,-0.012158180575230207,-0.0020905257213028362,-0.021674038111579395
2024-05-15,0.01230686649208651,0.010569077130505596,0.013555114131699787,0.008867642556199692,0.012757032448187955,0.008868920205058686,-0.00629814463570087,0.07380429766149847
2024-05-16,-0.0020596645888600737,-0.005393573618812987,-0.0009774740334457842,-0.0015810501922175063,-0.003900942141432421,0.004864306617097663,0.002453933982969311,-0.015755724397151206
2024-05-17,0.0014366014591867028,0.0034357472251709937,-0.006761354041712411,-0.0023296288555834164,0.016363162829441925,0.009398335918171338,0.0,0.027522834905047706
2024-05-20,0.0011515006981775372,0.0007345344097287727,-0.0029584955555177414,-0.0004666088756063841,0.004015863208074463,-0.0031229414661702254,0.001399631436770952,0.06350607246678794
2024-05-21,0.002449531425223931,-0.0015923901686113074,0.005144599882026584,0.0016787273615659648,-0.0014706294501547247,-0.007456371371994017,0.0,-0.01852885718229531
2024-05-22,-0.0028834455866350367,-0.009484498766465796,0.0012003777942974875,-0.0014916218712718887,-0.018544867564565665,-0.017083125640254306,0.003141954727443019,-0.014565869510184994
2024-05-23,-0.007331079448999309,-0.005087272523345986,-0.006454969834705388,-0.0043958648283856615,-0.02014614803918644,-0.005625594787959232,0.0020891415738526087,-0.017406596587757724
2024-05-24,0.006594717081072719,0.00817643011190175,0.002958820503757589,0.0027143176458964487,0.0009266841017383871,0.01201618668264031,-0.003135387300632539,0.008743394668047938
2024-05-28,0.0006986012794964109,-0.00037019543996240557,-0.014439199690038502,-0.006000122539014436,0.01045829379441463,0.03019646663723591,-0.0013966272105379093,-0.0033603147248077855
2024-05-29,-0.007027205122289881,-0.015924762148281618,-0.012175681985626012,-0.0053749168731698225,-0.009347362870368763,-0.014135020319737542,0.005574915067253724,-0.010570529093847765
2024-05-30,-0.0066558050403558834,0.008367273635819504,0.009618688108546927,0.006126952954289496,0.0018949634848045166,-0.013675438975928015,-0.0031320421299359065,0.011577009906272178
2024-05-31,0.009066729809583752,0.009530382841173742,0.006766996486676802,0.004406446376843155,-0.005881436093592545,-0.009444687322324561,-0.0006973755114823406,-0.012860492770805693
2024-06-03,0.0008151843489045567,0.002829189981736452,0.016045121223955027,0.0068785822299347954,0.008878251926791354,-0.04078298326298724,-0.005245731520841296,0.01927284672350727
2024-06-04,0.0011173541347995171,-0.0012292560853348425,0.011613390051337404,0.003909699361147785,-0.00901759641821021,-0.010355613150529097,0.0003505824738529862,0.025300225248925362
2024-06-05,0.011815091505167604,0.006985868209141198,0.00731115590725242,0.0033387618214554926,0.011775993219294973,0.011190536078020008,0.001401102105863415,0.007272217816602819
2024-06-06,-1.9060257953704218e-05,0.003413865495807947,-0.001500626341516061,-0.0006482328878901029,0.0073641743967564136,0.018877622004538838,-0.001401102105863335,-0.0045918902720176475
2024-06-07,-0.0012163979790020252,-0.010891779328347086,-0.018516334921282997,-0.009028156607382242,-0.036335512840658196,-0.0032814562555495684,0.00837703011986722,-0.020194557079892095
2024-06-10,0.0030852631529255303,-0.0007384223347693971,-0.006688825959753918,-0.002058919390720924,0.009126408480625946,0.0328693721488532,0.0024301518973716065,0.0024442124416611368
2024-06-11,0.002405207839769021,-0.011428476662930558,0.010288934127978823,0.004300245435661961,0.0028525382508942246,0.0006624237024835077,0.0013859807180636207,-0.03186737491787959
2024-06-12,0.008179652319561206,0.011716547304539334,0.007485745819763211,0.006138023144848127,0.002658183908153708,0.0062050658352542825,-0.004511496602979,0.013412234174301008
2024-06-13,0.002011392952919653,-0.014381378958713508,0.014592607419394782,0.0047174585563187306,-0.008183543017197694,-0.0031637976724215554,0.003818710646122466,-0.021998155421161833
2024-06-14,0.00060813571757503,-0.011116150527040286,0.00837985228025977,0.000829917093479283,0.012876289526632455,0.004479048035762472,0.004494411049246021,-0.011227334405387725
2024-06-17,0.007927489938320435,0.00397498446464395,-0.00997890759644938,-0.004713458881887835,-0.005205175700450875,0.02222745768327376,-0.002417562658478509,0.007233210338951794
2024-06-18,0.002537711060350135,0.003959450703075654,0.009133227374098003,0.00462122880608487,0.0039992641040523845,0.011248965078119082,-0.0003458538866339916,-0.020505771883152002
2024-06-20,-0.0027205698755687594,0.0006371126377893758,-0.006682363421019872,-0.003325115249636342,0.012407060942233438,0.009362485957576596,0.004142301913199815,-0.004802521793038954
2024-06-21,-0.0013413769147910045,-0.0070309725396445226,0.0,0.00027766289789405004,-0.015614512577113812,-0.009616702118432007,0.0024083420880998017,-0.011362664075990998
2024-06-24,-0.0032560363199116184,0.0079223711836709,0.004036036221146575,0.0010168496848094735,0.0039497558204108826,0.013261898600443552,-0.00344232782399915,-0.06142759353533457
2024-06-25,0.0038434532800629036,0.00241522228032161,0.0016945085422189782,-0.0003698323846180574,-0.004974590412272679,-0.010088300314374856,0.0010339857358994088,0.025020978589857558
2024-06-26,0.0012474877967871068,-0.007391398999709019,-0.014388409763178707,-0.005468291936979121,-0.009271011435783051,-0.001902969485489011,0.0048108979968954505,-0.016203198264060435
2024-06-27,0.0015749396472316268,0.0007671871253305107,0.003963912893595142,0.0019498566579498678,0.011273144249924162,0.014747833723460755,-0.0013721923107463344,0.01296454786345771
2024-06-28,-0.003942525024598617,0.0011497293642379553,-0.018780449071736503,-0.006420512954101788,9.297215668029186e-05,-0.004137700623625835,0.0,-0.021073812008611803
2024-07-01,0.002055659310227436,0.001785663129722215,-0.017410006748265042,-0.005957390478724048,0.0026012036358740546,0.024205297813483594,0.00034324232725000856,0.04111645532332164
2024-07-02,0.006707196795298655,0.0024183983699262008,0.007755333003406406,0.0063882083546518914,-4.643502198142268e-05,-0.005287443011822337,-0.001373605925299345,-0.01318017605629068
2024-07-03,0.0044528171721015565,0.011376503828826344,0.013047970163987722,0.007370220618618587,0.01120993363706169,0.0019706378519356925,-0.004132246085174495,-0.030363202506616574
2024-07-05,0.005749907876923222,0.006639686888718178,0.008244895824560047,0.0051921214533172605,0.013396660734694752,0.0004920767346672877,-0.0034566064634021076,-0.06012865679510065
2024-07-08,0.0011532749566982353,-0.0050069367297848315,0.002158228774375252,-9.263767803012833e-05,-0.012479622087256387,-0.011006101493362288,0.0017297967469878002,0.0007537022264223308
2024-07-09,0.0009718951024171976,-0.0040235569520776305,-0.00442973301092664,-0.0018514130806008512,0.00169431118809057,-0.008115426860099868,0.0013816720084868749,0.022737964112148894
2024-07-10,0.009846668354302415,0.014012485840269451,0.003135390426340798,0.002406268734204016,0.003653653384415314,0.008861296222450103,-0.001036057186314258,-0.0046086733698468725
2024-07-11,-0.008660115225480658,0.002853453994517745,0.00966803746973874,0.005346599511931826,0.017578001160184497,0.0056994215480502914,-0.005196591787223235,-0.006909245978268808
2024-07-12,0.006287847424473281,0.010597761420130436,0.0042670840319634805,0.0036706595315456466,-0.0006272936376368344,-0.00856140760075485,-0.0034794579587689757,0.009623984558104185
2024-07-15,0.0027463458611404206,-0.008864923346414593,-0.01156314204402137,-0.0055110162193522895,0.0032219172131206842,-0.0016212169316542201,0.001741170577582211,0.11367947390056832
2024-07-16,0.00591267816960782,0.004811545110249169,0.014008504449278555,0.005785725904012197,0.01972987782004887,-0.013318518090355181,0.0,0.0034931297826731934
2024-07-17,-0.014120287835678726,-0.005306363694134383,0.0002123921770351062,0.0004578081378800785,-0.0046540195707980275,0.01953976476914971,-0.004533523320545213,-0.01514324245482322
2024-07-18,-0.007714718215876788,-0.009947839302925204,-0.007673621744277491,-0.004311236950277701,-0.006401633154546632,-0.008970919887678825,0.00453352332054525,-0.0022597141603525025
2024-07-19,-0.0066627518313295666,-0.006142418635386966,-0.005901516278565415,-0.0036840727546151647,-0.018100662230646155,-0.02406704517999509,0.0027797397372710322,0.041879420109635544
2024-07-22,0.010257253083666889,0.010506761301086269,-0.002910005227247403,-0.0005537299029973015,0.0003156824791686295,-0.004883665363853609,-0.0006942287631558462,0.013032555028362817
2024-07-23,-0.0015698653017631335,-0.00561484719958788,-0.0014041098304153061,-0.000738809315108773,0.003510507096461622,-0.012966986206433018,0.0017346690805484224,-0.024831503546284737
2024-07-24,-0.022923336873522833,-0.012718078061636908,-0.010867287424389966,-0.006116267371909024,-0.0035105070964615765,0.0024766331062798185,-0.00034669317347773323,-0.008462196557576013
2024-07-25,-0.005224014168507667,-0.0063564682502420845,0.008161763228910032,0.003989231262099356,-0.015768400613655725,0.008426854041664747,0.0,0.006177613679945953
2024-07-26,0.011137575184892386,0.012672887754142633,0.007772675178361178,0.005539662891138566,0.010479424389843233,-0.0175819919686148,-0.0006937471439148659,0.03193999219319689
2024-07-29,0.0005876069125860719,-0.004417422503043268,0.005362462993662675,0.002115450171136433,-0.0014060442276131696,-0.012161394438873405,0.0027720341987079737,-0.016212518920554198
2024-07-30,-0.005079341629614852,0.0022741273181638155,0.0038431745636616386,0.0008263996715820589,0.009935936183544776,-0.009756219710749902,0.0006917560971814622,-0.009305346230673276
2024-07-31,0.016123780976416084,0.014035414973179448,0.010177214585968165,0.005766887594360321,0.017948680176279857,0.04310784179589794,-0.005547852441543809,-0.024183450577486682
2024-08-01,-0.014262023608544021,-0.026863337078291836,0.008587809380264487,0.003310426474074655,-0.003448883709883457,-0.018828017842150952,0.003471004050776249,0.011359846111043197
2024-08-02,-0.018794007802899755,-0.015847767966467342,0.03068572295076039,0.009721790703230884,-0.0019064443892985788,-0.038754201862336544,-0.010099274672582528,-0.06221701386487153
2024-08-05,-0.029556156969170244,-0.022059817448139202,0.005277372596046301,-0.002535029005966189,-0.01277316576262444,-0.0023190538766148655,-0.005616080468747204,-0.12882935533749532
2024-08-06,0.009177464300609344,0.0017244772669851264,-0.02262243250046094,-0.00654792184781614,-0.008032891286850252,-0.010571997719377635,0.003162862001525128,0.03713846509911699
2024-08-07,-0.0067064933581381546,0.004760054051749095,-0.0070652357468310055,-0.004572109964934675,-0.0006798590470787476,0.03044962041173569,0.0021030547556154045,-0.018131945621423673
2024-08-08,0.02285409726696231,0.016613737188251883,-0.0061705422592496055,0.0004580243522392058,0.01556622880577821,0.008930391311087377,0.001399631436770952,0.11461585743295792
2024-08-09,0.004399941804783993,0.0038843047701721685,0.009813132354285246,0.005117260385497451,0.002452251987911254,0.011347273093983994,-0.0010494677251641788,-0.013541633552667406
2024-08-12,0.0005253201136751975,-0.0009049063043282681,0.003629454942085468,0.002094505558037736,0.01699935451192235,0.031129359611728098,0.0,-0.0253783714532102
2024-08-13,0.016311777161781584,0.017057183401786698,0.0069112076537802955,0.006979304759788835,-0.0015335341694870399,-0.012670520633458079,-0.0052641408231620885,0.02092453927711503
2024-08-14,0.0031498706634310713,0.003680859696333079,0.006251118058531492,0.004416086648681582,-0.008189191333501105,-0.013616278332464034,0.001055076377395764,-0.0313783013916643
2024-08-15,0.016994895893336456,0.01208934482462525,-0.008103050317702578,-0.0030622299688428654,0.0031339290416113642,0.010649546417540887,0.0035086865718427533,-0.02024486209713598
2024-08-16,0.0022396947738357272,0.005492417408755077,0.003495435778003177,0.0029725381248091993,0.0221408117352879,-0.01418099538318681,-0.004915702594823485,0.022911430101342656
2024-08-19,0.009515837873381946,0.01212580790337244,0.004607614539699593,0.0023353728214434103,-0.0016393656726291592,-0.025747971570824927,-0.005293793497788484,0.010125266266796553
2024-08-20,-0.0016273260564742046,-0.0030794272641716395,0.007936521356136452,0.0025986905714554423,0.003663270802502215,-0.0074218736985404345,-0.0035448290766291594,-0.008112024604757306
2024-08-21,0.0034306611565434377,0.009209880450160668,0.0006079775289784251,0.0022349141506602687,-0.0013345079227065216,-0.01680027705889688,-0.003201184365522384,0.035987487774751865
2024-08-22,-0.007879651442834062,-0.005884405752555053,-0.009975707126584946,-0.004116044685389849,-0.012047289256477975,0.013408373748716321,0.004620609628801324,-0.013052114105543453
2024-08-23,0.01056948044386163,0.01815450670235454,0.006525770706139809,0.005722166279488318,0.011487194343258993,0.026421454550779395,-0.008547152506324342,0.05966667778992524
2024-08-26,-0.002386736774478714,-0.0044775109889675134,-0.0025439111546711754,-0.0012490808657899684,0.0031842629268953445,0.029732255385001766,0.002143701852348916,-0.01911765510550575
2024-08-27,0.0013722678056375614,0.0045983959677344715,-0.0017336407768392876,-0.0008035209794537543,0.00270301522962425,-0.01736699909208973,-0.0032172047318540383,-0.05519287756090793
2024-08-28,-0.005822277223462519,-0.0035072441020904065,-0.0012258503396902435,-0.002056897531615401,-0.007051666972008083,-0.013292220430715884,0.0057123224876253695,-0.00804021450926693
2024-08-29,8.951821015109205e-05,0.0037486801925825453,-0.0032754843593714943,-0.0017020933496398232,0.005164620716356872,0.01694613013782599,0.0035536471399591043,0.006089656742738993
2024-08-30,0.009500822168204385,0.0015677705435219356,-0.010720778434149463,-0.0027838340597504483,-0.0071515197828322195,-0.03216477950517484,0.0028338969226997055,-0.004534788620027655
2024-09-03,-0.020793804917628417,-0.015912793322797283,0.01622297351339246,0.003018958927559011,-0.00433295027353233,-0.044702487179793374,0.0017670159067105292,-0.028975787461358694
2024-09-04,-0.0020488615040308513,-0.004417852425772415,0.012807696410573565,0.006189178738912127,0.0006077417877377091,-0.021038384478949908,-0.004955651279353951,0.009367548966836616
2024-09-05,-0.0024352279710155326,0.0002460474334338844,0.005640049324165514,0.004905991358047093,0.008297784905920138,0.0040143248072719824,-0.0014205798287837345,-0.031738730145491646
2024-09-06,-0.01697328104557086,-0.018991438540799627,-0.00010041171695380395,-0.00044484632449150007,-0.007430165851405754,-0.013831067431116914,0.0014205798287838293,-0.04017885990554018
2024-09-09,0.01113398651894169,0.009975127871211496,0.004309609405173737,0.0022229854499620123,0.004197056104325384,0.004920362248043913,0.0042492341228609724,0.05535933691731959
2024-09-10,0.004346212941568779,-0.004975076153519971,0.006976439740110732,0.0027497585516343924,0.004394427867847918,-0.0339164510644635,0.0003533073658948127,0.010973955159393974
2024-09-11,0.010206681706174558,0.005967167810864339,-0.0007949602742974912,0.00044278574606879643,-0.0015918222264343484,0.013203951283404443,0.001059173757975324,-0.005314110423381013
2024-09-12,0.008387895979130387,0.008147121556885106,-0.004682419519238615,-0.000708420245629582,0.01741476344611925,0.029623204964132104,-0.00424336975629408,0.013576697629400721
2024-09-13,0.0052092588383500895,0.002333167165609599,0.0026928213498558047,0.003096284542911193,0.009894570827460453,-0.0007157096603621106,-0.0014183454904370253,0.0411907229072504
2024-09-16,0.001475812389744031,0.008062622177827966,0.009120620733893147,0.004406812662738532,-8.375168155570817e-05,0.01478140845143414,-0.0031989086900154344,-0.040064581724141055
2024-09-17,0.00040848561337042405,-0.0056124719659610455,-0.0048474976270008975,8.810759598347294e-05,-0.005546263478781612,0.011781398210254278,0.003198908690015424,0.035717088660707746
2024-09-18,-0.0029701369002973965,-0.0031863674381358473,-0.01247349125164768,-0.0041416335801868955,-0.007740344731775493,-0.014889971999142874,0.001063984209049755,0.02199433056839477
2024-09-19,0.016920307923775156,0.019569164093031655,-0.003318833030474205,0.0008827072873096833,0.015421236419487627,0.029149212293412347,-0.00426289289906511,0.020721119053916288
2024-09-20,-0.0017300224972761856,-0.00991902664187227,-0.003835873620914236,0.0008815665651906126,0.012630557682531525,0.0023340186484007907,0.0017783288612317778,0.0040040116474054175
2024-09-23,0.002495816851555552,0.003761416498923071,-0.002126010089545688,-0.001411184491102021,0.00193852671610104,-0.009230597707461144,0.0014205798287838293,0.0021628401614280242
2024-09-24,0.0028570287383996723,0.005916842512487471,-0.00020266557672355654,0.001675944798189945,0.013872405171650835,0.014291859437062458,-0.005694026445786639,0.015234244172186632
2024-09-25,-0.0022078885428664426,-0.005432508628423385,-0.008346948161140533,-0.005921996419890243,-0.0013827232563758825,-0.02500644917512111,0.006758010654836277,-0.01818596455888868
2024-09-26,0.003956800645357593,0.0217920922419038,0.0023482550864119003,0.0,0.005073989582052931,-0.03516628466659736,-0.004618967847097451,0.03176403065562404
2024-09-27,-0.0014513072431050762,-0.0060588535222574425,0.005187370173504807,0.0039812825738247135,-0.00796748708764577,0.01809346484428869,-0.00035620178256488914,0.009309629648678252
2024-09-30,0.003999221306372743,-0.0034617071054088384,-0.0047796420646366074,-0.002475194654085264,-0.008031540905021974,-0.004993212272747592,0.003911185420612672,-0.03812668937142083
2024-10-01,-0.008998691404003781,-0.007441051060086672,0.007194125209737764,0.004794419329250518,0.01043659814331518,0.03084103423341522,0.0042492341228609724,-0.04015297041725014
2024-10-02,0.00042188345696686584,-0.002050248895195397,-0.008462842746482149,-0.002212699129106496,0.000203566476664949,0.00897364361703627,0.004231327042051397,-0.0033625289659382266
2024-10-03,-0.001829849680570939,-0.009338420002778174,-0.009465036586754344,-0.006489262152604581,-0.0006922454344502302,0.04000804444351105,0.0031618231265827944,0.0020860853737759526
2024-10-04,0.00904622870774709,0.005831599522071783,-0.012377527625744398,-0.005454979737233966,-0.00199802503899798,0.008153584225935795,0.005596364637704364,0.021300283559387175
2024-10-07,-0.009081461481495611,-0.005587927895948537,-0.007563794755841067,-0.005124418806517014,-0.0033935140367649104,0.03664824860875891,0.0006973755114824545,0.0027220928069463233
2024-10-08,0.009412989374939376,-0.0015848790846163994,0.001685813487955821,0.001981025985175684,-0.007399232494344503,-0.04400989038435532,0.0,-0.0016835665376192953
2024-10-09,0.006902584366259027,0.00024399861969177553,-0.005701004252360229,-0.0019810259851756285,-0.0054610705017173605,-0.007150466274743375,0.004520910314853296,-0.025261155468464205
2024-10-10,-0.0017513787489934084,-0.0012205888878765757,-0.0039250138598101985,-0.0010821287034327408,0.007316064767089658,0.03293980591297468,-0.00034705413738212826,-0.005090366975952731
2024-10-11,0.005970301142608575,0.005116491664864534,-0.004047700200253433,-0.00018038246525914662,0.01085428686886074,-0.0036068413339225163,0.0006939163643955796,0.03537847936044716
2024-10-14,0.008145080967811955,0.0029119016665389956,0.0007469849823984745,9.0232248335106e-05,-0.0016308312397319176,-0.0203370009637221,0.0031169280688761,0.05606575349118819
2024-10-15,-0.007800182123287511,-0.016737434797619074,0.012084181831894818,0.004860931474668815,0.0034623584364339233,-0.04264548423443695,0.0006913491352494367,0.014952642422039789
2024-10-16,0.0043370790357083544,0.0025838457974254295,0.004205676453363722,0.003138257991386574,0.0049891427128232555,-0.004960062542532065,0.002760484720115617,0.008490108547449185
2024-10-17,8.588641372365317e-05,0.00012282704166918142,-0.01596978054338347,-0.0074578930312868595,0.005970452161761758,0.0030340833401324117,0.003096552372430692,-0.0031535287872272158
2024-10-18,0.003839100454569968,0.006734900725757237,0.0007460144484546009,-0.0011731671626859814,0.010562207979593495,-0.01722272422377844,-0.0027519382012299825,0.01500489704966544
2024-10-21,-0.0016435547744221436,-0.011908450869272056,-0.01762544446266574,-0.010255524416283775,-0.0001990210805239133,0.012253075698905812,0.004468079424081002,-0.015479556460891218
2024-10-22,-0.000531233286671082,-0.0056973772640224575,0.0009754150140668944,-9.129476755834767e-05,0.010729555523637746,0.02352407649793247,0.0010282445934586984,-9.56779931777652e-05
2024-10-23,-0.009179534377911844,-0.010111850928348943,-0.0027117204686451764,-0.0033813052522618098,-0.012123752431615111,-0.005829343240804152,0.0034199598668811218,-0.013890438213698968
2024-10-24,0.0021603918323792504,0.005630402411133111,0.006387500280492233,0.003016341771833411,0.007663817134299539,-0.006684500589053859,-0.003762543503196254,0.02569154796745315
2024-10-25,-0.0003452204488895415,-0.00337441579673686,-0.0056276509268184186,-0.0023756647081410185,0.0020548662166116312,0.015887438402182662,0.0034211296876850597,-0.02253213347279499
2024-10-28,0.003086550330708379,0.007980018550681431,-0.002716847840970351,-0.0008236852456286306,3.945329776617785e-05,-0.05254911326250707,0.0,0.04783540489337374
2024-10-29,0.0016169776628493643,-0.0036079438930714963,0.0015222729998221433,0.0011894417385036869,0.010835937036952448,-0.010992995581308026,0.00034141381551127563,0.03944659057776213
2024-10-30,-0.0030297098042621298,-0.00650264531646013,0.002929739748799722,-0.0012809958836779288,0.005490789207931537,0.024111179315838997,-0.0023927714744263785,-0.00525236341818716
2024-10-31,-0.019797747056354575,-0.006166179060387313,0.0016238435322796564,-0.0020165402106898786,-0.01561647178727062,0.023817259740401706,-0.0006846514799769545,-0.029806220896924952
2024-11-01,0.004211569117516647,0.0020177122243085757,-0.014198766804909037,-0.005493578544175529,-0.004110813705942248,-0.014610944955690543,0.004101106198386209,-0.010490161236778449
2024-11-04,-0.0021563387077012815,0.0007555937214206718,0.015402667098982635,0.007379409000338313,0.0014248987496042703,0.03103255387781252,-0.0037586865772692526,-0.02434256025804483
2024-11-05,0.012019296392962288,0.009895518431118003,0.0052974754200506005,0.004767522245538709,0.0022519104403696992,0.005905297375616848,-0.0041166526750334225,0.022572112490931908
2024-11-06,0.024561362949589174,-0.014564083543935274,-0.027770433642388462,-0.010481951367759184,-0.030857976694085517,-0.0025457565295519888,0.016027576200710394,0.08666903126846402
2024-11-07,0.007702635457239333,0.015062240617639614,0.0124499510670974,0.011761572234597792,0.01594864539186116,0.0016086162034484183,-0.008152236948407639,0.0035076496874788744
2024-11-08,0.004322179004008492,-0.013924674368114185,0.012621342976984633,0.0034653542021599406,-0.006792442588197375,-0.020705880811592785,0.006798230752012733,0.008404323339316332
2024-11-11,0.0009524761854902485,0.00025262809995186023,-0.004877364715902738,-0.0019136578778386583,-0.02375140115119195,-0.03040415796476914,0.00574228946677681,0.14739159487814155
2024-11-12,-0.0031111784923821034,-0.01873976135775735,-0.015107132663694081,-0.009070296104803128,-0.008668821068980244,-0.0035303290409017998,0.004368972082615823,-0.008442066269106777
2024-11-13,0.0004858595863581571,-0.005937098236138903,-0.009531158299364826,-0.003780944461268239,-0.010132384997697268,0.0005657037894787222,0.005684684115872292,0.02944485048776148
2024-11-14,-0.006450986827649362,0.0020691140533279366,0.005773899691076798,-0.000277025272146527,-0.002612551531378293,0.007886219462695269,0.003993426736794893,-0.03749692231881138
2024-11-15,-0.012891447710536734,-0.003623660157236801,-0.0026608461374143183,0.0004618671668920163,-0.0017736414154014318,-0.02183865727035887,-0.0009968797389463327,0.04280211829142622
2024-11-18,0.004089010297291547,0.005430629652495142,0.0017747139657859543,0.0018456393587204236,0.01884162282592499,0.03272044400043885,-0.004999153311384451,-0.005763697278361139
2024-11-19,0.0036486071781747075,-0.0012904626526804989,0.005084547372051812,0.002118342713279361,0.00891942849470824,0.003324533721894514,-0.00033424983681375523,0.019697543183651734
2024-11-20,0.00033895218010269806,-0.002715134635249549,-0.0032024879965996864,-0.002395031760765831,0.005616245032295766,-0.004018586814210477,0.005000820385010951,0.021381444998432572
2024-11-21,0.005353982844241787,0.0002590107070510373,-0.0007744942521176119,-0.0011995196883937851,0.008304918886222272,0.01625156766698666,0.0033201089572979753,0.04320463738221239
2024-11-22,0.003094694540576657,0.003875376065762304,0.0005532327515315459,0.0009229799023490708,0.012809813332372074,0.014242398406224533,0.005289257107450167,0.004991722095061175
2024-11-25,0.003386099617991265,0.005144087237841532,0.025558516525839497,0.01237692913383725,-0.029901483187305778,-0.029383754555274894,-0.006947899474750899,-0.061397399496605415
2024-11-26,0.005207896793672397,-0.005788923969390702,-0.0038898384383860255,-0.00255463731202226,0.001936433160954421,-0.006819285585412977,0.001327120237930276,-0.012069852534281012
2024-11-27,-0.003034556287908613,0.0054040776603856535,0.006904764180924913,0.00364733867574695,0.0022202481870022992,0.0015349282152113974,-0.008658035402188211,0.04232881330495687
2024-11-29,0.006193055785620225,0.013257012855255575,0.01026856892363671,0.0061702108847940295,0.008587567442534243,-0.0015349282152113462,-0.001673632589317614,0.015499852904074699
2024-12-02,0.0017906540948537677,0.0027819723239334753,0.0023997418746718783,0.0015690508825749589,-0.008792948302693988,-0.00799162597071586,0.006012054782379363,-0.016513538643168194
2024-12-03,0.0004635721159141501,0.005666359847296994,-0.008666365551864362,-0.0035407667728664474,0.0020107532444556663,0.02776413724990977,-0.00033306793256137403,0.0014266034685602644
2024-12-04,0.0061904035822566775,0.0007532285275557778,0.01068830461773247,0.004808782078518239,0.00302908748607766,-0.016009225116614706,-0.0003332475977363069,0.028408310872006196
2024-12-05,-0.0016469558453838266,0.004881404530636165,0.002018117515398645,-0.00027164535092530996,-0.0074252082091734815,-0.005720225392875778,-0.0053457392520816676,-0.022266865312221884
2024-12-06,0.0018938421023573637,-0.00012482085772736872,0.0014842329473371745,0.0022609454978514366,0.0003705001517975754,-0.01735987939826787,0.0026765106153811237,0.03386480176780916
2024-12-09,-0.005163034061252135,-0.0006246383556640562,-0.009259627077933123,-0.002532738306661649,0.009870874002918592,0.013153436669722055,0.0016690940520126764,-0.02521490516164955
2024-12-10,-0.0031139625452146617,-0.009037294891296078,-0.004716159456025325,-0.001540548102014607,0.013078415980993926,0.003226535133112736,0.002332184759472056,-0.007802793553987951
2024-12-11,0.007700936106025978,0.006284562546720118,-0.009499046128603994,-0.0027247958167680095,0.009488652360594872,0.02667193635937889,0.003322246491897484,0.04547294957076326
2024-12-12,-0.005165811223291085,-0.008809569227486018,-0.012221881593445104,-0.005654927037185966,-0.01477229774782158,-0.0016378159227148832,0.003311245707377499,-0.011232138149604486
2024-12-13,-0.00019843589398232535,-0.0027847895947145005,-0.010263379029555757,-0.005595230759794259,-0.01216527622337442,0.013566888492005873,0.00033060408112008555,0.014057223472297039
2024-12-16,0.004260687391055656,-0.003301163071939237,0.002990520144819281,0.0012869723630905992,0.00241229791280552,-0.00689614185761138,-0.0016537732854310927,0.0440621033461418
2024-12-17,-0.004128460962049026,-0.0015869274626379405,0.0024301383404880784,9.202864607250078e-05,-0.003846011153453628,-0.005442107261041295,0.0009925921309710739,0.0010452246330361938
2024-12-18,-0.030256726393078033,-0.024837729117962924,-0.012583118213680328,-0.012475621249213307,-0.01937149963953244,-0.004923431674443056,0.011507619799382529,-0.059179154653770175
2024-12-19,-0.00030704645349531975,-0.0031818207709693987,-0.015257114311115762,-0.005428126510242832,0.0014200879312812307,-0.004534557053921821,0.00195950833105897,-0.025825905125142587
2024-12-20,0.011939436007075267,-0.002792369692467178,0.00567795012487771,0.003933564058677975,0.01037999743966833,0.006725684083832307,-0.004906022873490707,0.002714273553183173
2024-12-23,0.0059703602676112535,0.006503406499395238,-0.0092145367857449,-0.0029017923560062113,-0.004719916680210798,-0.0005473579311959104,0.003659868570982956,-0.031905147003256
2024-12-24,0.011053541106187552,0.0035655524047478113,0.00421959748889743,0.003088791663351015,0.001990032656870636,0.008043175675934577,0.0027275918458476356,0.041273994068279446
2024-12-26,6.683036504476618e-05,0.004734448729307554,-0.0005692660833637059,0.0009340940595750778,0.0067284927019149185,-0.007085521901283685,-0.002045029738865478,-0.029626831734066612
2024-12-27,-0.010582411670752774,-0.0014443123501008473,-0.008232342575859194,-0.004210387599063817,-0.006894214453703814,0.009797346590190263,-0.0017073807276582688,-0.01716880486495554
2024-12-30,-0.011477115381013247,-0.006591028986793569,0.008004748030459016,0.004303900341756282,-0.0031947790408758405,0.013049236525679303,0.0010248186206762678,-0.01629139565341782
2024-12-31,-0.0036446840145885465,0.0,-0.005367559306355625,-0.002524126230771841,0.006214287831739849,0.009709504271429553,0.004428516175419718,0.00844829005287248
2025-01-02,-0.002460278781208096,-0.0034446895906484302,0.002744321741536129,9.374030181527822e-05,0.013496228917030742,0.01810119232514134,0.008461759194257274,0.03634009715049241
2025-01-03,0.012426055631793395,0.004369925589465763,-0.0032024881299020573,-0.0023425750044653412,-0.007895124609843816,0.012786714397346214,-0.0030380020347077416,0.01251903875349227
2025-01-06,0.0057440328939620195,0.009468847089087178,-0.0044777389648930094,-0.002535913074754342,-0.0012328556129918074,-0.007988640762339544,-0.00644397796359267,0.039674969248648585
2025-01-07,-0.01136849654505707,-0.0007856637319641802,-0.01134136182139927,-0.004618855887348737,0.0056176267350635505,0.011191923735452969,0.0037357765220265566,-0.05182428297869528
2025-01-08,0.001459872995543834,-0.0015730780190458945,0.0012791927497342996,0.0016049015700732043,0.005301603121984425,-0.011191923735453007,0.003721872422302991,-0.019578857696565647
2025-01-10,-0.015385018180482364,-0.015336182789892747,-0.006647635090911734,-0.005770796339738366,0.009512918374949771,0.04230080168143669,0.005053065299582094,-0.003605583549876471
2025-01-13,0.0015493461653662429,-0.002801788794346665,-0.00035117242254610706,-0.0028504394216719653,-0.01000110030367562,0.01952544305229759,0.003019654786962314,-0.001954674177796992
2025-01-14,0.0013748770092878884,0.0036008451232902926,-0.001639836630192156,0.0011412125645976678,0.005235693007988435,-0.0068335248564909004,-0.006385504175946486,0.02112109307155958
2025-01-15,0.018026520303546564,0.012698614530266349,0.017088365979433046,0.011903459765837223,0.007461090407550896,0.032169489947602124,-0.0016872159105980585,0.04030666140622702
2025-01-16,-0.0019250258231096,0.00511313356024253,0.0032222986707058777,0.001970535968426634,0.0068871946090514665,-0.01673872064357665,0.0,-0.007466135920999606
2025-01-17,0.009989888126204568,0.004045604280419859,0.0017217378547489145,0.0008430137936915489,-0.005321403332684962,-0.005076836731238852,0.003708071437607333,0.046087453886957834
2025-01-21,0.00911184153609896,0.019986503446803357,0.008906204956617696,0.005789689421735596,0.015366546556984287,-0.017234381915569242,-0.012868449622998162,0.01599426451162666
2025-01-22,0.0056057265506004325,-0.002300658079171882,-0.0052428263227180995,-0.0031708930966669576,0.005122510213068569,-0.008419020896958184,0.0017027292410611823,-0.023768546993042258
2025-01-23,0.005443282562212271,0.008156082098416692,-0.0078009131160872375,-0.001401992452260941,-0.0014158718257654048,-0.015284702792321593,-0.00034032741167678947,0.002958402684215798
2025-01-24,-0.002923649506611698,0.005568934972868204,0.004481526612991809,0.0019623908264715653,0.006199449222329872,0.004911531763045232,-0.006145444871146288,0.00823181116278129
2025-01-27,-0.014246161832451842,0.0,0.011739984937874754,0.0068843288558182785,-0.010459313683880304,-0.021203081909510188,0.0003423574276692225,-0.026407548872376257
2025-01-28,0.008555639615600547,-0.0012630691040779525,-0.0006801605308986306,-0.001391887448318929,0.008619165823801737,0.011863144417672285,0.00409977812447592,-0.007425167615395995
2025-01-29,-0.004493100456406383,-0.000126234897545305,-0.0020430779218760693,-0.0013003379751955952,-0.0038478030414185464,-0.013789823155871057,0.0020436367306777164,0.023126120746530303
2025-01-30,0.0053527269690866785,0.01093589788041982,0.0037424752950890048,0.0022285783857095755,0.015031970539815968,-0.0003857619739515185,0.0,0.009903181107726793
2025-01-31,-0.0053360588431012705,-0.009420434502636346,-0.006587143882097228,-0.003251864005391608,0.0019744486005825435,0.003466609992588189,0.004074719781758108,-0.022500491172309005
2025-02-03,-0.006752394526380682,-0.011805986724277049,0.008109071882650212,0.0015772633269842639,0.005323078655223283,-0.0025666974170840706,0.0043955736548849725,-0.009809208513730521
2025-02-04,0.006686029042375814,0.011553652053760419,0.003057794991454682,0.0019561960763826323,0.00980023748604468,-0.00399147578072021,-0.009150996962172088,-0.03546789334061943
2025-02-05,0.004046199889265624,0.009672769173152995,0.016375535863593232,0.006955735476351393,0.00619034264242983,-0.018490185794352576,-0.0017038896777813596,-0.012920048753753386
2025-02-06,0.003469588042460968,0.004739434811509785,-0.00044514694619434715,-0.0018500674311014008,-0.0026537744373774834,-0.008446657293337625,-0.0006823965384250372,-0.00022926951799646017
2025-02-07,-0.009195734788507786,-0.009501438873290049,-0.00647609532328066,-0.004361366519885994,0.001782570144409176,0.005419399540078161,0.00442707531907021,-0.0006649766736617645
2025-02-10,0.006768338924216317,0.006760294022142653,-0.003028978307934504,0.0002790547576917834,0.01679638680250656,0.020097256003363415,0.003053462620545829,0.009367336465827644
2025-02-11,0.0007602428865703221,0.00472989771662038,-0.00642531528618368,-0.0022338691852795286,-0.003658285589870855,0.011177544617719163,-0.0033933273938373445,-0.01749792436938306
2025-02-12,-0.0032266930567723807,0.0037183702835644453,-0.013662780558480622,-0.005419145869646344,0.001046607072714827,-0.025229321786201495,0.0006796140777617138,0.022088315919347463
2025-02-13,0.010502226223428519,0.012051238612269678,0.01648608263727923,0.007745940947569271,0.009814510830150894,0.0009167664219309704,-0.008185607164627975,-0.012976316589520155
2025-02-14,-4.9153363785846196e-05,0.0014657664278439919,0.005285851220535341,0.0038967552068887214,-0.014983466926549421,-0.007489683500142611,-0.0027434935545177564,0.009118577917229297
2025-02-18,0.002931466010428503,0.007175360153804249,-0.011847851897911871,-0.004082690699968983,0.01642526914447792,0.014923688398120607,0.002058359275292008,-0.020404095780052752
2025-02-19,0.0023521747666686295,-0.010353810516086082,0.001247969332348734,0.0005576277654286873,0.0005539429240083393,0.006346732998629853,0.0010274917068949273,0.01140703518992484
2025-02-20,-0.004169143880379405,0.004642071463069713,0.0037341354444870196,0.00241334913482882,0.000516699154436362,0.003994660164347354,-0.007905116802654075,0.01742191135803241
2025-02-21,-0.01725194578393254,-0.006235093144418492,0.012012381421961104,0.003516580906723269,-0.0009229691054979344,-0.031483282802328205,0.003444691337217844,-0.02271409470424543
2025-02-24,-0.004560657578500698,-0.0006134441395964032,0.0028971995597524463,0.0025832394257861184,0.0054148811569904014,0.00819463676140123,0.0006875573150509593,-0.050210841304636246
2025-02-25,-0.004985875844745547,0.009039864058329941,0.01710015734683672,0.007618522781232596,-0.013276072540975698,-0.02451826996561233,-0.0037872926906186216,-0.029776669354997204
2025-02-26,0.00050483185358909,0.0013367947290482702,0.0058894240580075925,0.002101039587906847,0.0015251697060953886,-0.0037842833022224544,0.002067580111154983,-0.05072808622097089
2025-02-27,-0.01609079855614156,-0.011358778096837375,-0.007093459282255305,-0.004206428854207791,-0.015357280506670757,0.019178490746099074,0.007202881592950025,0.00422598066095089
2025-02-28,0.015485094796137074,0.0020860092132314015,0.012191256415494615,0.004388829827597259,-0.006285532695668532,-0.000797309790991849,0.004433113992052759,-0.003917962993897036
2025-03-03,-0.017675163929164895,0.010971720311309928,0.0046559741738036306,0.003154481859377137,0.01309428477593445,-0.02558375046136884,-0.009572681542441886,0.019863093489824884
2025-03-04,-0.011907507261230079,-0.00024261283795793228,-0.012391439039627066,-0.0032918688380848553,0.008660029400338953,-0.00013642687626459798,-0.008971823567773131,0.013348200634372372
2025-03-05,0.010690461058066167,0.023609576551078364,-0.008016298106904405,-0.0032107953544219577,0.0020791481693780457,-0.02611907540453508,-0.012205922592210164,0.03825541905303624
2025-03-06,-0.01791043523505815,-0.010357906496360918,-0.0033128073391372544,-0.0031291263593182005,-0.005094160642131142,-0.004068766396589868,-0.0007019680698589632,-0.007329931515325766
2025-03-07,0.005589106079687923,0.010357906496360945,-0.003213437791597586,-0.001568168386836008,0.0005218196474086795,0.01340613748548458,-0.00316514221084495,-0.0364383782693103
2025-03-10,-0.026996599292966498,-0.02385205655725024,0.010377793557250903,0.0034100252522205475,-0.008794495623060066,-0.016785916360268622,0.0007042620645926936,-0.0994397561589308
2025-03-11,-0.008347702839898438,-0.0034021585752271747,-0.007164355765653349,-0.006553684330383259,0.01165930639065754,0.007868490406993518,-0.005647753904478351,0.05367293406512474
2025-03-12,0.0052924115487716404,0.0071553443089681125,-0.005991548062081484,-0.0029678984835969147,0.004337373317600702,0.01871813545831001,0.002474800680778668,0.010326959815815329
2025-03-13,-0.013420066276045816,-0.006668790960527114,0.008753085810410035,0.0031529138071027824,0.01760034574283983,-0.0163415942027315,0.003524898348883694,-0.032233767760911476
2025-03-14,0.020445279954321643,0.018203249963189786,-0.005309115765031156,-0.0004631240799763722,0.0003996778676249641,0.009173045915837225,-0.0010562071897766171,0.03517658147592443
2025-03-17,0.007681636497369689,0.011166687381544789,0.004978137157374219,0.0020359353365895267,0.005398932434643415,0.0059314652349788674,-0.0038820531482904883,0.0012685421831619699
2025-03-18,-0.01086706269645906,-0.00011818938359416472,0.0009925187977561328,0.0024006926329486248,0.011604364010877142,-0.006900386286061836,-0.000707500596070712,-0.01627415768219446
2025-03-19,0.010831797436465031,0.0029493419112050327,0.005167992528174794,0.005885197462887434,0.00409929439969153,0.002903951269256553,0.0024739259919361128,0.048787879453061046
2025-03-20,-0.0028958821490931972,-0.008398956372098337,0.0006578723058697084,-0.0014678708350148951,-0.0012814060805390753,0.017927338477980264,0.002819889817017484,-0.0314259156183106
2025-03-21,0.0003298658763302372,-0.006196326279008235,-0.005936135433335067,-0.0013785414972650068,-0.008082476604942154,0.0008134159458269552,0.003162848216111319,-0.0014737866362900664
2025-03-24,0.017750086193809182,-0.00011958807307427267,-0.010306535701144915,-0.004330658165167733,-0.004462490783133984,0.014663562012078598,0.0017528710086017571,0.040294928240385657
2025-03-25,0.0024009971253177113,0.0054840481780231405,-0.000111425334647501,0.0010153637638582907,0.004390711790074645,-0.0008015706483539941,-0.0010513261906564464,-0.0003110343685901033
2025-03-26,-0.0120100659661846,-0.013043933941784696,-0.006594636356722053,-0.0040675065239496955,-0.0008263225124260293,0.007987242710905179,0.004547808531700603,-0.006547157036869115
2025-03-27,-0.0026592845740137966,0.0021657512037284495,-0.002920017797746886,-0.0012047769841322562,0.013316671121389569,0.0007952974227207222,-0.0031462627318118827,0.0031735085032361422
2025-03-28,-0.020343823330424816,-0.008933999355173616,0.013739310805166875,0.006010015466107485,0.007384788228782128,-0.009451074859801283,-0.0017522566882212775,-0.032929565500329085
2025-03-31,0.006690341369994916,-0.008892123511594302,0.009825034897789412,0.0019339424299919731,0.014261049112946074,0.03366531218437057,0.0010517638861598326,-0.021621118796224338
2025-04-01,0.002820377385503122,0.001467103457023015,0.00862838214646977,0.003567756872337529,-0.0019801896396476866,-0.003238134997980117,0.0010505207598798174,0.03124852053156838
2025-04-02,0.006308494357111239,0.0023186251623328476,-0.0006561752101527391,0.0022983263512787932,0.0020495598046479263,0.008526030643493826,-0.004208998205283326,-0.03201445832298525
2025-04-03,-0.050536534960503074,-0.021188290068367862,0.004583251528247322,-9.204066408652341e-05,-0.0060565822044141146,-0.0732375709523678,-0.017730974986422773,0.007453656492041082
2025-04-04,-0.06032656014450251,-0.06826388340866207,0.01082844971465952,-0.001102423894322623,-0.02367020473214484,-0.06180181194844126,0.011030190590988354,0.008876865806506007
2025-04-07,-0.0017827814203064058,-0.024422704031808844,-0.030620069597320113,-0.019681346085994898,-0.021719986685703737,-0.02897879836561835,0.0042372366303008585,-0.056533239733370516
2025-04-08,-0.015786671024523878,-0.003420688647842994,-0.019059122337173415,-0.01273783345289657,0.0054290299021522185,-0.040834673158959285,-0.004591174725825456,-0.03811707626174969
2025-04-09,0.09986289644408139,0.07433301896242359,0.005868602743879479,0.016574545478570357,0.036323492196158734,0.0647950648612448,0.001414931645309373,0.07938900944238107
2025-04-10,-0.044808159689229236,-0.019919516597963073,-0.027955662639263086,-0.017144434443278112,0.02413009288681445,-0.034013844950514446,-0.02107594214142074,-0.0363518545774045
2025-04-11,0.017685508564705313,0.024743176916733715,0.005424003964566437,-0.0001900351829668034,0.01890679950058093,0.017301985720580604,-0.009066216313151267,0.04636385379527456
2025-04-14,0.009654564485726522,0.010706119541157745,0.007110102041297056,0.006158035219284044,-0.005722318290653523,0.003004878665892946,-0.0032841021477640927,0.013546780227140327
2025-04-15,-0.0028047392406681144,0.008979828612805683,0.003536137285837547,0.005368902041721723,0.005218738019025799,-0.002703926774144008,0.005467479194599738,-0.010384627625774925
2025-04-16,-0.022478680983856872,-0.0038563710841517463,0.005564046514878582,0.004218504848869119,0.032022570753676,0.018923258717227904,-0.008395747007613065,0.004351453244225117
2025-04-17,0.0014256749196053591,0.010785410100103546,-0.008871795040346834,-0.0014041919015022244,-0.004400359490663115,0.02521452992819913,0.0007328351023705481,0.010204134780153822
2025-04-21,-0.024090563717786426,-0.005440078853418009,-0.017634148216689165,-0.010831204249456678,0.030466725196562627,-0.012454912231737055,-0.009569441289871947,0.030430808280572652
2025-04-22,0.02568505548438023,0.020492625512823534,0.0055659482880714315,0.0024590092466937035,-0.014297390879940051,0.010870459534162009,0.00553200462577941,0.06548491099549585
2025-04-23,0.015376528663946976,0.004000275652734966,0.009666274817372086,0.00443007106495297,-0.024270798064606143,-0.01921176304714376,0.00915258746515006,0.0027489316822658697
2025-04-24,0.020830549392469144,0.013219817376073544,0.010480878877855308,0.010198787794674584,0.014451351409752674,0.006006845785576822,-0.0043828523527193256,0.0026080137382399186
2025-04-25,0.007199287618880849,0.004288677143859372,0.007339198224283343,0.005292210298917893,-0.010900878955956528,0.008291555302855608,0.002558937764883383,0.008233751969906927
2025-04-28,0.00038134148818529286,0.006635127603121593,0.006280076290253813,0.0023124212959551023,0.014141637459613693,-0.01856909316150082,-0.006225949356321087,0.0027227325309909247
2025-04-29,0.006279582464638656,0.0020054436711458533,0.008349619544613359,0.0023070124828936675,-0.009786658970495412,-0.028592676852973488,0.0033009655128444413,-0.0073333094254447225
2025-04-30,0.000396845329843556,-0.0011790814102255976,-0.008125915105563413,-0.0047118133989017316,-0.007510353244041899,-0.035395041742518826,0.003654948926833695,-0.0008220669855229902
2025-05-01,0.0070619207658889575,-0.0031909398781620776,-0.005083622700206339,-0.0035211577506434294,-0.02099106650379782,0.014990837952927898,0.005820330904067501,0.023965778896188162
2025-05-02,0.014735033338764254,0.0189944880940847,-0.010883162967092175,-0.00242881530800036,0.0017466735903771576,-0.007935846700359867,-0.0014519099093185349,0.004319853436324106
2025-05-05,-0.0057507986563376245,0.0017407233278457076,-0.005601096679134139,-0.0014041203300578294,0.029430400577679455,-0.025954981114731566,-0.0018178747967915832,-0.022562125541381643
2025-05-06,-0.008393557909377652,-0.001276246313538484,0.003318698529642367,0.00196508260287367,0.027638515747736927,0.03513001375557303,-0.006205495124790958,0.021451265529472022
2025-05-07,0.004196729249441555,-0.0033723104053419036,0.004218399031742751,0.0020544465938550716,-0.015106592963135799,-0.017017039781642318,0.007296659535497819,0.002371543824223951
2025-05-08,0.006943627636358309,-0.0035004689214889386,-0.01121180091926222,-0.005050212512929939,-0.019890788928179075,0.0323783253031968,0.008325773806591384,0.062026403533745514
2025-05-09,-0.0012749277843107142,0.004897306295757602,0.0014947377516219044,-0.00037526162664313067,0.007228485693538802,0.01527905289845621,-0.0028880254615933866,-0.002624571996284568
2025-05-12,0.03251317913540862,0.00510510831829385,-0.009348596885816773,-0.0001876836345192821,-0.028595551740996136,0.014753234888594884,0.014001256004382293,-0.00153460539547827
2025-05-13,0.0065820187418403195,0.0012720782407026174,-0.004066760660699601,0.0008441120768613593,0.004249948759953267,0.02901286575593728,-0.008592987845714021,0.013111031807523908
2025-05-14,0.0012772436406420047,-0.004866190542230443,-0.0066584067206192305,-0.005074792027773597,-0.02126227662564288,-0.012434992256835977,0.0021552147049763797,-0.006070027639406428
2025-05-15,0.004872452698348495,0.010858486060170178,0.008751864458135018,0.007134817448781485,0.015837869719407486,-0.016725845044815602,-0.0025148100537764335,0.0019801487371228356
2025-05-16,0.006314102279205575,0.0022951109379157164,0.0026688069473169967,0.0018692239692599105,-0.012160689602209927,0.007517201817990758,0.0028735023866763515,-0.002464381118651062
2025-05-19,0.0010932163119030398,0.009469055308134463,-0.0029011455644256763,9.328758572533068e-05,0.012798420816745652,0.006002560447080114,-0.0068381790844136495,0.020248769296537666
2025-05-20,-0.003367792702729912,0.004757598806639408,-0.00723108364720449,-0.0024304013395621245,0.018450974483986242,0.002187090170311284,-0.002893319238910319,0.011157568710076757
2025-05-21,-0.016994383379737646,-0.0058937258295986925,-0.017237998191052793,-0.011199534291695876,0.007351594562024017,-0.015706852435382185,-0.004355735849347034,0.026675054496876065
2025-05-22,0.0003945692246958432,-0.0005685928621367384,0.0052265110533942635,0.005097862754674222,-0.008900989925318167,-0.006680006469871149,0.0029059309265317633,0.01802796394236439
2025-05-23,-0.006849183214543818,0.001363972411795092,0.0016570712910872409,0.0007528277403961623,0.021669792905121613,0.012580621657433795,-0.007280650173935688,-0.04006256233899459
2025-05-27,0.020577491444211893,0.014434176302824137,0.013859884061762058,0.008992234319985005,-0.017094433359300068,-0.010497606597526384,0.005465486922448821,0.01578379830408661
2025-05-28,-0.005802319856157399,-0.01159857317258565,-0.004325499667038646,-0.0024274514974263,-0.002268589173612519,0.009025741802187372,0.0032649681743020047,-0.010999457493792041
2025-05-29,0.0039397169478358725,0.004407572530164906,0.009212639064801523,0.004476805064995186,0.0059072333619440654,-0.01036427605533909,-0.005447694597815458,-0.020245528009254558
2025-05-30,-0.0011191873844055738,0.001464854685854448,0.0015077174142715656,0.0028805112121732595,-0.006598665713002106,-0.0005955175752302584,-0.0003641076672388334,-0.015676574887611795
2025-06-02,0.005617096261868067,0.010640165529451158,-0.009350216204928787,-0.00283506224656376,0.026233913208447007,0.03511701655538296,-0.006945814862689013,0.017943687329571502
2025-06-03,0.005686392165638516,-0.007604566455501891,-0.001763022237514536,0.0004669946949932645,-0.008894994642019345,0.0048766065079382265,0.006581430805339535,-0.004250198055930138
2025-06-04,-0.00026847990197680674,0.0044802903862101295,0.016103139691159587,0.007254957144150054,0.0064213132412345815,-0.007900681312937231,-0.0043828523527193256,-0.006666084188030525
2025-06-05,-0.004844484645630591,-0.000670866868340312,0.0006941125350556039,-0.0030629723995383535,-0.005062672644074125,0.00847285863672443,-0.0007322984483381489,-0.030597731847037197
2025-06-06,0.010216612089215106,0.0035722094364863187,-0.012805719919467934,-0.006060901628793205,-0.01350688232494814,0.020522933503906375,0.005115150801057522,0.02733035306445883
2025-06-09,0.0009009799228951651,-0.00011130925853552016,0.0010540847453976482,0.0029883703102405817,0.004707437493749117,0.009342685217941543,-0.0025542687743472015,0.05501327016022896
2025-06-10,0.005653652033262058,0.0013363892001245694,0.005136598188551247,0.002421635656000235,0.00029346792267399537,-0.006265312146199662,0.001095403334315986,-0.00033431842692466013
2025-06-11,-0.0028560914136342855,-0.0016708318108602468,0.0030226846137079116,0.003157721681383821,0.005397696978330561,0.04399017218575875,-0.00365628536102634,-0.01434738860972619
2025-06-12,0.003966451974369382,0.0076628861952608845,0.011886526726035133,0.005548327423972486,0.01234370232269246,0.0030693739012649943,-0.007352922048943171,-0.02569916684533185
2025-06-13,-0.011243133322926546,-0.012916316273888976,-0.009682973594663061,-0.006011982245363268,0.01301549409169947,0.0666182768163835,0.0025796844351863883,0.0015273471943905203
2025-06-16,0.009469221553216311,0.003743920509465061,-0.010128962646413553,-0.00176432444165799,-0.014361734303802328,-0.02052845727841742,0.0011035347568931948,0.0066306466770740015
2025-06-17,-0.008581853965084374,-0.012342985112178332,0.012096020226203331,0.003432682873485159,0.0005130624809404316,0.046126726483488534,0.006595828653982815,-0.020773336361813687
2025-06-18,-0.0001506471164413424,0.0017234558462792125,0.001732588017682138,0.0007407881881565876,-0.00540018233840262,-0.0003646643869425607,0.0018245081224472156,0.0026943395038619066
2025-06-20,-0.002351298196901591,-0.008994564306897131,-0.0018479740677469331,0.0008325199006080284,-0.0004191069541604869,0.010278899457569695,-0.0010943485585399911,-0.01511825151021015
2025-06-23,0.009829017063755472,0.007501092123860262,0.003232014589428472,0.0024937759433191296,0.003058490504208936,-0.08417175424797758,-0.004022599641887276,0.021717550170563333
2025-06-24,0.01098663429244116,0.012113001448936024,0.0072343375123697885,0.004693216319515491,-0.015844238391270016,-0.045654184438178695,-0.005143338735818687,0.004421629398587352
2025-06-25,0.0005602076849731048,-0.0054670008915695375,0.0012577673415063403,-0.0011941898600172744,0.0030327025232496515,0.004237550784603804,-0.002581587309362372,0.012329889288552448
2025-06-26,0.0077934334109692775,0.011130207211377427,0.005015309020787263,0.0036699837572330297,-0.0011076604529502278,0.003812105241829204,-0.00407037703390691,-0.00374445620028651
2025-06-27,0.004956029834652175,0.00899485792320361,-0.006387546928549293,-0.0016497750761268746,-0.018289975504647085,-0.004221393467016103,0.0018522918761027592,0.00120000602760066
2025-06-30,0.004769811928816336,0.0005595067064898075,0.009792833752667122,0.005488867771400186,0.011913301279755133,-0.002322539054183008,-0.005194867825777523,0.0004379182730987609
2025-07-01,-0.0003237317036786633,-0.0016794601394026218,0.0024764781971093283,0.0012080119409496038,0.008883435847179964,0.011153539043285345,-0.00037203900886347485,-0.013504224993731051
2025-07-02,0.004523032166475909,0.0029092393583862817,-0.006373921702179507,-0.0001829602959162912,0.00551237530942954,0.02220524716016511,-0.0007446404410197503,0.02946777720135706
2025-07-03,0.00785049006139128,0.00022345749230753646,-0.006989385858907209,-0.0023810992154052165,-0.006846293882020621,-0.005305674997314196,0.004829988355280267,0.007218611789243165
2025-07-07,-0.007479822911334436,-0.0108946987949299,-0.009589419289283982,-0.005977927200667376,0.0007485003525817282,0.017011036776343653,0.0033302804212629123,-0.012371237699285711
2025-07-08,-0.0005479654391165573,0.007313634299639457,-0.0012778171199482112,-0.002863645206054641,-0.010498326962963742,0.006256481825200696,0.0007385909347044492,0.005987787747688724
2025-07-09,0.005978718557821743,0.007483206762963829,0.010407082379713498,0.005719040492774471,0.004461316177625558,-0.00038987302353421207,0.0,0.021576245274881944
2025-07-10,0.0028163406054207227,-0.0006679100849689369,0.000689878648598215,0.00018396992504269682,0.002223316131965108,-0.020221289310083004,0.0018439488648597305,0.04101205071842649
2025-07-11,-0.003521617492822476,-0.00962194001869001,-0.013890480428212906,-0.006087923036504834,0.00955577301886398,0.024889960836444253,0.0029433510402999473,0.013103070357299034
2025-07-14,0.0019062990833984936,0.0,-0.002100434539791628,-0.000277469714055125,-0.0036620144241214002,-0.021843758180505057,0.002568398862238584,0.019655546332406876
2025-07-15,-0.004282323121872532,-0.01051031418523789,-0.007033173298825296,-0.003615969452336557,-0.004164364075514542,-0.004772021233664084,0.005481465081918473,-0.017443885857792257
2025-07-16,0.003337615079474222,0.004081628973563269,0.0014105974689309585,0.001577635711543575,0.004975696789391886,-0.0009305376902021107,-0.0036510176263571284,0.008129063950949825
2025-07-17,0.006100942713355944,0.002599017295321613,-0.00023502345250676129,0.002408373974428743,-0.0021758989541098375,0.012818162707766553,0.004379509350945414,0.0046325315439855776
2025-07-18,-0.0007325832395875651,-0.0028252695550737682,0.0015265267136436683,0.0018485889366741642,0.0025975477973482998,-0.003024571323212936,-0.0014576584085808394,-0.010844225617985717
2025-07-21,0.0018943796948635745,0.005305015484645916,0.008876389626334625,0.0038708324356696486,0.015253192127432761,-0.004487916387239391,-0.006586174948043501,-0.0047883278598608164
2025-07-22,0.00014311092236799798,0.005500978646741355,0.006028218566014983,0.002388901806160976,0.0094401831613078,-0.003180046035120918,-0.005152731217964563,0.021529885923986695
2025-07-23,0.008471555947003452,0.024550609051549998,-0.00556327371462032,-0.0015612638689236173,-0.012478717461642091,-0.0009294257603344809,-0.001477182070865623,-0.010391307548023082
2025-07-24,0.0003309977370316064,-0.007456119681407662,-0.00174493547596576,-0.0014716762949055662,-0.006137070328856787,0.010702322998154714,0.0025834929928783713,-0.0032638027078905844
2025-07-25,0.004215355509912938,-0.0012114461486517037,0.006267495955481384,0.0032164153589918656,-0.009293039490678532,-0.01643071157996157,0.0022091744628379996,-0.0062043007703418435
2025-07-28,-0.0002511317003774528,-0.01621895539275002,-0.006500347363044399,-0.002020590829156825,-0.006494663067578282,0.030524666262152434,0.01133675937636371,0.0024502755485273984
2025-07-29,-0.0026410366877477926,-0.00201793322827067,0.016745104574538455,0.006597577141965148,0.002746613677307996,0.033512785956375475,0.0025422094883746403,-1.9742703547879838e-05
2025-07-30,-0.0012601246347007209,-0.007208043104172748,-0.005166807058973175,-0.003751546384624748,-0.017424424698434752,0.015419328539314181,0.009745619604896689,-0.0007716619716275345
2025-07-31,-0.0037582800219577626,-0.010796241249641481,0.000575328797136056,0.00027506790640020407,0.006623418228251275,-0.018054460432078416,0.0021528239541643776,-0.01774942596736902
2025-08-01,-0.01652617763451541,-0.0026313399331947397,0.014116310646125821,0.008832054478687531,0.020096397826572604,-0.02712674853832757,-0.011898443559061063,-0.0212871264623786
2025-08-04,0.015085355384855111,0.013201471303975353,0.002729224017284647,0.0017314699339065474,0.005806339793967675,-0.0175819919686148,-0.00036279778886628153,0.01534056770113369
2025-08-05,-0.005082764440420212,-0.00011303019969062799,0.003061488618158012,0.0007284349596414639,0.0008037680984962059,-0.01442497039207653,0.0,-0.008118573366820805
2025-08-06,0.0076303958197283745,0.006536643862370275,-0.005790712635442636,-0.00027305605066892536,-0.0021233597342562006,-0.01653146642908234,-0.005822449050753256,0.007737149330479471
2025-08-07,-0.0008379750805715818,0.008946660650193325,-0.0017093191603613602,-0.0010017480596283942,0.008402586680171171,-0.005026880348241714,-0.0007301595639071949,0.021236359971131914
2025-08-08,0.007767426102698934,0.006104724570783517,-0.004343854895208969,-0.003193849931467971,-0.00022360485625666846,-0.001635702602825586,0.0018245081224472156,-0.006902004196733544
2025-08-11,-0.001979497560583303,-0.004213896344607677,0.0011448601311707556,0.0015525890772898766,-0.014479017992943764,0.006798122431749119,0.004002181431559615,0.017354247943951146
2025-08-12,0.010589843604162286,0.012149467154048051,-0.005047526311711271,0.0009121840890912632,-0.0009078785028290671,-0.01158453982291868,-0.005096529990099504,0.012067410412961721
2025-08-13,0.003417206050253846,0.006019867008493566,0.0082465210757495,0.0052740354740176245,0.003044643380447489,-0.006739560303242423,-0.002558002601750249,0.02604611531030144
2025-08-14,9.305657202052432e-05,0.00010916824235467482,-0.007441875576122852,-0.003452303353498707,-0.006358881635978504,0.017510691004236238,0.003652351160290185,-0.04125044324166835
2025-08-15,-0.002344034961438168,0.005874676707211108,-0.007150025046747525,-0.001274964588483708,0.0005856467855486066,-0.012829366713843491,-0.0032865007448659865,-0.008154397097906272
2025-08-18,-0.00021765512234882508,-0.0010853962510700974,-0.002897985610968093,-0.001824058366694771,-0.0015624875893944005,0.0050694787488843335,0.0025570681218781547,-0.009809929347405015
2025-08-19,-0.005439899526511449,0.00010863482389366091,0.0057870510747385865,0.0015507479273714133,-0.005488312721199512,-0.011961304496904196,0.0025505461979573717,-0.029870220205219213
2025-08-20,-0.002660619942930772,0.003576663791334513,0.0021904188676014967,0.00045561967237476,0.010071289165624142,0.01673326101291937,-0.0007281049688901151,0.012712851606869349
2025-08-21,-0.004019891234610142,-0.006294812608232862,-0.004964024164750214,-0.0038339035524877904,-0.00347592916281607,0.008262839230454512,0.005085422509082513,-0.016372327846506683
2025-08-22,0.01524006767331853,0.01491282386875205,0.00737943487000548,0.007834602453114828,0.010649518982753443,0.006856276744072858,-0.009830782275452287,0.03886392642477823
2025-08-25,-0.004410775275590772,-0.013281048139554963,-0.002876133839789198,-0.002635012312796542,-0.002417757282480456,0.014761896027661951,0.008017522193630677,-0.05948697067887765
2025-08-26,0.004178295104639576,-0.0010874700550729758,-0.000576111667626817,0.0007275516751460208,0.0072358055476428994,-0.02269786246354712,-0.002544057458370855,0.01512512333952803
2025-08-27,0.002275921406955702,-0.0023968083493907263,-0.0011535840654407915,0.00036361328729436797,0.0020166939883499383,0.008471740834036519,0.00036385377957833946,-0.00520655346926939
2025-08-28,0.0035351068723046006,0.0037016643415470445,0.006556824713791679,0.0015438473503561517,0.007391652350960381,0.007470653280643627,-0.003644365060892718,0.011822640333317674
2025-08-29,-0.00598153537129435,-0.005885561897688024,-0.007133934029476195,-0.0036362519699584947,0.009603638858147003,-0.005330523567238095,-0.0007303541865112654,-0.03742335971466304
2025-09-02,-0.007437888193564877,-0.009886907872423118,-0.007469486129503927,-0.003350780365885491,0.02336740250914344,0.02533124649612105,0.006554922926196418,0.025407604492033505
2025-09-03,0.005405022362943885,0.0015443601651592917,0.010917718385695396,0.005942847884730416,0.007801481349128729,-0.02546480040770088,-0.0018164822406355056,0.004688830576405435
2025-09-04,0.008322535450544438,0.007248807793101698,0.007595044058097677,0.00681359781958923,-0.0044286747373555105,-0.008724322386358835,0.0014534926388547302,-0.00898746169776838
2025-09-05,-0.002900350441516548,0.00447671741907954,0.015131779429621836,0.006497577062044881,0.013257668006979742,-0.021116554373440618,-0.005096529990099504,-0.0006560571512495267
2025-09-08,0.0024535295419670193,0.009972978006535526,0.013236407782039513,0.0035020281771701153,0.011323711365555902,0.005629227019320993,-0.0032900329912815356,0.012755470324236696
2025-09-09,0.0023092523208794106,-0.0033493505396208034,-0.005699304319731647,-0.0017943472381349698,-0.002272485609217019,0.0047804294191068405,0.004019731747320086,-0.004837916692699648
2025-09-10,0.0028866837953472123,-0.0002164918268919297,0.005699304319731737,0.0029590402707886476,0.0035857690781288176,0.017826261492872753,0.0007291666839925991,0.02150827089182057
2025-09-11,0.008275924601042638,0.010552532709090227,0.00666361815515271,0.004644833845390001,-0.0014924929949519461,-0.023154498584903628,-0.0032853010085109333,0.013529013824572132
2025-09-12,-0.0003347625365709058,-0.003971069155783973,-0.0043262800401662116,-0.001783873682777345,0.0019696315993883206,0.004237550784603804,0.001461386420675049,0.005129680319349263
2025-09-15,0.00530983028777682,0.006645230336328499,0.0023320619829306105,0.0031197811884347447,0.010351078276418409,0.012471434419867889,-0.0032912362132215003,-0.005672338115693464
2025-09-16,-0.001377834697222049,-0.0027813297690679043,0.0021050943281706105,-0.0008903132995412564,0.00200440059968761,0.019213330155672573,-0.006246611126930454,0.012039614740681204
2025-09-17,-0.0012431144932423498,-0.00375640063429237,-0.002548997906495538,-0.0017832185878534446,-0.007745087571334619,-0.009293706711009968,0.00331189798383095,-0.003211840787451935
2025-09-18,0.004661656098012296,0.0038635692228158386,-0.010373067841345236,-0.002054510152451189,-0.004014356216469492,-0.0037418027413600504,0.004764562935645964,0.005725006775122414
2025-09-19,0.004940556697161345,-0.00386356922281575,-0.0019079533844027147,-0.000805242127984366,0.010551365296973236,-0.01578881466887597,0.0029207841270199354,-0.012441583362179643
2025-09-22,0.004719943972387415,0.0032207183652916208,-0.003601149078876565,-0.0022398549394867136,0.017158380367683163,-0.0009525713161827185,-0.0036523511602902774,-0.02574459685359166
2025-09-23,-0.005458436585496771,-0.001931202672246491,0.006965543983176109,0.0019713905803881698,0.004078048498240162,0.0215497376713591,-0.0007320303895312153,-0.006531416615244119
2025-09-24,-0.003186705609680798,-0.005815834918929799,-0.0038138961967249282,-0.004036344875981364,-0.009104369003754706,0.01769719082086203,0.007296659535497819,0.011663525697123141
2025-09-25,-0.004624172513464782,-0.007154513563544475,0.0,-0.001799260461139058,0.004156538489887818,0.0078237259797737,0.0068828392663155555,-0.038491879643615556
2025-09-26,0.005712795234045289,0.007694444632070725,-0.0008993440677385409,0.001349731081136284,0.005755674720215595,0.000389569258440999,-0.0036166861368298994,0.00606632543055882
2025-09-29,0.0028064247447203627,0.00387888822439028,0.008177770309085635,0.0033216011843270198,0.01636192499893196,-0.03205868393099122,-0.0021762496836024354,0.04183812651811283
2025-09-30,0.0037597898827210047,0.004078143068375887,-0.0029049989527686125,-0.0009864635773381965,0.008503744538253297,-0.01132540565062215,-0.0010899034458832645,-0.0030141158842399056
2025-10-01,0.003401684988263315,0.008212927046246779,0.0025793057307216547,0.004007681716740111,0.0015741326049985922,-0.008305590843670375,-0.000363589192971374,0.03947865276779501
2025-10-02,0.001151140720406421,0.0015921135592969985,0.0029076684280761695,0.001612964315055263,-0.003488904306035992,-0.022118657747968482,0.0014534926388547302,0.016983874858595087
2025-10-03,-1.4767471260179647e-05,0.008343506428148923,-0.0019003354255017224,-0.0012542638855904714,0.008000845595952238,0.0023734484991124356,-0.0018172140770116244,0.013050507216426515
2025-10-06,0.003579813724412676,0.0023111990291391233,-0.007975164721678108,-0.003232381663411779,0.018670357712142448,0.016046874246320435,0.00471787674453998,0.02012868084515184
2025-10-07,-0.0037143820348426687,-0.00874752557500527,0.0057350234606336516,0.0018868196394969219,0.005146197838027116,0.004518309902861006,0.0057762051808311595,-0.02681798376519831
2025-10-08,0.005945343779221919,0.002959522446432206,0.0007847300473377918,-0.001257531049706058,0.016356457714615965,0.004498090330116458,0.0021574686060575527,0.015551259305387295
2025-10-09,-0.002901212830195306,-0.00826621477147395,-0.0007847300473378403,-0.0019793510563381384,-0.018625225753276277,-0.013968956762015946,0.006801530847934523,-0.01346040236705057
2025-10-10,-0.027399797306962,-0.018581807107662877,0.016018291210450807,0.002787794637535431,0.010047058859954893,-0.04398175672918617,-0.005007212763954018,-0.07232182184699049
2025-10-13,0.01522754489520044,0.00799062438605599,-0.0005519708510796212,0.003406965695063405,0.024010471634505016,0.01274448983425793,0.0035791471674266884,0.018003479276781486
2025-10-14,-0.0012224016319925188,0.004506890690185178,0.0031968017807061477,0.0033060951894882742,0.007115811676483972,-0.01838074135249745,-0.002862263907458718,-0.01884916344559421
2025-10-15,0.004429697562726796,0.004806448104109382,-0.00220361168202748,0.0,0.01718391083164241,-0.00014496900359199123,-0.0028704799843402642,-0.020862578290898413
2025-10-16,-0.006833556809050219,0.005207415756379372,0.007472551636000862,0.0028504565467926124,0.02311798516943165,-0.017251894901548808,-0.003960394465966664,-0.02372248478317967
2025-10-17,0.005660343785832389,0.0018004812699571112,-0.0015338655816221093,-0.0019588375693516645,-0.018996349267191237,0.0025039529570443633,0.0010816511007261892,-0.016009839805348834
2025-10-20,0.010346762560389149,0.008219177932843578,0.0038303043212169433,0.003025711002860214,0.03575507474940295,-0.002208991696413532,0.0025193355973133634,0.03797750155231332
2025-10-21,-1.4904592548673624e-05,-0.007373157946938505,0.004903448058195773,0.0001777596264406375,-0.066427122202817,0.006465780306007316,0.003946257458762993,-0.019282830173496076
2025-10-22,-0.005212468267243702,-0.0014811283787338984,0.00065191781883219,0.0009766963657544502,0.00010605032482095541,0.03398456227516934,-0.001074747096279893,-0.007293562270818725
2025-10-23,0.00591237858353294,0.00464771228614448,-0.006866982997270589,-0.0012432780433998091,0.0039943702532297155,0.036969241895677935,0.0003583773897843951,0.021870444424777702
2025-10-24,0.008139356488562998,0.0015795396543826616,0.0004374824777140415,0.001686966324319924,-0.003358466049881991,-0.0015020226683357966,0.0,0.008721714285261932
2025-10-27,0.011728661579555206,0.006920454117711593,0.0033833756376153244,0.0016843333967443113,-0.02823439606845571,-0.000820199052709835,-0.001075517702706106,0.027408881782039665
2025-10-28,0.0026524780243792965,-0.0004180141337303904,0.002611446784420891,8.845375045335013e-05,-0.007191829710492189,-0.023944169743727952,-0.0007175133721571166,-0.010244824086811922
2025-10-29,0.00048027169098161166,-0.0056609725524648866,-0.010157880149752335,-0.005683919188048711,-0.003794458273018786,0.005726723592937828,0.00572651772633051,-0.02601680546576632
2025-10-30,-0.011059070654489161,-0.004425296410156446,-0.005835384262528617,-0.005358057904767917,0.019451474207493994,-0.001254323430365435,0.003918074936212799,-0.01602663895461955
2025-10-31,0.003274731939679319,-0.002219972551756529,-0.0029859194187023762,-0.004037485699213856,-0.005445349765875755,0.011783577032754325,0.0028399104165404017,0.01148096119628519
2025-11-03,0.001875018306885159,0.0004231890045853435,-0.002504106662565156,-0.0026925033337674735,0.0017912982604373527,0.0024776380306559083,0.0007086842845435704,-0.02784621649519701
2025-11-04,-0.011924353295924664,-0.010314302071392853,0.0022262398694578435,0.0013560435026690966,-0.01767243750416923,-0.011197982068870791,0.00318305291019242,-0.04764085753760775
2025-11-05,0.003459398571762206,0.006392561654263337,-0.010956049920955478,-0.002985854046490708,0.01149801326624798,-0.012591122297963877,0.00035306340668207417,0.022400061321748738
2025-11-06,-0.010787307565268271,-0.0022328007872861105,0.008952674579558196,0.0052422234579418536,-0.0012012407765740096,-0.0021140382769000558,-0.005308804604661938,-0.025251182491850755
2025-11-07,0.0009840232716329205,0.003718569780229163,-0.002118959785830623,-0.001985254331099608,0.006100376279774767,0.005346922608585846,-0.0007100121672539217,0.02023892596873405
2025-11-10,0.015483847432383142,0.01044361833514293,-0.00022333732251109275,0.0005417983601659919,0.026974026330607748,0.00587658276848558,0.0007100121672537784,0.02506889682194238
2025-11-11,0.0022866236688574054,0.0073191112231484265,0.004567954717130339,0.003964360801758255,0.0039300815092205245,0.014404693731420119,-0.001420458714418856,-0.028702546476841843
2025-11-12,0.0005563336963194146,0.005920611048544672,0.0017770010206351189,-0.0009896002210022948,0.015982361021277473,-0.041125720508192694,0.00035525133003288807,-0.013039146642676998
2025-11-13,-0.016733243059015003,-0.010724294244618205,-0.008245252288584618,-0.004962744253723093,-0.00811594387120292,0.0008593177105123932,-0.0028459019795678943,-0.019524742976585432
2025-11-14,-0.00016378217190490574,-0.0028302916982732734,-0.005722214057024756,-0.002717477604702773,-0.018212761198262515,0.021667615725810285,0.0014239984693906855,-0.054622871136591485
2025-11-17,-0.009360102835536118,-0.013102503444468816,0.002472374895018017,0.0006347648877823877,-0.011530197275275704,-0.0011213093617982158,0.0024871108945629878,-0.02470921467951883
2025-11-18,-0.008433010863377237,-0.01306081855294616,-0.0003367424929597285,0.0004531266202836384,0.0072386702324458525,0.016690191638727318,0.0010640040032437355,0.009241173563305538
2025-11-19,0.003855757148191913,-0.003021888592752745,-0.002023103058289366,9.051583566590859e-05,0.0016281258445646413,-0.022598294313550794,0.006360428353843168,-0.016082377699808928
2025-11-20,-0.015359602533844793,-0.013931427064662705,0.003930133481013056,0.0013580969907513484,-0.00029336859393561273,-0.010352439246949167,0.0007042620645926936,-0.05429914313161118
2025-11-21,0.009911937023691694,0.015335618433010938,0.0030212861561875986,0.003522205156163725,-0.0015485295000223418,-0.01219087806736321,-0.0007042620645925859,-0.017950490472289502
2025-11-24,0.014611241086193577,0.00086308075220829,0.00568222261631196,0.003959080354275327,0.015720029429592993,0.016032337492227555,0.0,0.036689071996159194
2025-11-25,0.009362030553383407,0.01189911815877958,0.0025520195399447386,0.002779757149772658,-0.0003157406112365523,-0.016754142657545643,-0.002821879263585743,-0.01057647695675446
2025-11-26,0.006879763512976049,0.01091638152382428,0.0044226877374470815,0.0033972219467141985,0.007966521739529534,0.011343375421695782,-0.0028298648057137527,0.03572258791333639
2025-11-28,0.0054435632273936016,0.0033673983175120875,-0.004755224576358527,-0.001697133446077098,0.012347782735317652,0.014598782055643309,-0.0007086842845436878,0.0044191393340756715
2025-12-01,-0.004575959173217758,-0.004949770544578991,-0.012526904766490727,-0.005371297015381403,0.004809481913078849,-0.00014074630887585078,-0.0003544955956132391,-0.05189240925415531
2025-12-02,0.0018505862825212542,0.003372640300127334,0.0004505209695392114,0.000631243442513396,-0.006460877304549151,-0.012176288676479992,-0.00035469127854406414,0.05662099387030378
2025-12-03,0.003456786217426821,0.0053518977003275126,0.0028110359179993032,0.002251373499331815,-0.0009300505859088987,0.006531426198758644,-0.0049787220249320726,0.023558262011831657
2025-12-04,0.0007307890626128348,0.0027172964605458438,-0.005404176035572863,-0.0018006090302891422,0.0006459865002764292,0.010278101206640832,0.0021367940012824095,-0.014931972865932171
2025-12-05,0.0018977350040129193,0.0,-0.004639401186900436,-0.000991795856344455,-0.001783943580710258,0.007396569738930355,-0.001067861387348031,-0.030343059975675362
2025-12-08,-0.003008799415334641,-0.0031360482529664674,-0.0032945339322277296,-0.0020768687366283256,-0.0026429393579943225,-0.020083539223417286,0.0014235619271678122,0.013914122143271333
2025-12-09,-0.0008634278241621205,-0.0013621149072990993,0.0010236889063855723,-0.0012661981414246104,0.005124051608821799,-0.008977577364876277,0.0014213981874893157,0.022381192698197744
2025-12-10,0.006610281415951135,0.011052258767437248,0.0038574090581238356,0.004605111825195129,0.004250103468607047,0.009686689671278045,-0.00534093941705265,-0.007262832846635849
2025-12-11,0.002324244979309141,0.005892985327975018,-0.0013596571207056278,-0.0014424070376805574,0.010712248978541639,-0.0184567927192976,-0.003576516416670444,0.0053149701081481185
2025-12-12,-0.010810189042095767,-0.005271058607352687,-0.00968505610202748,-0.006063088064044057,0.005578987507631519,-0.006374097333458908,0.001432156022714262,-0.024521421452147512
2025-12-15,-0.001512030324677354,0.006095285183287419,0.0006867647260058438,0.0011792822306180063,0.0009099271544499963,-0.013460308410734737,-0.0007157863162187347,-0.043593166975371425
2025-12-16,-0.002736037133594218,-0.004645678849558461,0.005476850532217962,0.0022640140152284326,0.00022742956353926302,-0.025661578971263053,-0.001074747096279893,0.016345736935078115
2025-12-17,-0.01106460773219221,-0.008145140967004567,-0.0009106098617579501,-0.0010860504339324343,0.0085515594385759,0.026986433297171965,0.002148199257561899,-0.019544833040854463
2025-12-18,0.007522963990016468,0.007091082945444023,0.00477205022413054,0.003795992287456425,-0.0018048314286412761,-0.011689130381247912,0.0007150891369920913,-0.007939728497768105
2025-12-19,0.009022618958016409,0.006726947731562285,-0.0037392923491669666,-0.0025754553214230413,0.0011283535131121657,0.012424303145453782,0.0032114476322535135,0.030433154968407768
2025-12-22,0.006210566721978087,0.002510964583052149,-0.0021725863809824446,-0.00018147667620833083,0.022819254559298667,0.02468192296143355,-0.004171787628023777,0.004378798230188436
2025-12-23,0.004560042005282501,0.006146214190101948,0.001601343199388317,0.0009984171699889525,0.013165297757330809,0.008141152852311049,-0.0033351948852626064,-0.012234274952953525
2025-12-24,0.0035114479496600164,0.001245487900820796,0.006038708581634767,0.003893640417569499,-0.00414265150874824,-0.0014235746676825158,0.000371134858264744,0.002262076104062497
2025-12-26,-0.0001014201750952399,0.0016581621576409772,-0.0032996771718579974,-9.037780554065379e-05,0.011609088487159046,-0.02480648670530307,0.0007417860275873642,-0.003550689574303635
2025-12-29,-0.0035699930558561223,-0.0030075305824824815,0.0037539821146669134,0.0013549500049951809,-0.04450407961760148,0.01636646309460631,0.00037072212079684413,-0.0018721567577940656
2025-12-30,-0.0012218468855631148,0.001660478392063551,-0.0023871865105756155,-0.0011741325647688955,0.0007273032894686568,0.0018657666674187457,0.002591143274872892,0.01471809780879094
2025-12-31,-0.0074365500962735335,-0.004260448690060525,-0.00799908313142203,-0.004256295970568495,-0.006488999253824397,-0.008351296849801203,-0.0007395913962590442,-0.010473099349299821
2026-01-02,0.0018313617663269853,0.010462644132134217,-0.0014927253539366674,-0.00027229003999732046,0.004958545328225588,-0.002896100687122788,0.002955300333018703,0.027455303790744772
2026-01-05,0.006638033243240065,0.01137366219853713,0.00492871644649203,0.0028102350641363147,0.025972938179914393,0.018106575045037765,-0.001476593671833286,0.042849597956119596
2026-01-06,0.005929568682081867,0.0015271219296021184,-0.0020601953508800207,0.0,0.010755105002161711,-0.02465343692816531,0.0033192047197536626,-0.00163660971149983
2026-01-07,-0.0032285629973805552,-0.003771117349501878,0.005826261101849985,0.0007238355453627192,-0.009605943617543307,-0.01056504624788218,0.001471704278811412,-0.026168967250151644
2026-01-08,-0.00010153783677743937,0.00010213035277397064,-0.005024579443042725,-0.00280812853110172,0.005507322733438559,0.03976523283852627,0.002570212292647754,-0.003081466892755565
2026-01-09,0.006591570183952557,0.00884371829704084,0.006618085335142604,0.0036218264919422034,0.007215903791294916,0.00339651988413027,0.0021977835045506222,-0.005662930149506993
2026-01-12,0.0015692219387488094,0.006053959563711283,-0.002961392048167553,-0.0011756553786278856,0.018549616736782293,0.012216717899591069,-0.0018311390028434103,0.007483445204275835
2026-01-13,-0.002001476724789629,-0.0057504049929689854,0.0017095214477582934,0.0021694322151358035,-0.0014220515093612454,0.025220130461454125,0.0025626846701440366,0.044280285031478225
2026-01-14,-0.004927356850498766,0.004643257714308859,0.005790627109155193,0.0025249887490627746,0.0101703332395237,-0.011910644233877186,-0.0007315456673006098,0.016723797821879046
2026-01-15,0.0027195131661778946,-0.0004029101029747521,-0.00022663336670568246,-0.0012616974287202223,-0.0061465119926862365,-0.02059351166617384,0.003652318926738352,-0.014320038274756287
2026-01-16,-0.0008382252035026964,0.0027164023124381783,-0.005791767032029467,-0.002889871553646713,-0.0048305320875177415,0.0072840254385967826,0.0,-0.00027287855188963723
2026-01-20,-0.020566840670864645,-0.01528758875933113,-0.013184505649541895,-0.006077993565426533,0.037137944625647984,0.002926614608526129,-0.008052796926701699,-0.07852560653253432
2026-01-21,0.0114749889632404,0.010251316972646283,0.007588013760469292,0.005987410254026219,0.014463871678662811,0.020386322530870037,0.002202694495412604,0.011999327760148783
2026-01-22,0.005209636268787033,0.003930460042546666,0.004342943037130533,0.001897661544138943,0.01829421977969421,-0.020943128161101724,-0.004410181314349561,0.0009560777691027553
2026-01-23,0.00036271445090017455,0.005516870940624916,0.0027331927419312328,0.0006318010306818416,0.013651695099226603,0.02922616334019257,-0.008879073260983942,0.00046290133092210693
2026-01-26,0.005065296757285074,0.004989034434365786,0.00476498795359387,0.0008117095620924494,0.014522878245374984,-0.006375841857032786,-0.004842593165248369,-0.013914015434039377
2026-01-27,0.003976348566725876,0.01599555368539211,-0.006244631843583035,-0.0010824025976701073,0.024235866660731666,0.029236361575146804,-0.011643375604769933,0.00942027656458104
2026-01-28,-0.00010067497120472829,-0.010635198319746166,-0.002280502497374257,-0.0014450050255055,0.03804054442699281,0.012608507512237301,0.006026378012763634,0.0009198645005418251
2026-01-29,-0.0019863539443873905,0.006709450821572277,0.00022838163341760525,0.0002710844180681904,0.002705807739847273,0.032360253125671375,-0.001503157317782725,-0.053227949504083015
2026-01-30,-0.0029870370168700792,-0.00938607469924826,-0.005608109525270857,-0.0009942656204053296,-0.10841233744964726,0.004790091888381611,0.00973062416883963,-0.005132847429550004
2026-02-02,0.004959045712933714,0.0065301870930788075,-0.002861256471976936,-0.0009263964767303108,-0.04087351576386017,-0.0541300339886438,0.005200583387355164,-0.06684685326137589
2026-02-03,-0.008491346084250548,0.000492929985227219,0.0024233875408566467,0.00045426438308850576,0.061647351472448514,0.028012294256204266,-0.002596910939041333,-0.03960046937497693
2026-02-04,-0.004855691490926631,0.003247572976715045,-0.0025388996083864097,-0.001272320300901649,-0.0007046601942605336,0.0052783648362329325,0.003337668667864741,-0.035170615941758965
2026-02-05,-0.012567856956365418,-0.014348837979298328,0.010803402872441756,0.004807889545089003,-0.02699275619765067,-0.015397791625643599,0.0029574854511409633,-0.1523344080304475
2026-02-06,0.019003005567205973,0.022470628634541672,0.0006856060380465078,0.0005427829930648112,0.030269515441489408,0.0039041619315936084,-0.00295748545114096,0.118003181433477
2026-02-09,0.004810244305276485,0.013359320307104653,-0.00022860063727021983,0.0,0.025085614324893347,0.013289645508830288,-0.008178458547754232,-0.006178882349973047
2026-02-10,-0.00264064386524897,0.002401192193716027,0.011474281523162438,0.002348916495787371,-0.009963188662021111,0.00012819143271483905,0.0003731413181842306,-0.01910323758989731
2026-02-11,-0.000231085512616827,0.006692869200143307,-0.0053231362964392325,-0.0010833814891336197,0.011247091222494243,0.010961116885609691,0.001118802545006294,-0.026543221212374526
2026-02-12,-0.015569451553392327,-0.007556599165585131,0.013198939109199068,0.004686477231183895,-0.03534565209196913,-0.03233362353232691,-0.000372795119058935,-0.01156236827483507
2026-02-13,0.0007042374603937072,0.0008637299654417603,0.005476394740598752,0.003321106084389368,0.02457422891441271,-0.0020969343766929142,0.0,0.03903376935715579
2026-02-17,0.0016121662321053362,-0.00019185112938270858,0.001670570880138974,0.0009852793003314935,-0.031666383600955826,-0.006449484007847541,0.0033500925936422346,-0.020002197823066673
2026-02-18,0.005025111493454597,0.0011507013025772094,-0.0037905669163770484,-0.0009852793003313827,0.022240759759257815,0.04732396001731927,0.006297486158210204,-0.015963632260214883
2026-02-19,-0.0026409180968155325,-0.0027831803270316094,0.001004787031468071,0.0008062537742749891,0.0027891563109147515,0.02229372947392899,0.0014760487906583944,0.007980125994704771
2026-02-20,0.0072058400517004155,0.008135947778917513,-0.002345874183654671,-0.0008062537742749429,0.0195226903950525,-0.004196549794482726,-0.0011068322877470465,0.015528995656632263
2026-02-23,-0.010263807839928392,-0.0041075694141441636,0.0036839930153597013,0.0010748145873808747,0.02665702371732228,0.0006182757755879805,0.0,-0.0511139517062893
2026-02-24,0.007242165031108853,0.0018170754004554097,0.0017813204684769567,-0.0002685608131059045,-0.013955835494471214,-0.0017320230295154115,0.0007380242948323166,-0.00834051043874472
2026-02-25,0.008402945104341215,0.009509390460946442,0.00011128086387740553,-0.0002687020772918437,-0.0025104111690772445,-0.012835851278053813,-0.0011072407977438046,0.05878816281087323
2026-02-26,-0.005569959857260949,-0.0008521892846823137,0.0039959206112229195,0.0006267901615971648,0.008539325114314078,0.0005014832222063176,0.0007382967353085246,-0.007478610812400483
2026-02-27,-0.004813509630285336,-0.0018013983933193565,0.006074393865341216,-0.00035808808430531176,0.01304594710817348,0.02696181611019265,-0.0007382967353085236,-0.023580345399758597
2026-03-02,0.0005684172026597193,-0.019935433049278226,-0.010092878523604597,-0.003393166696823524,0.012837146760680682,0.061980405490140125,0.009189551921673932,0.04299050868799898
2026-03-03,-0.008853414553509194,-0.03156766102550004,-0.0020106718690168085,-0.00045078690818239865,-0.04563796333219482,0.033939719794629813,0.00474536985103164,-0.007035921401254354
2026-03-04,0.007030536114047319,0.012806061309489171,-0.0031358846812929867,0.0009015093090141733,0.007787713327779242,0.01496507518447281,-0.0018224622516008757,0.06267011054362281
2026-03-05,-0.005591148225550186,-0.022141061853945675,-0.004046293674522891,-0.003972957043252183,-0.012090565447196364,0.05057766180350001,0.0025505459482568628,-0.026047184090688055
2026-03-06,-0.013193791611277716,-0.00891420886599432,-0.0037235477487214666,-0.0033530106862931248,0.015708476698148666,0.12166340001976432,-0.00036397558509573,-0.03892676222985379
2026-03-09,0.008721878607696682,0.007198278119138874,0.008666836988066558,0.005973329414339936,-0.0020718179527898957,-0.04167656021259591,-0.0003641081115601828,0.0038947290448369263
2026-03-10,-0.001608419719141641,0.002320805824447026,-0.010703761670047978,-0.006881610169321729,0.011216537509720141,0.014558502165006624,-0.000364171250099696,0.022043063053682945
2026-03-11,-0.0012559513052689201,-0.0021187424655682067,-0.012997482825386321,-0.008210949660845958,-0.003395863568684636,0.020476639001345436,0.0036363121566948048,0.003967140831024369
2026-03-12,-0.015301420789775961,-0.015778848688847023,-0.0019528850861160825,-0.005419617558648369,-0.01984963254664512,0.09139014307127769,0.004707633868584297,0.004102088510358853
2026-03-13,-0.005676188622551868,-0.011973677527290514,-0.0049563964021921095,-0.003691035162626712,-0.013021372569552835,0.01259039636051951,0.0075580379805481,0.006712861238543366
2026-03-16,0.010125430484197413,0.018519000522804373,0.00771218418681398,0.004795765060439357,-0.0008900836759419468,-0.0413816973327551,-0.005753336635352632,0.053401394520661075
2026-03-17,0.002627101016221855,0.002748556428601614,0.0027482142844872993,0.00559661261935289,-0.002522571056499545,0.032585066483067984,-0.0018047013451954618,-0.012617278563279094
2026-03-18,-0.014051912692600945,-0.01722589770030992,-0.005619017318923102,-0.00541265672806055,-0.03214842869758357,0.023534426971059827,0.006122838295984725,-0.03688417423341743
2026-03-19,-0.0024673819700690397,-0.0017598037681257677,0.0060763342861758695,0.004405735512196314,-0.042088486470760696,-0.03606630771460112,-0.009742110471712265,-0.01888416104762736
2026-03-20,-0.01443952585884218,-0.030826704937278245,-0.019155876086217757,-0.012348125173268087,-0.031034054726858728,0.03409182854350607,0.003619272175727622,0.008684431647448684
2026-03-23,0.010445276906504148,0.0237565951165976,0.006503310835503909,0.006561611549206581,-0.022853374485926194,-0.09377962964173464,-0.004344715007145491,0.005546967317594557
2026-03-24,-0.0033624966130463346,-0.005965165673792637,-0.004408392927826595,-0.002028605685458535,0.00022271635118200717,0.03536577702161522,0.003260287404510386,-0.005613991531695598
2026-03-25,0.005557288574735996,0.014484773820751466,0.0096037622110945,0.003593376587815541,0.029645532839315883,-0.01009091635780606,0.0018067265642628442,0.011168924480813245
2026-03-26,-0.018020135919566853,-0.020908141138360724,-0.008441782720382991,-0.007848241269913523,-0.038318848265911816,0.03356051115297981,0.0039632083058425,-0.03595291880741613
2026-03-27,-0.01719894102480063,-0.009126674618169585,-0.005473090876937977,-0.002413011857227187,0.034492091653875186,0.05749943517409436,0.0010781919050302314,-0.03631346968520713
2026-03-30,-0.003349064243429706,0.002874294192815022,0.01322372705569225,0.006390916460167806,-0.0002894695055479165,0.04433277154758193,0.005016111929840565,0.005308150318369818
2026-03-31,0.028653466042465783,0.03201107639713256,-0.001037616295296215,0.00625867343272061,0.037193492650150234,-0.02007226104500892,-0.007173590833488126,0.022856210162579323
2026-04-01,0.00750622148232205,0.015122423396930365,-0.0009848961220622404,0.0010681917918344565,0.017348463901669588,-0.02514657615582463,-0.0018015189236575597,-0.002270644254019965
2026-04-02,0.0009000692442135715,-0.006205203863216198,0.006125364649595777,0.004224403012149914,-0.019395701723403234,0.10566671436436692,0.004677147139667671,-0.017634149228875802
2026-04-06,0.004715661120724013,0.00498751982121776,-0.0016143411932055265,-0.0015591861196674885,-0.004107092256447038,0.007368409197218994,-0.001077417463097247,0.029044856709546877
2026-04-07,0.0004399773016391101,-0.0014224691715048002,-0.00011542249595494812,0.0011008707953411138,0.009680581273932702,-0.006208962240450797,-0.0028787326039277123,0.043769250088650125
2026-04-08,0.025150609779818547,0.038301320194685254,0.003226540371392645,0.003843322003919473,0.006279313363379332,-0.10288514607212097,-0.007959496096209459,-0.011426386592901714
2026-04-09,0.005752513692051993,-0.002351382428374154,-0.0025342934689869937,0.0,0.007748433781414136,0.01892397448318417,-0.0018178934001522734,0.00902047398791368
2026-04-10,-0.0006619995879319516,0.002253499802704651,-0.0024250963963190573,-0.00265219490272577,-0.0017827733092611521,-0.016999371946035728,-0.0014566283756563656,0.01673607145352826
2026-04-13,0.009724956729963633,0.006146633918548072,0.0030016765398447635,0.0038388254858640887,-0.004057403475821635,0.028822726484401727,-0.0021890331114525034,0.02042056718491473
2026-04-14,0.012111242670247968,0.008040748996909866,0.005288557903098039,0.0032787134180050494,0.02210325929203807,-0.036624279930382024,-0.002193765676800281,-0.004076670658997154
2026-04-15,0.0078600237887659,-0.003189196575253229,-0.004366808791006831,-0.00036380978408753387,-0.010456884729500534,-0.010225719380910322,-0.0010986552638372847,0.00836950468372944
2026-04-16,0.002454297369362188,-0.002908061595815373,-0.006354417440577454,-0.004649706687208955,-0.0008631178955779131,0.02616580541462836,0.002927185446780123,0.004628724487070657
2026-04-17,0.012013236382059651,0.012637003619271402,0.009114577985945869,0.005558878690293451,0.013205474549607812,-0.08107626250574804,-0.00036543865259491934,0.025937296578403095
2026-04-20,-0.0020016695574076216,-0.00393792014531778,-0.0002296566423411991,-9.090785701431936e-05,-0.0086484996289279,0.044496713161959134,-0.0014630915303479133,-0.01639718429916822
2026-04-21,-0.006568474427903533,-0.02218643498327674,-0.005529410774023467,-0.0038244239569623735,-0.02872874757171026,0.05554980374596001,0.005475451578813407,0.006309747501944813
2026-04-22,0.01007576539985774,0.0033399242229659913,0.001961780040862836,0.001914075126756042,0.01315885071808192,0.008926850848102427,0.000363975585095665,0.02394495237334366
2026-04-23,-0.0038882734971482065,-0.007184749771066343,-0.002192763260308729,-0.002735545876747852,-0.009742663076259298,0.04029022465607402,0.0018178934001521992,0.0008417038623198857
2026-04-24,0.007719426373887486,0.005221417642080444,0.0018469034621705002,0.000730206244567342,0.005114015549751456,-0.017370962151208973,-0.0018178934001522734,-0.010449855400701123
2026-04-27,0.0017213241598695744,-0.0038395262660953842,-0.004971430812305595,-0.0028324278202815777,-0.007785532512716458,0.017370962151208945,-0.0010922549467555628,-0.0011456710997517
2026-04-28,-0.004877826001792575,-0.004151416227567093,0.0010426533409336085,0.0004573929578449336,-0.01873736625464264,0.03558267449467462,0.0029101483469078067,-0.013218654490737211
2026-04-29,-0.0001545530367001282,-0.010254445797090946,-0.007787642920169179,-0.005594496130465075,-0.010723068864617815,0.07604529708092983,0.0029017039520063,-0.0075534590417408835
2026-04-30,0.009900455774975739,0.023635210360431366,-0.0009339085858758888,0.0011029561974612205,0.01486229443655377,-0.023781911696473947,-0.009095932985719802,0.006946186875134918
2026-05-01,0.002765286895853703,-0.002152444062350383,0.003569032879497409,0.001612745947339638,-0.0011336522597227192,-0.029599548157848835,0.0018257896853042974,0.02427150989403538
2026-05-04,-0.003670106278149628,-0.013806940806598495,-0.007621559166189021,-0.003228026566785352,-0.02021814296632195,0.03312859340746163,0.0025505459482568628,0.020872076417225494
2026-05-05,0.007990179213504577,0.013219132826774239,0.005516784018111639,0.0036883538638237657,0.008547670573807937,-0.023580518560649796,0.0007275539764437974,0.013675043806522565
2026-05-06,0.013803728106156042,0.026784261642596962,0.007579786949260861,0.004957785638799278,0.029888127796577613,-0.07352657291534424,-0.005469461856830737,0.006165248057273942
2026-05-07,-0.0030708152880456166,-0.018488713432806947,-0.0050078750996093106,-0.004129814312752858,0.0016692975079796522,0.007585967357641448,0.00219136193213004,-0.017561908350902416
2026-05-08,0.008222178062143842,0.010345750511114473,0.0050078750996093175,0.004221343291834699,0.004829858327988968,-0.010277159976775594,-0.002557067870898911,0.0022069548930199264
2026-05-11,0.0022749958288905154,-0.0021184526356588613,-0.00605926200525061,-0.002475558468373102,0.0020266811021026647,0.03724953933638631,0.0003657059387688656,0.019041808768491205
2026-05-12,-0.0015160886733100647,-0.005800465625982953,-0.006684278304315255,-0.003402483858321415,-0.003965060284398247,0.03986956700347129,0.0036496529336312693,-0.015422747705667463
2026-05-13,0.005579255007885031,0.006667681245371129,-0.0022379985898875626,0.0005525848552430606,-0.00562871133052066,-0.015785826121081835,0.0021833875071073255,-0.015028018231235505
2026-05-14,0.007863259651000725,-0.0035699082242099563,0.0014140364873746042,-0.0006446534547078567,-0.007671648257758531,0.006735969452461248,0.003990595109701076,0.022132143698821827
2026-05-15,-0.012102290069018232,-0.016961103171734878,-0.014948605485170565,-0.00637682887032513,-0.023494231397838114,0.03592046244267406,0.00541613943668112,-0.02480277513696735
2026-05-18,-0.0007036831481133525,0.009198640249829993,-0.0011961023168099573,-0.0018559484195031194,0.0027281501848720967,0.007125585390934443,-0.0025238770665827475,-0.02706882128954941
2026-05-19,-0.00668314190839915,-0.007234418946123486,-0.006483405281308728,-0.005028420125164372,-0.016700574279936407,0.024285815102534667,0.0032438359626676904,-0.002644879999712329
2026-05-20,0.010196863400443316,0.016542214034688543,0.010663337335625613,0.007718401667558802,0.01423595990327424,-0.05848991962402911,-0.002161433579099785,0.009167734783614812
2026-05-21,0.0019811333287531405,0.005485790963408758,0.003687597702722708,0.0020359180239221215,-0.00098276274381623,-0.0120639585999337,0.0,0.0010503232153248991
2026-05-22,0.003923846005811892,-0.0020175736163578592,0.005447012642534512,0.0018472765647570765,-0.007631102906282901,-0.011430274492626513,0.0014414746830151036,-0.026806340702622146
2026-05-26,0.006616670069624135,0.01099904822217571,0.004947567778371196,0.003776159493663636,0.0004348594550147071,-0.028211414651336173,-0.0007204776103722499,0.004460827146476261
2026-05-27,-0.00017321858553491748,-0.0034302141382691526,0.002347472625488497,0.0013779941228772214,-0.013398563535697896,-0.04455463052784199,0.0,-0.021705912962599452
